id	surface form	morphological parsing	DULAT	POS	gloss	comments
# KTU 1.4 I:1						
158032		?	?	?	?	
# KTU 1.4 I:2						
158033	y	~y	-y (II)	prep. functor	indeed	
158033	y	y	y	prep. functor	oh!	
# KTU 1.4 I:3						
158034		?	?	?	?	
# KTU 1.4 I:4						
158035	any	!!(ʔ&any[/	/ʔ-n-y/	vb G inf.	to sigh	
158035	any	(ʔ&any[/	/ʔ-n-y/	vb G ptcpl. m. sg. abs. nom.	to sigh	
158036	l	l(I)	l (I)	prep.	to	
158036	l	l(II)	l (II)	adv.	no	
158036	l	l(III)	l (III)	functor	certainly	
158037	yṣḥ	!y!ṣḥ[	/ṣ-ḥ/	vb G prefc. 3 m. sg.	to exclaim	
158038	ṯr	ṯr(I)/	ṯr (I)	n. m. sg. cstr. nom.	bull	
# KTU 1.4 I:5						
158039	il	il(I)/	ỉl (I)	DN m. sg. cstr. gen.	ʾIlu/Ilu/El	
158040	abh	ab/+h	ảb	n. m. cstr. gen.	father	
158041	il	il(I)/	ỉl (I)	DN m. sg. cstr. nom.	ʾIlu/Ilu/El	
158041	il	il(I)/	ỉl (I)	DN m. sg. abs. nom.	ʾIlu/Ilu/El	
158041	il	il(I)/	ỉl (I)	n. m. sg. cstr. nom.	god	
158041	il	il(I)/	ỉl (I)	n. m. sg. abs. nom.	god	
158042	mlk	mlk(I)/	mlk (I)	n. m. sg. abs. nom.	king	
# KTU 1.4 I:6						
158043	d	d	d	det. or rel. functor	the one(s) of	
158044	yknnh	!y!knn[:l+h	/k-n/	vb L prefc. 3 m. sg.	to establish	
158045	yṣḥ	!y!ṣḥ[	/ṣ-ḥ/	vb G prefc. 3 m. sg.	to exclaim	
158046	aṯ	?	?	?	?	DULAT: NOT FOUND
# KTU 1.4 I:7						
158047	rt	rt/	rt	PN sg. abs. nom.	rt	
158048	w	w	w	conj.	and	
158049	bnh	bn(I)/+h	bn (I)	n. m. cstr. nom.	son	
158050		?	?	?	?	
158051	i	i(I)	ỉ (I)	interj.	woe	
158052	lt	lt	lt	?	?	
# KTU 1.4 I:8						
158053	w	w	w	conj.	and	
158054	ṣbrt	ṣbr(t/t	ṣbrt	n. f. sg. cstr. nom.	clan	
158055	aryh	ary(I)/+h	ảry (I)	n. m. sg. cstr. gen.	fellow	
# KTU 1.4 I:9						
158056	wn	w+n	w	conj.	and	
158057	in	in/	ỉn	n. m. sg. cstr. nom.	lack of	
158058	bt	bt(II)/	bt (II)	n. m. sg. abs. gen.	house	
158059	l	l(I)	l (I)	prep.	to	
158060	bˤl	bˤl(II)/	bʕl (II)	n. m. pl. abs. gen.	Baʿlu/Baal	
# KTU 1.4 I:10						
158061	km	km	km	prep./conj./adv.		
158062	ilm	il(I)/m	ỉl (I)	n. m. pl. abs. gen.	god	
158063	w	w	w	conj.	and	
158064	ḥẓr	ḥẓr/	ḥẓr	n. m. sg. abs. nom.	mansion	
# KTU 1.4 I:11						
158065	k	+k	-k (I)			
158065	k	~k	-k (II)			
158065	k	k(III)	k (III)	Subordinating or completive functor	when	
158065	k	k(I)	k (I)	prep.	like	
158065	k	k(II)	k (II)	emph. functor	yes	
158066	bn	bn(I)/	bn (I)	n. m. sg. cstr. nom.	son	
158067	aṯrt	aṯr(t(II)/t	ảṯrt (II)	DN f. sg. cstr. gen.	ʾAṯiratu/Athirat/Asherah/El’s wife	
# KTU 1.4 I:12						
158068	mṯb	mṯb/	mṯb	n. m. sg. cstr. gen.	1) residence	
158069	il	il(I)/	ỉl (I)	DN m. sg. cstr. gen.	ʾIlu/Ilu/El	
158069	il	il(I)/	ỉl (I)	n. m. sg. cstr. gen.	god	
158070	mẓll	mẓll/	mẓll	n. m. sg. cstr. gen.	shelter	
# KTU 1.4 I:13						
158071	bnh	bn(I)/+h	bn (I)	n. m. cstr. gen.	4) special uses b) pl. cstr./suff. bn “sons of” > family	
158072	mṯb	mṯb/	mṯb	n. m. sg. abs. nom.	residence	
158073	rbt	rb(t(I)/t	rbt (I)	n. f. sg. abs. nom.	Lady	
# KTU 1.4 I:14						
158074	aṯrt	aṯr(t(II)/t	ảṯrt (II)	DN f. sg. abs. nom.	ʾAṯiratu/Athirat/Asherah/El’s wife	
158075	ym	ym(II)/	ym (II)	n. m. sg. abs. nom.	sea	
158076	mṯb	mṯb/	mṯb	n. m. sg. abs. nom.	residence	
# KTU 1.4 I:15						
158077	klt	kl(t(I)/t	klt (I)	n. f. sg. abs. nom.	1) bride	DULAT direct ref
158078	knyt	knyt/	knyt	adj. f. pl. abs. nom.	glorious	
# KTU 1.4 I:16						
158079	mṯb	mṯb/	mṯb	n. m. sg. cstr. nom.	residence	
158080	pdry	pdry/	pdry	DN sg. cstr. gen.	Pidray	
158080	pdry	pdr(I)/+y	pdr (I)	n. m. cstr. gen.	town	
158081	bt	b(t(I)/t	bt (I)	n. f. sg. cstr. gen.	daughter	
158082	ar	ar/	ả/ỉr	n. m. sg. cstr. gen.	light	
# KTU 1.4 I:17						
158083	mẓll	mẓll/	mẓll	n. m. sg. cstr. gen.	shelter	
158084	ṭly	ṭl/+y	ṭl	n. m. cstr. gen.	dew	
158084	ṭly	ṭly/	ṭly	DN sg. cstr. gen.	Tallay	
158085	bt	b(t(I)/t	bt (I)	n. f. sg. cstr. gen.	daughter	
158086	rb	rb/	rb(b)	n. m. sg. cstr. gen.	1) drizzle b) bt rb “daugh- ter of drizzle”	DULAT direct ref
# KTU 1.4 I:18						
158087	mṯb	mṯb/	mṯb	n. m. sg. cstr. gen.	residence	
158088	arṣy	arṣ/+y	ảrṣ	n. f. cstr. gen.	earth	
158088	arṣy	arṣy/	ảrṣy	DN sg. cstr. gen.	Arṣay/Arsay	
158089	bt	b(t(I)/t	bt (I)	n. f. sg. cstr. gen.	daughter	
158090	yˤbdr	yˤbdr/	yʕbdr	DN sg. cstr. gen.	Yaʿibdarru/'(Daughter) of the Wide World'/attribute of ảrṣy, daughter of the god bʕl (etym. unc.)	
# KTU 1.4 I:19						
158091	ap	ap(II)/	ảp (II)	n. m. sg. cstr. gen.	nose	
158092	mṯn	mṯn/	mṯn	n. m. sg. cstr. gen.	repetition	DULAT direct ref
158093	rgmm	rgm/m	rgm	n. m. pl. abs. gen.	2) matter	
# KTU 1.4 I:20						
158094	argmk	!(ʔ&a!rgm[+k	/r-g-m/	vb G prefc. 1 c. sg.	to say	
158095	šskn	]š]skn[	/s-k-n/	vb Š impv. 2	to take care of	
158096	mˤ	mˤ(II)	mʕ (II)	adv.	as one	
# KTU 1.4 I:21						
158097	mgn	mgn(I)/	mgn (I)	n. m. sg. cstr. nom.	gift	
158098	rbt	rb(t(I)/t	rbt (I)	n. f. sg. cstr. gen.	Lady	
158099	aṯrt	aṯr(t(II)/t	ảṯrt (II)	DN f. sg. cstr. gen.	ʾAṯiratu/Athirat/Asherah/El’s wife	
158100	ym	ym(II)/	ym (II)	n. m. sg. cstr. gen.	sea	
# KTU 1.4 I:22						
158101	mġẓ	mġẓ/	mġẓ	n. m. cstr. gen.	present	
158102	qnyt	qny[/t	/q-n-y/	vb G act. ptcpl. m. sg. cstr. gen.	to acquire	
158103	ilm	il(I)/m	ỉl (I)	n. m. pl. cstr. gen.	god	
# KTU 1.4 I:23						
158104	hyn	hyn/	hyn	DN sg. abs. gen.	Hayyānu/alt. name of the god kṯr (Kothar)	
158105	ˤly	ˤly[	/ʕ-l-y/	vb G suffc. 3 m. sg.	to go up, rise	
158106	l	l(I)	l (I)	prep.	to	DULAT direct ref
158107	mpḫm	mpḫ/m	mpḫ	n. m. pl. abs. gen.	bellows of the forge	
# KTU 1.4 I:24						
158108	bd	b&d	b	prep.	in	
158109	ḫss	ḫss/	ḫss	DN/element sg. cstr. gen.	Ḫasisu/Khasis	
158110	mṣbṭm	mṣbṭ/m	mṣbṭ	n. m. pl. abs. gen.	handle	
# KTU 1.4 I:25						
158111	yṣq	!y!(yṣq[	/y-ṣ-q/	vb G prefc. 3 m. sg.	to pour (out), serve	
158111	yṣq	yṣq[	/y-ṣ-q/	vb G suffc. 3 m. sg.	to pour (out), serve	
158112	ksp	ksp/	ksp	n. m. sg. abs. nom.	silver	
158113	yšl	?	?	?	?	DULAT: NOT FOUND
# KTU 1.4 I:26						
158114	ḥ	ḥ/	ḥ	n. m. cstr. nom.	life	
158115	ḫrṣ	ḫrṣ/	ḫrṣ	n. m. sg. abs. gen.	1) gold a) in general	
158116	yṣq	!y!(yṣq[	/y-ṣ-q/	vb G prefc. 3 m. sg.	to pour (out)	
158116	yṣq	yṣq[	/y-ṣ-q/	vb G suffc. 3 m. sg.	to pour (out)	
158117	ksp	ksp/	ksp	n. m. sg. abs. nom.	silver	
# KTU 1.4 I:27						
158118	l	l(I)	l (I)	prep.	to	
158119	alpm	alp(II)&m/	ảlp (II)	num. pl. / num. du.	1) (one, a) thousand b) adv.	DULAT direct ref
158120	ḫrṣ	ḫrṣ/	ḫrṣ	n. m. sg. abs. nom.	1) gold a) in general	
158121	yṣq	!y!(yṣq[	/y-ṣ-q/	vb G prefc. 3 m. sg.	to pour (out)	
158121	yṣq	yṣq[	/y-ṣ-q/	vb G suffc. 3 m. sg.	to pour (out)	
# KTU 1.4 I:28						
158122	m	m	m(h)	pers. pn.	what?	
158123	l	l(I)	l (I)	prep.	to	DULAT direct ref
158124	rbbt	rbb(t/t	rb(b)t	num. sg.	ten thousand	
158125	x	?	?	?	?	
158126	x	?	?	?	?	
158127	x	?	?	?	?	
# KTU 1.4 I:29						
158128	yṣq	!y!(yṣq[	/y-ṣ-q/	vb G prefc. 3 m. sg.	to pour (out)	
158128	yṣq	yṣq[	/y-ṣ-q/	vb G suffc. 3 m. sg.	to pour (out)	
158129	ḫym	ḫym/	ḫym	n. m. sg. abs. nom.	canopy	
158130	w	w	w	conj.	and	
158131	tbṯḫ	tbṯḫ/	tbṯḫ	n. m. sg. cstr. nom.	bed	
# KTU 1.4 I:30						
158132	kt	k(t(II)/t	kt (II)	n. f. sg. cstr. gen.	stage	DULAT direct ref
158133	il	il(I)/	ỉl (I)	DN m. sg. abs. gen.	ʾIlu/Ilu/El	DULAT direct ref
158133	il	il(I)/	ỉl (I)	n. m. sg. abs. gen.	1) god i) periphrastic superlative	DULAT direct ref
158134	dt	d+t	d	det. or rel. functor	1) the one(s) of c) specifying value	
158135	rbtm	rbt&m/	rb(b)t	num. du.	ten thousand	
# KTU 1.4 I:31						
158136	kt	k(t(I)/t	kt (I)	n. f. sg. cstr. nom.	pitcher	
158136	kt	k(t(II)/t	kt (II)	n. f. sg. cstr. nom.	stage	
158137	il	il(I)/	ỉl (I)	DN m. sg. cstr. gen.	ʾIlu/Ilu/El	
158137	il	il(I)/	ỉl (I)	n. m. sg. cstr. gen.	god	
158138	nbt	nb(t/t	nbt	n. f. sg. abs. gen.	honey	
158139	b	b	b	prep.	1) spatial location e) material	
158140	ksp	ksp/	ksp	n. m. sg. abs. gen.	1) silver c) treatment	
# KTU 1.4 I:32						
158141	šmrḫt	?	?	?	?	DULAT candidates (no reconstructable encoding): /m-r-ḫ/ - 1) to be coated
158142	b	b	b	prep.	in	
158143	dm	dm(II)/	dm (II)	n. m. sg. cstr. gen.	blood	DULAT direct ref
158144	ḫrṣ	ḫrṣ/	ḫrṣ	n. m. sg. cstr. gen.	1) gold b) in craftwork	
# KTU 1.4 I:33						
158145	kḥṯ	kḥṯ/	kḥṯ	n. m. sg. cstr. gen.	throne	
158146	il	il(I)/	ỉl (I)	DN m. sg. cstr. gen.	ʾIlu/Ilu/El	
158146	il	il(I)/	ỉl (I)	n. m. sg. cstr. gen.	god	
158147	nḫt	nḫ(t/t	nḫt	n. f. sg. cstr. gen.	divan	
# KTU 1.4 I:34						
158148	bẓr	bẓr/	bẓr	n. m. sg. cstr. gen.	refined gold	
158149	hdm	hdm/	hdm	n. m. sg. abs. gen.	footstool	
158150	id	id	ỉd	conj.	when	
# KTU 1.4 I:35						
158151	d	d	d	det. or rel. functor	2) which	
158152	prša	prš[a	/p-r-š/	vb G suffc.	to extend, apply a coat of a material, resurface	
158153	b	b	b	prep.	in	
158154	br	br/	br(r)	n. m. sg. cstr. gen.	1) tin c) transport	DULAT direct ref
# KTU 1.4 I:36						
158155	nˤl	nˤl/	nʕl	n. m. pl. cstr. gen.	portable platform	DULAT direct ref
158156	il	il(I)/	ỉl (I)	DN m. sg. abs. gen.	ʾIlu/Ilu/El	
158156	il	il(I)/	ỉl (I)	n. m. sg. abs. gen.	god	
158157	d	d	d	det. or rel. functor	1) the one(s) of a) det. of quality	
158158	qblbl	qblbl/	qblbl	n. m. sg. abs. nom.	junction	
# KTU 1.4 I:37						
158159	ˤln	ˤl(I)+n	ʕl (I)	prep.	1) spatial location or pre-eminence a) upon	
158160	yblhm	ybl(II)/+hm	ybl (II)	n. m. pl. cstr. nom.	rod	
158161	ḫrṣ	ḫrṣ/	ḫrṣ	n. m. sg. abs. nom.	1) gold b) in craftwork	
# KTU 1.4 I:38						
158162	ṯlḥn	ṯlḥn/	ṯlḥn	n. m. sg. cstr. nom.	table	DULAT direct ref
158162	ṯlḥn	ṯlḥn/	ṯlḥn	n. m. sg. abs. nom.	table	DULAT direct ref
158163	il	il(I)/	ỉl (I)	DN m. sg. cstr. nom.	ʾIlu/Ilu/El	
158163	il	il(I)/	ỉl (I)	DN m. sg. abs. nom.	ʾIlu/Ilu/El	
158163	il	il(I)/	ỉl (I)	n. m. sg. cstr. nom.	god	
158163	il	il(I)/	ỉl (I)	n. m. sg. abs. nom.	god	
158164	d	d	d	det. or rel. functor	2) which	
158165	mla	ml(ʔ&a[	/m-l-ʔ/	vb G suffc. 3 m. sg.	to be full	DULAT quote in d (cue: full)
# KTU 1.4 I:39						
158166	mnm	mnm	mnm	indef. pn.	any(thing)	
158167	dbbm	dbb(I)/m	dbb (I)	n. m. pl. abs. nom.	beast	DULAT direct ref
158168	d	d	d	det. or rel. functor	the one(s) of	
# KTU 1.4 I:40						
158169	m	m	m(h)	pers. pn.	what?	
158170	sdt	?	?	?	?	DULAT: NOT FOUND
158171	arṣ	arṣ/	ảrṣ	n. f. sg. cstr. nom.	3) lower world	
# KTU 1.4 I:41						
158172	ṣˤ	ṣˤ(I)/	ṣʕ (I)	n. m. sg. cstr. gen.	plate / wide bowl / platter	
158173	il	il(I)/	ỉl (I)	DN m. sg. abs. gen.	ʾIlu/Ilu/El	
158173	il	il(I)/	ỉl (I)	n. m. sg. abs. gen.	god	
158174	dqt	dq(t(I)/t	dqt (I)	adj. f. sg. abs. nom.	small	
158174	dqt	dq(t(I)/t=	dqt (I)	adj. f. pl. abs. nom.	small	
158175	k	k(I)	k (I)	prep.	like	DULAT direct ref
158176	amr	amr(I)/	ảmr (I)	n. m. sg. cstr. gen.	order	
# KTU 1.4 I:42						
158177	sknt	skn(t/t	sknt	n. f. sg. abs. gen.	form	
158178	k	+k	-k (I)			
158178	k	~k	-k (II)			
158178	k	k(III)	k (III)	Subordinating or completive functor	when	
158178	k	k(I)	k (I)	prep.	like	
158178	k	k(II)	k (II)	emph. functor	yes	
158179	ḥwt	ḥw(t/t	ḥwt	n. f. sg. cstr. nom.	1) country	
158180	yman	yman/	ymản	TN sg. abs. gen.	Ionia	
# KTU 1.4 I:43						
158181	d	d	d	det. or rel. functor	2) which	
158182	bh	b+h	b	prep.	in	
158183	rumm	rum/m	rủm	n. m. pl. abs. nom.	wild bull	
158184	l	l(I)	l (I)	prep.	to	
158185	rbbt	rbb(t/t	rb(b)t	num. sg.	ten thousand	
# KTU 1.4 II:1						
158186	xb	?	?	?	?	DULAT: NOT FOUND
158187	xxx	?	?	?	?	
158188	xxx	?	?	?	?	
158189	xxx	?	?	?	?	
# KTU 1.4 II:2						
158190	l	l(I)	l (I)	prep.	to	
158191	abn	abn/	ảbn	n. f. sg. abs. gen.	3) weight	DULAT direct ref
158192		?	?	?	?	
# KTU 1.4 II:3						
158193	aḫdt	(ʔ&aḫd[t	/ʔ-ḫ-d(/ḏ)/	vb G suffc. 1 c. sg.	to collect, to take (back), grasp, seize, hold	
158194	plkh	plk/+h	plk	n. m. cstr. nom.	spindle	
158195	b	b	b	prep.	in	
158196	ydh	yd(I)/+h	yd (I)	n. f. cstr. gen.	hand	
# KTU 1.4 II:4						
158197	plk	plk/	plk	n. m. sg. abs. nom.	spindle	
158198	tˤlt	tˤl(t/t	tʕlt	n. f. sg. abs. nom.	superior power	
158199	b	b	b	prep.	in	
158200	ymnh	ymn(I)/+h	ymn (I)	n. m. cstr. gen.	1) right (side) a) right (hand)	
# KTU 1.4 II:5						
158201	npynh	npyn/+h	npyn	n. m. sg. cstr. nom.	tunic	
158202	mks	mks/	mks	n. m. sg. abs. nom.	blanket	
158203	bšrh	bšr/+h	bšr	n. m. cstr. nom.	1) flesh	
# KTU 1.4 II:6						
158204	tmtˤ	!t!mtˤ[	/m-t-ʕ/	vb G prefc. 3 f. sg.	to remove, shed	
158204	tmtˤ	!t=!mtˤ[	/m-t-ʕ/	vb G prefc. 2 m. sg.	to remove, shed	
158204	tmtˤ	!t==!mtˤ[	/m-t-ʕ/	vb G prefc. 2 f. sg.	to remove, shed	
158204	tmtˤ	!t!mtˤ[	/m-t-ʕ/	vb G prefc. 3 m. du.	to remove, shed	
158204	tmtˤ	!t!mtˤ[:w	/m-t-ʕ/	vb G prefc. 3 m. pl.	to remove, shed	
158204	tmtˤ	!t===!mtˤ[	/m-t-ʕ/	vb G prefc. 2 m. pl.	to remove, shed	
158205	mdh	md(I)/+h	md (I)	n. f. sg. cstr. nom.	cape	
158206	b	b	b	prep.	in	
158207	ym	ym(II)/	ym (II)	n. m. sg. abs. gen.	1) sea	DULAT direct ref
158208	ṯn	ṯn(I)/	ṯn (I)	num.	2) double	
# KTU 1.4 II:7						
158209	npynh	npyn/+h	npyn	n. m. sg. cstr. nom.	tunic	
158210	b	b	b	prep.	in	
158211	nhrm	nhr/+m(I)	nhr	n. m. cstr. gen.	1) river	
# KTU 1.4 II:8						
158212	štt	št[t	/š-t/	vb G suffc. 1 c. sg.	to place, set, set up, leave	
158212	štt	št[t:pass	/š-t/	vb Gpass suffc. 1 c. sg.	to cause, leave (in a condition)	
158213	ḫptr	ḫptr/	ḫptr	n. m. sg. abs. nom.	cooking pot	
158214	l	l(I)	l (I)	prep.	to	
158215	išt	iš(t/t	ỉšt	n. f. sg. cstr. gen.	1) fire	
# KTU 1.4 II:9						
158216	ḫbrṯ	ḫbrṯ/	ḫbrṯ	n. f. sg. abs. gen.	stewpot	
158217	l	l(I)	l (I)	prep.	to	
158218	ẓr	ẓr(I)/	ẓr (I)	n. m. cstr. gen.	upon	
158219	pḥmm	pḥm/m	pḥm	n. m. pl. abs. gen.	1) ember	
# KTU 1.4 II:10						
158220	tˤpp	?	?	?	?	DULAT: NOT FOUND
158221	ṯr	ṯr(I)/	ṯr (I)	n. m. sg. cstr. nom.	bull	DULAT direct ref
158222	il	il(I)/	ỉl (I)	DN m. sg. abs. gen.	ʾIlu/Ilu/El	
158223	d	d	d	det. or rel. functor	the one(s) of	
158224	pid	pid/	pỉd	n. m. sg. abs. nom.	heart	
# KTU 1.4 II:11						
158225	tġzy	?	?	?	?	DULAT: NOT FOUND
158226	bny	bny/	bny	n. m. sg. cstr. nom.	architect	DULAT direct ref
158227	bnwt	bn&w(t(II)/t=	bnt (II)	n. f. pl. abs. gen.	2) creature	
# KTU 1.4 II:12						
158228	b	b	b	prep.	in	
158229	nši	nš(ʔ[/&i	/n-š-ʔ/	vb G act. ptcpl. m. sg. cstr. gen.	to raise	
158230	ˤnh	ˤn(I)/+h	ʕn (I)	n. f. cstr. gen.	1) eye a) ʕn bʕl qdm ydh the eye(/s) of DN precede(s) his hands	
158231	w	w	w	conj.	3) in the correlation protasis-apodosis	
158232	tphn	!t!ph(y[+n	/p-h-y/	vb G prefc.	to see	
# KTU 1.4 II:13						
158233	hlk	hlk(I)/	hlk (I)	n. m. sg. cstr. nom.	walk	DULAT direct ref
158234	bˤl	bˤl(II)/	bʕl (II)	n. m. pl. abs. gen.	Baʿlu/Baal	
158234	bˤl	bˤl(II)/	bʕl (II)	n. m. sg. abs. gen.	Baʿlu/Baal	
158235	aṯtrt	?	?	?	?	DULAT: NOT FOUND
# KTU 1.4 II:14						
158236	k	k(II)	k (II)	emph. functor	yes	DULAT direct ref
158237	tˤn	!t!ˤn(y[	/ʕ-n-y/ (I)	vb G prefc. 3 f. sg.	to answer	
158237	tˤn	!t=!ˤn(y[	/ʕ-n-y/ (I)	vb G prefc. 2 m. sg.	to answer	
158237	tˤn	!t==!ˤn(y[	/ʕ-n-y/ (I)	vb G prefc. 2 f. sg.	to answer	
158237	tˤn	!t!ˤn(y[	/ʕ-n-y/ (I)	vb G prefc. 3 m. du.	to answer	
158237	tˤn	!t!ˤn(y[:w	/ʕ-n-y/ (I)	vb G prefc. 3 m. pl.	to answer	
158237	tˤn	!t===!ˤn(y[	/ʕ-n-y/ (I)	vb G prefc. 2 m. pl.	to answer	
158237	tˤn	!t!ˤn[	/ʕ-n/	vb G prefc.	to see	
158237	tˤn	!t!ˤn(w[	/ʕ-n-w/	vb G prefc. 3 f. sg.	to be / remain depressed	
158237	tˤn	!t=!ˤn(w[	/ʕ-n-w/	vb G prefc. 2 m. sg.	to be / remain depressed	
158237	tˤn	!t==!ˤn(w[	/ʕ-n-w/	vb G prefc. 2 f. sg.	to be / remain depressed	
158237	tˤn	!t!ˤn(w[	/ʕ-n-w/	vb G prefc. 3 m. du.	to be / remain depressed	
158237	tˤn	!t!ˤnw[:w	/ʕ-n-w/	vb G prefc. 3 m. pl.	to be / remain depressed	
158237	tˤn	!t!ˤn(w[:w	/ʕ-n-w/	vb G prefc. 3 m. pl.	to be / remain depressed	
158237	tˤn	!t===!ˤn(w[	/ʕ-n-w/	vb G prefc. 2 m. pl.	to be / remain depressed	
158238	hlk	hlk[/	/h-l-k/	vb G act. ptcpl. m. sg. cstr. nom.	to go	
158239	btlt	btl(t/t	btlt	n. f. sg. cstr. gen.	virgin	
# KTU 1.4 II:15						
158240	ˤnt	ˤn(t(I)/t	ʕnt (I)	DN f. sg. cstr. gen.	ʿAnatu/Anat	
158241	tdrq	tdrq/	tdrq	n. m. sg. cstr. gen.	nimble step	
158242	ybmt	ybm(t/t	ybmt	n. f. sg. cstr. gen.	widow sister-in-law	
# KTU 1.4 II:16						
158243	limm	lim(I)/m	lỉm (I)	n. m. pl. abs. gen.	people	
158244	bh	b+h	b	prep.	in	
158245	pˤnm	pˤn/m	pʕn	n. f. pl. abs. nom.	foot	
# KTU 1.4 II:17						
158246	tṭṭ	!t!(nṭṭ[	/n-ṭ-ṭ/	vb G prefc.	to shake	
158247	bˤdn	bˤd+n	bʕd	adv. or prep.	behind	
158248	ksl	ksl/	ksl	n. f. sg. abs. nom.	back	
# KTU 1.4 II:18						
158249	tṯbr	!t!(]n]ṯbr[:w	/ṯ-b-r/	vb N prefc. 3 m. pl.	to break	
158250	ˤln	ˤl(I)+n	ʕl (I)	prep.	upon	
158251	pnh	pn(m&/+h	pnm	n. m. pl. cstr. nom.	face	
158252	tdˤ	!t!(ydˤ[:w	/y-d-ʕ/ (I)	vb G prefc. 3 m. pl.	to know	
# KTU 1.4 II:19						
158253	tġṣ	!t!(nġṣ[	/n-ġ-ṣ/	vb G prefc.	to contract	
158254	pnt	pnt/	pnt	n. f. pl. cstr. nom.	knuckle	
158255	kslh	ksl/+h	ksl	n. f. cstr. gen.	back	
# KTU 1.4 II:20						
158256	anš	(ʔ&anš[	/ʔ-n-š/	vb G suffc. 3 m. sg.	to languish	
158256	anš	anš/	ảnš	n. m. pl. cstr. nom.	muscle	
158257	dt	d+t	d	det. or rel. functor	the one(s) of	
158258	ẓrh	ẓr(I)/+h	ẓr (I)	n. m. cstr. nom.	back	
# KTU 1.4 II:21						
158259	tšu	!t!(nš(ʔ[&u	/n-š-ʔ/	vb G prefc.	to raise	
158260	gh	g/+h	g	n. m. sg. cstr. nom.	(loud) voice	
158261	w	w	w	conj.	and	
158262	tṣḥ	!t!ṣḥ[	/ṣ-ḥ/	vb G prefc.	to exclaim	
158263	ik	ik	ỉk	interr. functor	how?	
# KTU 1.4 II:22						
158264	mġy	mġy[	/m-ġ-y/	vb G suffc. 3 m. sg.	to come, arrive	
158264	mġy	!!mġy[/	/m-ġ-y/	vb G inf.	to come, arrive	
158265	aliyn	aliyn/	ảlỉyn	adj. m. sg. abs. nom.	The Very / Most Powerful	
158266	bˤl	bˤl(II)/	bʕl (II)	DN m. sg. abs. nom.	Baʿlu/Baal	
# KTU 1.4 II:23						
158267	ik	ik	ỉk	interr. functor	how?	
158268	mġyt	mġy[t	/m-ġ-y/	vb G suffc. 1 c. sg.	to come	
158269	btlt	btl(t/t	btlt	n. f. sg. cstr. nom.	virgin	
# KTU 1.4 II:24						
158270	ˤnt	ˤn(t(I)/t	ʕnt (I)	DN f. sg. cstr. gen.	ʿAnatu/Anat	
158271	mḫṣy	mḫṣ[/y	/m-ḫ-ṣ/	vb G act. ptcpl. m. sg. abs. gen.	to wound, beat, crush, kill	
158272	hm	hm(I)	hm (I)	pers. pn.	1) they	DULAT direct ref
158273	mḫṣ	mḫṣ[/	/m-ḫ-ṣ/	vb G act. ptcpl. m. sg. cstr. nom.	to wound, beat, crush, kill	DULAT direct ref
# KTU 1.4 II:25						
158274	bny	bn(I)/+y	bn (I)	n. m. cstr. gen.	4) special uses b) pl. cstr./suff. bn “sons of” > family	DULAT direct ref
158275	hm	hm(II)	hm (II)	conj./interr. functor	if	
158275	hm	hm(I)	hm (I)	pers. pn.	they	
158276	mkly	mkly[/	/k-l-y/	vb D act. ptcpl. m. sg. cstr. nom.	to finish (off), destroy, drain	
158277	ṣbrt	ṣbr(t/t	ṣbrt	n. f. sg. cstr. gen.	clan	
# KTU 1.4 II:26						
158278	aryy	ary(I)&y/	ảry (I)	n. m. sg. cstr. gen.	fellow	
158279	ẓl	ẓl(I)/	ẓl (I)	n. m. sg. cstr. gen.	2) reflection	
158280	ksp	ksp/	ksp	n. m. sg. cstr. gen.	1) silver a) 4.738	
158281	aṯrt	aṯr(t(I)/t	ảṯrt (I)	n. f. sg. abs. gen.	back part (of the head)	
# KTU 1.4 II:27						
158282	k	k(III)	k (III)	Subordinating or completive functor	when	DULAT quote in /ʕ-n/ (cue: when)
158283	tˤn	!t!ˤn[	/ʕ-n/	vb G prefc.	to see, look (at), watch, spy	DULAT direct ref
158284	ẓl	ẓl(I)/	ẓl (I)	n. m. sg. cstr. nom.	shade	
158285	ksp	ksp/	ksp	n. m. sg. abs. gen.	silver	
158286	w	w	w	conj.	and	
158287	nr	nr/	nr	n. m. sg. cstr. nom.	1) sheen	DULAT direct ref
# KTU 1.4 II:28						
158288	ḫrṣ	ḫrṣ/	ḫrṣ	n. m. sg. abs. gen.	1) gold a) in general	
158289	šmḫ	šmḫ[	/š-m-ḫ/	vb G suffc. 3 m. sg.	to be glad	
158289	šmḫ	!!šmḫ[/	/š-m-ḫ/	vb G inf.	to be glad	
158290	rbt	rb(t(I)/t	rbt (I)	n. f. sg. cstr. nom.	Lady	
158291	aṯrt	aṯr(t(II)/t	ảṯrt (II)	DN f. sg. cstr. gen.	ʾAṯiratu/Athirat/Asherah/El’s wife	
# KTU 1.4 II:29						
158292	ym	ym(II)/	ym (II)	n. m. sg. cstr. gen.	sea	
158293	gm	g/~m	g	n. m. sg. abs. gen.	(loud) voice	
158294	l	l(I)	l (I)	prep.	to	
158295	ġlmh	ġlm/+h	ġlm	n. m. cstr. gen.	1) boy	
158296	k	+k	-k (I)			
158296	k	~k	-k (II)			
158296	k	k(III)	k (III)	Subordinating or completive functor	when	
158296	k	k(I)	k (I)	prep.	like	
158296	k	k(II)	k (II)	emph. functor	yes	
158297	tṣḥ	!t!ṣḥ[	/ṣ-ḥ/	vb G prefc.	to exclaim	
# KTU 1.4 II:30						
158298	ˤn	ˤn[	/ʕ-n/	vb G impv. 2	to see, look (at), watch, spy	DULAT direct ref
158299	mkṯr	mkṯr/	mkṯr	n. m. sg. cstr. nom.	expert	
158300	apq	apq/	ảpq	n. m. sg. cstr. gen.	spring	
158301	ym	ym(II)/	ym (II)	n. m. sg. cstr. gen.	sea	DULAT quote in ảpq (cue: sea)
# KTU 1.4 II:31						
158302	dgy	dgy/	dgy	n. m. du. cstr. gen.	triton	
158303	rbt	rb(t(I)/t	rbt (I)	n. f. sg. cstr. gen.	Lady	
158304	aṯrt	aṯr(t(II)/t	ảṯrt (II)	DN f. sg. cstr. gen.	ʾAṯiratu/Athirat/Asherah/El’s wife	
158305	ym	ym(II)/	ym (II)	n. m. sg. abs. gen.	sea	
# KTU 1.4 II:32						
158306	qḥ	!!(lqḥ[	/l-q-ḥ/	vb G impv. 2	to get hold of, take, grasp	
158307	rṯt	rṯ(t/t	rṯt	n. f. sg. abs. nom.	net	
158308	bdk	bd(IV)+k	bd (IV)	prep.	1) into the hands of	
158309	t	/t, /t=				DULAT: NOT FOUND
158309	t	[t, [t=, [t==, [t===				DULAT: NOT FOUND
# KTU 1.4 II:33						
158310	rbt	rb(t(II)/t	rbt (II)	n. f. sg. abs. nom.	seine	DULAT direct ref
158311	ˤl	ˤl(I)	ʕl (I)	prep.	1) spatial location or pre-eminence b) in	DULAT direct ref
158312	ydm	yd(I)/m	yd (I)	n. f. pl. abs. gen.	hand	
# KTU 1.4 II:34						
158313	b	b	b	prep.	in	
158314	mdd	mdd(I)/	mdd (I)	n. m. sg. cstr. gen.	beloved	
158315	il	il(I)/	ỉl (I)	DN m. sg. cstr. gen.	ʾIlu/Ilu/El	
158315	il	il(I)/	ỉl (I)	n. m. sg. cstr. gen.	god	
158316	ym	ym(I)/	ym (I)	n. m. sg. abs. gen.	day	
158316	ym	ym(II)/	ym (II)	n. m. sg. abs. gen.	sea	
# KTU 1.4 II:35						
158317	b	b	b	prep.	in	
158318	ym	ym(I)/	ym (I)	n. m. sg. cstr. gen.	day	
158318	ym	ym(II)/	ym (II)	n. m. sg. cstr. gen.	sea	
158319	il	il(I)/	ỉl (I)	DN m. sg. cstr. gen.	ʾIlu/Ilu/El	
158319	il	il(I)/	ỉl (I)	n. m. sg. cstr. gen.	god	
158320	dn	dn(I)/	dn (I)	n. m. sg. cstr. gen.	judgment	
# KTU 1.4 II:36						
158321	hr	hr(II)/	hr (II)	n. m. sg. cstr. gen.	conception	
158322	il	il(I)/	ỉl (I)	DN m. sg. abs. gen.	ʾIlu/Ilu/El	
158322	il	il(I)/	ỉl (I)	n. m. sg. abs. gen.	god	
158323	y	~y	-y (II)	prep. functor	indeed	
158323	y	y	y	prep. functor	oh!	
# KTU 1.4 II:37						
158324	aliyn	aliyn/	ảlỉyn	adj. m. sg. abs. nom.	The Very / Most Powerful	
158325	bˤl	bˤl(II)/	bʕl (II)	DN m. sg. cstr. nom.	Baʿlu/Baal	
# KTU 1.4 II:38						
158326	btlt	btl(t/t	btlt	n. f. sg. cstr. gen.	virgin	
158327	ˤnt	ˤn(t(I)/t	ʕnt (I)	DN f. sg. abs. gen.	ʿAnatu/Anat	
# KTU 1.4 II:39						
158328	mh	m&h	m(h)	pers. pn.	2) anything	DULAT direct ref
158329	kx	?	?	?	?	DULAT: NOT FOUND
# KTU 1.4 II:40						
158330	w	w	w	conj.	and	
158331	at	at(I)	ảt (I)	pers. pn.	you	
# KTU 1.4 II:41						
158332	aṯrt	aṯr(t(I)/t	ảṯrt (I)	n. f. sg. abs. nom.	back part (of the head)	
# KTU 1.4 II:42						
158333	b	b	b	prep.	in	
158334	im	im	ỉm	conj.	if	
# KTU 1.4 II:43						
158335	bl	bl(I)	bl (I)	adv. or emph. functor	no	
158335	bl	bl(II)	bl (II)	prep.	without	
158335	bl	bl(III)/	bl (III)	n. m. sg. abs. nom.	blended beer	
158336	lx	?	?	?	?	DULAT: NOT FOUND
# KTU 1.4 II:44						
158337	mlk	mlk(I)/	mlk (I)	n. m. sg. abs. nom.	king	
# KTU 1.4 II:45						
158338	dt	d+t	d	det. or rel. functor	the one(s) of	
158339		?	?	?	?	
# KTU 1.4 II:46						
158340	b	b	b	prep.	in	
158341	ṭ	?	?	?	?	DULAT: NOT FOUND
# KTU 1.4 II:47						
158342	gt	g(t/t	gt	n. f. sg. abs. nom.	gittu	
158343		?	?	?	?	
# KTU 1.4 II:48						
158344	yx	?	?	?	?	DULAT: NOT FOUND
# KTU 1.4 III:1						
158345	xh	?	?	?	?	DULAT: NOT FOUND
# KTU 1.4 III:2						
158346	tdn	!t!dn[	/d-n/	vb G prefc.	to judge	
# KTU 1.4 III:3						
158347	mdd	mdd(I)/	mdd (I)	n. m. sg. abs. nom.	beloved	
# KTU 1.4 III:4						
158348	xn	?	?	?	?	DULAT: NOT FOUND
158349	kb	kb(II)/	kb (II)	n. m. abs. nom.	intestine(s)	
# KTU 1.4 III:5						
158350	x	?	?	?	?	
158351	al	al(I)	ảl (I)	neg. functor	no	DULAT direct ref
158352	yns	!y!ns[	/n-s/	vb G prefc. 3 m. sg.	to flee	
# KTU 1.4 III:6						
158353	x	?	?	?	?	
158354	ysdk	ysd+k	ysd	?		
# KTU 1.4 III:7						
158355	xxxxx	?	?	?	?	
158356	w	w	w	conj.	and	
158357	dr	dr/	dr	n. m. pl. cstr. nom.	circle	
158357	dr	dr/	dr	n. m. sg. cstr. nom.	circle	
158358	dr	dr/	dr	n. m. pl. abs. gen.	circle	
158358	dr	dr/	dr	n. m. sg. abs. gen.	circle	
# KTU 1.4 III:8						
158359	xxxx	?	?	?	?	
158360		?	?	?	?	
158361	ḥyk	ḥy(m&/+k	ḥym	n. m. pl. cstr. nom.	life	
158362	w	w	w	conj.	and	
158363	rḥ	rḥ(I)/	rḥ (I)	n. f. sg. abs. nom.	2) gust	
158364	d	d	d	det. or rel. functor	the one(s) of	
# KTU 1.4 III:9						
158365	xxxxy	?	?	?	?	DULAT: NOT FOUND
158366	ilm	il(I)/m	ỉl (I)	n. m. pl. abs. nom.	god	
158367	d	d	d	det. or rel. functor	4) in compound conjunctions	
158368	mlk	mlk(I)/	mlk (I)	n. m. sg. abs. nom.	king	
# KTU 1.4 III:10						
158369	yṯb	!y!ṯb[	/ṯ-b/	vb G prefc. 3 m. sg.	to return, turn round, go back, make one’s way, go through	DULAT direct ref
158369	yṯb	&yṯb[	/ṯ-b/	vb G suffc. 3 m. sg.	to return, turn round, go back, make one’s way, go through	DULAT direct ref
158370	aliyn	aliyn/	ảlỉyn	adj. m. sg. abs. nom.	The Very / Most Powerful	
158371	bˤl	bˤl(II)/	bʕl (II)	DN m. sg. abs. nom.	Baʿlu/Baal	
# KTU 1.4 III:11						
158372	ytˤdd	?	?	?	?	DULAT candidates (no reconstructable encoding): /ʕ-d(-d)/ - to declare
158373	rkb	rkb(I)/	rkb (I)	n. m. sg. cstr. nom.	Charioteer	
158374	ˤrpt	ˤrp(t/t	ʕrpt	n. f. sg. cstr. gen.	cloud(s)	
158374	ˤrpt	ˤrp(t/t=	ʕrpt	n. f. pl. cstr. gen.	cloud(s)	
# KTU 1.4 III:12						
158375	qm	qm[/	/q-m/	vb G act. ptcpl. m. sg. abs. gen.	to stand up	
158376	ydd	ydd(I)/	ydd (I)	adj. m. sg. abs. nom.	loved	
158377	w	w	w	conj.	and	
158378	yqlṣn	!y!qlṣ[+n	/q-l-ṣ/	vb G prefc. 3 m. sg.	to resist, stand up to, oppose	
158378	yqlṣn	!y!qlṣ[:d+n	/q-l-ṣ/	vb D prefc. 3 m. sg.	to resist, stand up to, oppose	
# KTU 1.4 III:13						
158379	yqm	!y!qm[	/q-m/	vb G prefc. 3 m. sg.	to stand up	
158380	w	w	w	conj.	3) in the correlation protasis-apodosis	
158381	ywpṯn	!y!wpṯ[:d+n	/w-p-ṯ/	vb D prefc. 3 m. sg.	to spit	
158382	b	b	b	prep.	in	
158383	tk	tk/	tk	n. m. cstr. gen.	1) in	
# KTU 1.4 III:14						
158384	pḫr	pḫr(I)/	pḫr (I)	n. m. sg. cstr. gen.	1) assembly a) Assembly	
158385	bn	bn(I)/	bn (I)	n. m. cstr. gen.	son	
158385	bn	bn(I)/	bn (I)	n. m. sg. cstr. gen.	son	
158386	ilm	il(I)/m	ỉl (I)	n. m. pl. abs. gen.	god	
158387	štt	št[t	/š-t/	vb G suffc. 1 c. sg.	to place, set, set up, leave	
158387	štt	št[t:pass	/š-t/	vb Gpass suffc. 1 c. sg.	to cause, leave (in a condition)	
# KTU 1.4 III:15						
158388	pglt	pgl(t/t	pglt	n. f. sg. abs. nom.	unclean offering	
158389	b	b	b	prep.	in	
158390	ṯlḥny	ṯlḥn/+y	ṯlḥn	n. m. cstr. gen.	table	DULAT direct ref
158391	qlt	ql[t	/q-l/	vb G suffc. 1 c. sg.	to fall (down)	
# KTU 1.4 III:16						
158392	b	b	b	prep.	in	
158393	ks	ks(I)/	ks (I)	n. m. sg. abs. gen.	cup	DULAT direct ref
158394	ištynh	!(ʔ&i!šty[+nh	/š-t-y/	vb G prefc. 1 c. sg.	to drink	
# KTU 1.4 III:17						
158395	dm	dm(I)	dm (I)	functor	since	DULAT direct ref
158396	ṯn	ṯn(I)/	ṯn (I)	num.	1) the numeral two b) ge	
158397	dbḥm	dbḥ/m	dbḥ	n. m. pl. abs. nom.	1) sacrifice	
158398	šna	šn(ʔ&a[	/š-n-ʔ/	vb G suffc. 3 m. sg.	to hate, loathe	
158399	bˤl	bˤl(II)/	bʕl (II)	n. m. pl. cstr. nom.	Baʿlu/Baal	
158399	bˤl	bˤl(II)/	bʕl (II)	n. m. sg. abs. nom.	Baʿlu/Baal	
158400	ṯlṯ	ṯlṯ(I)/	ṯlṯ (I)	num.	1) the numeral three a) elliptical syntagms	DULAT direct ref
# KTU 1.4 III:18						
158401	rkb	rkb(I)/	rkb (I)	n. m. sg. cstr. nom.	Charioteer	
158402	ˤrpt	ˤrp(t/t	ʕrpt	n. f. sg. cstr. gen.	cloud(s)	
158402	ˤrpt	ˤrp(t/t=	ʕrpt	n. f. pl. cstr. gen.	cloud(s)	
158403	dbḥ	dbḥ/	dbḥ	n. m. sg. cstr. gen.	1) sacrifice	DULAT direct ref
# KTU 1.4 III:19						
158404	bṯt	bṯ(t(I)/t	bṯt (I)	n. f. sg. abs. gen.	shame	DULAT direct ref
158405	w	w	w	conj.	and	
158406	dbḥ	dbḥ/	dbḥ	n. m. sg. cstr. nom.	sacrifice	
158406	dbḥ	dbḥ/	dbḥ	n. m. sg. abs. nom.	sacrifice	
158406	dbḥ	dbḥ[	/d-b-ḥ/	vb G suffc. 3 m. sg.	to sacrifice	
158406	dbḥ	dbḥ[	/d-b-ḥ/	vb G impv. 2	to sacrifice	
158406	dbḥ	dbḥ[/	/d-b-ḥ/	vb G act. ptcpl. m. sg. abs. nom.	to sacrifice	
158407	w	w	w	conj.	and	
158408	dbḥ	dbḥ/	dbḥ	n. m. sg. cstr. nom.	sacrifice	
158408	dbḥ	dbḥ[/	/d-b-ḥ/	vb G act. ptcpl. m. sg. cstr. nom.	to sacrifice	
# KTU 1.4 III:20						
158409	dnt	dn(t(II)/t	dnt (II)	n. f. sg. abs. gen.	plight	
158410	w	w	w	conj.	and	
158411	dbḥ	dbḥ/	dbḥ	n. m. sg. cstr. nom.	sacrifice	
158411	dbḥ	dbḥ[/	/d-b-ḥ/	vb G act. ptcpl. m. sg. cstr. nom.	to sacrifice	
158412	tdmm	tdmm/	tdmm	n. m. sg. cstr. gen.	lascivious	
# KTU 1.4 III:21						
158413	amht	am&ht(I)/	ảmt (I)	n. f. pl. abs. gen.	1) female slave	
158414	k	k(II)	k (II)	emph. functor	yes	DULAT quote in bṯt (I) (cue: yes)
158415	bh	b+h	b	prep.	in	
158416	bṯt	bṯ(t(I)/t	bṯt (I)	n. f. sg. abs. nom.	shame	DULAT direct ref
158417	l	l(III)	l (III)	functor	certainly	DULAT direct ref
158418	tbṭ	!t!(nbṭ[	/n-b-ṭ/	vb G prefc.	to appear, arise, be obvious	
# KTU 1.4 III:22						
158419	w	w	w	conj.	and	
158420	bh	b+h	b	prep.	in	
158421	tdmmt	tdmm(t/t	tdmmt	n. f. sg. abs. nom.	lasciviousness	
158422	amht	am&ht(I)/	ảmt (I)	n. f. pl. abs. nom.	(female) slave	
# KTU 1.4 III:23						
158423	aḫr	aḫr	ảḫr	adv./prep./conj.	3) after	
158424	mġy	mġy[	/m-ġ-y/	vb G suffc. 3 m. sg.	to come, arrive	
158424	mġy	!!mġy[/	/m-ġ-y/	vb G inf.	to come, arrive	
158425	aliyn	aliyn/	ảlỉyn	adj. m. sg. abs. nom.	The Very / Most Powerful	
158426	bˤl	bˤl(II)/	bʕl (II)	DN m. sg. abs. nom.	Baʿlu/Baal	
# KTU 1.4 III:24						
158427	mġyt	mġy[t	/m-ġ-y/	vb G suffc. 1 c. sg.	to come	
158428	btlt	btl(t/t	btlt	n. f. sg. cstr. nom.	virgin	
158429	ˤnt	ˤn(t(I)/t	ʕnt (I)	DN f. sg. abs. gen.	ʿAnatu/Anat	
# KTU 1.4 III:25						
158430	tmgnn	!t!mgn[:d+n	/m-g-n/	vb D prefc.	to wine and dine, regale, welcome	
158431	rbt	rb(t(I)/t	rbt (I)	n. f. sg. cstr. nom.	Lady	
158432	aṯrt	aṯr(t(II)/t	ảṯrt (II)	DN f. sg. cstr. gen.	ʾAṯiratu/Athirat/Asherah/El’s wife	
158433	ym	ym(II)/	ym (II)	n. m. sg. abs. gen.	sea	
# KTU 1.4 III:26						
158434	tġẓyn	!t!ġẓy[n	/ġ-ẓ-y/	vb G prefc.	1) to win over	
158434	tġẓyn	!t!ġẓy[n:d	/ġ-ẓ-y/	vb D prefc.	to win over	
158435	qnyt	qny[/t	/q-n-y/	vb G act. ptcpl. m. sg. cstr. nom.	to acquire	
158436	ilm	il(I)/m	ỉl (I)	n. m. pl. abs. gen.	god	
# KTU 1.4 III:27						
158437	w	w	w	conj.	and	
158438	tˤn	!t!ˤn(y[:w	/ʕ-n-y/ (I)	vb G prefc. 3 m. pl.	to answer	
158438	tˤn	!t!ˤnw[:w	/ʕ-n-w/	vb G prefc. 3 m. pl.	to be / remain depressed	
158438	tˤn	!t!ˤn(w[:w	/ʕ-n-w/	vb G prefc. 3 m. pl.	to be / remain depressed	
158439	rbt	rb(t(I)/t	rbt (I)	n. f. sg. cstr. nom.	Lady	
158440	aṯrt	aṯr(t(II)/t	ảṯrt (II)	DN f. sg. cstr. gen.	ʾAṯiratu/Athirat/Asherah/El’s wife	
158441	ym	ym(II)/	ym (II)	n. m. sg. abs. gen.	sea	
# KTU 1.4 III:28						
158442	ik	ik	ỉk	interr. functor	how?	
158443	tmgnn	!t!mgn[:d+n	/m-g-n/	vb D prefc.	to wine and dine, regale, welcome	
158444	rbt	rb(t(I)/t	rbt (I)	n. f. sg. cstr. nom.	Lady	
# KTU 1.4 III:29						
158445	aṯrt	aṯr(t(II)/t	ảṯrt (II)	DN f. sg. cstr. gen.	ʾAṯiratu/Athirat/Asherah/El’s wife	
158446	ym	ym(II)/	ym (II)	n. m. sg. abs. gen.	sea	
158447	tġẓyn	!t!ġẓy[n	/ġ-ẓ-y/	vb G prefc.	to win over	
158447	tġẓyn	!t!ġẓy[n:d	/ġ-ẓ-y/	vb D prefc.	to win over	
# KTU 1.4 III:30						
158448	qnyt	qny[/t	/q-n-y/	vb G act. ptcpl. m. sg. cstr. nom.	to acquire	
158449	ilm	il(I)/m	ỉl (I)	n. m. pl. abs. gen.	god	
158450	mgntm	mgn[tm:d	/m-g-n/	vb D suffc. 2 c. pl.	to wine and dine, regale, welcome	
# KTU 1.4 III:31						
158451	ṯr	ṯr(I)/	ṯr (I)	n. m. sg. cstr. nom.	bull	
158452	il	il(I)/	ỉl (I)	DN m. sg. abs. gen.	ʾIlu/Ilu/El	
158453	d	d	d	det. or rel. functor	the one(s) of	
158454	pid	pid/	pỉd	n. m. sg. abs. nom.	heart	
158455	hm	hm(II)	hm (II)	conj./interr. functor	2) perhaps …? (interr. functor) b) in compound question	DULAT direct ref
158456	ġẓtm	?	?	?	?	DULAT candidates (no reconstructable encoding): /ġ-ẓ-y/ - 1) to win over; /ġ-ẓ-y/ - to win over
# KTU 1.4 III:32						
158457	bny	bn(I)/+y	bn (I)	n. m. cstr. nom.	son	
158457	bny	bny[/	/b-n-y/	vb G act. ptcpl. m. sg. cstr. nom.	to build	
158457	bny	bny/	bny	n. m. sg. cstr. nom.	architect	
158458	bnwt	bn&w(t(II)/t=	bnt (II)	n. f. pl. abs. gen.	produce	
158459	w	w	w	conj.	and	
158460	tˤn	!t!ˤn(y[	/ʕ-n-y/ (I)	vb G prefc. 3 f. sg.	to answer	
158460	tˤn	!t=!ˤn(y[	/ʕ-n-y/ (I)	vb G prefc. 2 m. sg.	to answer	
158460	tˤn	!t==!ˤn(y[	/ʕ-n-y/ (I)	vb G prefc. 2 f. sg.	to answer	
158460	tˤn	!t!ˤn(y[	/ʕ-n-y/ (I)	vb G prefc. 3 m. du.	to answer	
158460	tˤn	!t!ˤn(y[:w	/ʕ-n-y/ (I)	vb G prefc. 3 m. pl.	to answer	
158460	tˤn	!t===!ˤn(y[	/ʕ-n-y/ (I)	vb G prefc. 2 m. pl.	to answer	
158460	tˤn	!t!ˤn[	/ʕ-n/	vb G prefc.	to see	
158460	tˤn	!t!ˤn(w[	/ʕ-n-w/	vb G prefc. 3 f. sg.	to be / remain depressed	
158460	tˤn	!t=!ˤn(w[	/ʕ-n-w/	vb G prefc. 2 m. sg.	to be / remain depressed	
158460	tˤn	!t==!ˤn(w[	/ʕ-n-w/	vb G prefc. 2 f. sg.	to be / remain depressed	
158460	tˤn	!t!ˤn(w[	/ʕ-n-w/	vb G prefc. 3 m. du.	to be / remain depressed	
158460	tˤn	!t!ˤnw[:w	/ʕ-n-w/	vb G prefc. 3 m. pl.	to be / remain depressed	
158460	tˤn	!t!ˤn(w[:w	/ʕ-n-w/	vb G prefc. 3 m. pl.	to be / remain depressed	
158460	tˤn	!t===!ˤn(w[	/ʕ-n-w/	vb G prefc. 2 m. pl.	to be / remain depressed	
# KTU 1.4 III:33						
158461	btlt	btl(t/t	btlt	n. f. sg. cstr. nom.	virgin	
158462	ˤnt	ˤn(t(I)/t	ʕnt (I)	DN f. sg. abs. gen.	ʿAnatu/Anat	
158463	nmgn	!n!mgn[:d	/m-g-n/	vb D prefc. 1 c. pl.	to wine and dine, regale, welcome	
# KTU 1.4 III:34						
158464	km	km	km	prep./conj./adv.		
158465	rbt	rb(t(I)/t	rbt (I)	n. f. sg. cstr. gen.	Lady	
158466	aṯrt	aṯr(t(II)/t	ảṯrt (II)	DN f. sg. cstr. gen.	ʾAṯiratu/Athirat/Asherah/El’s wife	
158467	ym	ym(II)/	ym (II)	n. m. sg. abs. gen.	sea	
# KTU 1.4 III:35						
158468	nġẓ	?	?	?	?	DULAT: NOT FOUND
158469	qnyt	qny[/t	/q-n-y/	vb G act. ptcpl. m. sg. cstr. nom.	to acquire	
158470	ilm	il(I)/m	ỉl (I)	n. m. pl. abs. gen.	god	
# KTU 1.4 III:36						
158471	aḫr	aḫr	ảḫr	adv./prep./conj.	afterwards	
158472	nmgn	!n!mgn[:d	/m-g-n/	vb D prefc. 1 c. pl.	to wine and dine	
158473	hwt	hw&t	hw	pers. pn.	1) he	DULAT direct ref
# KTU 1.4 III:37						
158474	xxx	?	?	?	?	
158475	aliyn	aliyn/	ảlỉyn	adj. m. sg. abs. nom.	The Very / Most Powerful	
158476	bˤl	bˤl(II)/	bʕl (II)	DN m. sg. abs. nom.	Baʿlu/Baal	
# KTU 1.4 III:38						
158477	xxxrbt	?	?	?	?	DULAT: NOT FOUND
158478	aṯrt	aṯr(t(II)/t	ảṯrt (II)	DN f. sg. cstr. nom.	ʾAṯiratu/Athirat/Asherah/El’s wife	
158479	ym	ym(II)/	ym (II)	n. m. sg. abs. gen.	sea	
# KTU 1.4 III:39						
158480	xxxbtlt	?	?	?	?	DULAT: NOT FOUND
158481	ˤnt	ˤn(I)/t	ʕn (I)	n. f. sg. abs. nom.	eye	
158481	ˤnt	ˤn(t(I)/t	ʕnt (I)	DN f. sg. abs. nom.	ʿAnatu/Anat	
158481	ˤnt	ˤnt(II)	ʕnt (II)	adv.	now	
# KTU 1.4 III:40						
158482	xxxtlḥm	?	?	?	?	DULAT: NOT FOUND
158483	tšty	!t!šty[:w	/š-t-y/	vb G prefc. 3 m. pl.	to drink	
# KTU 1.4 III:41						
158484	ilm	il(I)/m	ỉl (I)	n. m. pl. abs. nom.	god	
158485	w	w	w	conj.	and	
158486	tpq	!t!pq[	/p-q/	vb G prefc.	to obtain	
158487	mrġṯm	mrġṯ/+m(I)	mrġṯ	n. m. cstr. nom.	suckling	
# KTU 1.4 III:42						
158488	ṯd	ṯd/	ṯd	n. m. pl. cstr. nom.	breast	
158488	ṯd	ṯd/	ṯd	n. m. sg. abs. nom.	breast	
158489	b	b	b	prep.	in	
158490	ḥrb	ḥrb/	ḥrb	n. f. sg. cstr. gen.	knife	
158491	mlḥt	mlḥ(t/t	mlḥt	n. f. sg. cstr. gen.	salt	
158492	qṣ	qṣ/	qṣ	n. m. sg. abs. gen.	end	
# KTU 1.4 III:43						
158493	mri	mr(u&i(I)/	mrủ (I)	adj. f. pl. cstr. nom.	fattened	
158493	mri	mr(u&i(I)/	mrủ (I)	adj. f. sg. abs. nom.	fattened	
158494	tšty	!t!šty[:w	/š-t-y/	vb G prefc. 3 m. pl.	to drink	
158495	krpnm	krpn/m	krpn	n. m. pl. cstr. nom.	cup	
158496	yn	yn/	yn	n. m. sg. abs. gen.	wine	
# KTU 1.4 III:44						
158497	w	w	w	conj.	and	
158498	b	b	b	prep.	in	
158499	ks	ks(I)/	ks (I)	n. m. sg. cstr. gen.	cup	
158499	ks	ks/	ks/śm(n)	n. m. pl. cstr. gen.	emmer-corn	
158500	ḫrṣ	ḫrṣ/	ḫrṣ	n. m. sg. cstr. gen.	gold	
158501	dm	dm(II)/	dm (II)	n. m. sg. cstr. gen.	blood	
158502	ˤṣm	ˤṣ/m	ʕṣ	n. m. pl. abs. gen.	tree	
# KTU 1.4 III:45						
158503	xx	?	?	?	?	
# KTU 1.4 III:46						
158504		?	?	?	?	
# KTU 1.4 III:47						
158505		?	?	?	?	
# KTU 1.4 III:48						
158506		?	?	?	?	
# KTU 1.4 III:49						
158507		?	?	?	?	
# KTU 1.4 III:50						
158508		?	?	?	?	
# KTU 1.4 III:51						
158509		?	?	?	?	
# KTU 1.4 III:52						
158510	xxḥ	?	?	?	?	DULAT: NOT FOUND
# KTU 1.4 III:53						
158511	x	?	?	?	?	
# KTU 1.4 III:54						
158512	ˤln	ˤl(I)+n	ʕl (I)	prep.	upon	
# KTU 1.4 III:55						
158513	ln	l(I)+n	l (I)	prep.	to	
# KTU 1.4 IV:1						
158514	ṯr	ṯr(I)/	ṯr (I)	n. m. sg. abs. nom.	bull	
158515	il	il(I)/	ỉl (I)	DN m. sg. abs. nom.	ʾIlu/Ilu/El	
158516	abn	ab/+n	ảb	n. m. cstr. nom.	father	
158516	abn	abn/	ảbn	n. f. sg. cstr. nom.	stone	
158516	abn	abn/	ảbn	n. f. sg. abs. nom.	stone	
158516	abn	!(ʔ&a!bn[	/b-n/	vb G prefc. 1 c. sg.	to understand	
158517	w	w	w	conj.	and	
158518	tˤn	!t!ˤn(y[	/ʕ-n-y/ (I)	vb G prefc. 3 f. sg.	to answer	
158518	tˤn	!t=!ˤn(y[	/ʕ-n-y/ (I)	vb G prefc. 2 m. sg.	to answer	
158518	tˤn	!t==!ˤn(y[	/ʕ-n-y/ (I)	vb G prefc. 2 f. sg.	to answer	
158518	tˤn	!t!ˤn(y[	/ʕ-n-y/ (I)	vb G prefc. 3 m. du.	to answer	
158518	tˤn	!t!ˤn(y[:w	/ʕ-n-y/ (I)	vb G prefc. 3 m. pl.	to answer	
158518	tˤn	!t===!ˤn(y[	/ʕ-n-y/ (I)	vb G prefc. 2 m. pl.	to answer	
158518	tˤn	!t!ˤn[	/ʕ-n/	vb G prefc.	to see	
158518	tˤn	!t!ˤn(w[	/ʕ-n-w/	vb G prefc. 3 f. sg.	to be / remain depressed	
158518	tˤn	!t=!ˤn(w[	/ʕ-n-w/	vb G prefc. 2 m. sg.	to be / remain depressed	
158518	tˤn	!t==!ˤn(w[	/ʕ-n-w/	vb G prefc. 2 f. sg.	to be / remain depressed	
158518	tˤn	!t!ˤn(w[	/ʕ-n-w/	vb G prefc. 3 m. du.	to be / remain depressed	
158518	tˤn	!t!ˤnw[:w	/ʕ-n-w/	vb G prefc. 3 m. pl.	to be / remain depressed	
158518	tˤn	!t!ˤn(w[:w	/ʕ-n-w/	vb G prefc. 3 m. pl.	to be / remain depressed	
158518	tˤn	!t===!ˤn(w[	/ʕ-n-w/	vb G prefc. 2 m. pl.	to be / remain depressed	
158519	rbt	rb(t(I)/t	rbt (I)	n. f. sg. cstr. nom.	Lady	
# KTU 1.4 IV:2						
158520	aṯrt	aṯr(t(II)/t	ảṯrt (II)	DN f. sg. cstr. gen.	ʾAṯiratu/Athirat/Asherah/El’s wife	
158521	ym	ym(II)/	ym (II)	n. m. sg. cstr. gen.	sea	
158522	šmˤ	šmˤ/	šmʕ	n. m. sg. abs. gen.	auditor	
158523	l	l(I)	l (I)	prep.	to	
158524	qdš	qdš(II)/	qdš (II)	n. m. sg. abs. gen.	sanctuary	
158524	qdš	qdš(I)/	qdš (I)	adj. m. sg. abs. nom.	holy	
# KTU 1.4 IV:3						
158525	w	w	w	conj.	and	
158526	amrr	amrr/	ảmrr	DN sg. abs. nom.	“Blessed”, one of the two messenger-boys of the goddess ảṯrt	
158527	l	l(I)	l (I)	prep.	to	
158528	dgy	dgy/	dgy	n. m. du. cstr. gen.	triton	
158529	rbt	rb(t(I)/t	rbt (I)	n. f. sg. cstr. gen.	Lady	
# KTU 1.4 IV:4						
158530	aṯrt	aṯr(t(II)/t	ảṯrt (II)	DN f. sg. cstr. gen.	ʾAṯiratu/Athirat/Asherah/El’s wife	
158531	ym	ym(II)/	ym (II)	n. m. sg. cstr. gen.	sea	
158532	mdl	mdl(II)/	mdl (II)	n. m. sg. cstr. gen.	lightning (?)	
158532	mdl	mdl(I)/	mdl (I)	n. m. sg. cstr. gen.	riding gear	
158533	ˤr	ˤr(I)/	ʕr (I)	n. f. sg. abs. gen.	city	
158533	ˤr	ˤr(II)/	ʕr (II)	n. m. sg. abs. gen.	donkey	
# KTU 1.4 IV:5						
158534	ṣmd	ṣmd[	/ṣ-m-d/	vb G suffc. 3 m. sg.	to harness, yoke	DULAT direct ref
158534	ṣmd	ṣmd[	/ṣ-m-d/	vb G impv. 2	to harness, yoke	DULAT direct ref
158535	pḥl	pḥl/	pḥl	n. m. sg. cstr. nom.	ass	
158536	št	š(t(II)/t	št (II)	n. f. sg. cstr. gen.	raíz	
158536	št	št(I)/	št (I)	n. m. sg. cstr. gen.	base	
158537	gpnm	gpn(I)/+m(I)	gpn (I)	n. m. cstr. gen.	(vine-)stock	
158537	gpnm	gpn(II)/+m(I)	gpn (II)	n. m. cstr. gen.	harness	
158538	dt	d+t	d	det. or rel. functor	the one(s) of	
# KTU 1.4 IV:6						
158539	ksp	ksp/	ksp	n. m. sg. abs. nom.	silver	
158540	dt	d+t	d	det. or rel. functor	the one(s) of	
158541	yrq	yrq/	yrq	n. m. sg. cstr. nom.	greenish yellow (a metal / gold)	
158542	nqbnm	nqbn/m	nqbn	n. m. pl. cstr. gen.	caparison	
# KTU 1.4 IV:7						
158543	ˤdb	ˤdb[/	/ʕ-d-b/	vb G act. ptcpl. m. sg. cstr. gen.	to leave > to put in > to place	
158543	ˤdb	ˤdb[/	/ʕ-d-b/	vb G pass. ptcpl. m. sg. cstr. gen.	to leave > to put in > to place	
158544	gpn	gpn(II)/	gpn (II)	n. m. sg. cstr. gen.	harness	DULAT direct ref
158545	atnty	?	?	?	?	DULAT candidates (no reconstructable encoding): ảtn (I) - donkey
# KTU 1.4 IV:8						
158546	yšmˤ	!y!šmˤ[	/š-m-ʕ/	vb G prefc. 3 m. sg.	to hear	
158547	qdš	qdš(II)/	qdš (II)	n. m. sg. abs. nom.	sanctuary	
158547	qdš	qdš(I)/	qdš (I)	adj. m. sg. abs. nom.	holy	
158548	w	w	w	conj.	and	
158549	amrr	amrr/	ảmrr	DN sg. cstr. nom.	“Blessed”, one of the two messenger-boys of the goddess ảṯrt	
# KTU 1.4 IV:9						
158550	mdl	mdl(II)/	mdl (II)	n. m. sg. cstr. gen.	lightning (?)	
158550	mdl	mdl(I)/	mdl (I)	n. m. sg. cstr. gen.	riding gear	
158551	ˤr	ˤr(II)/	ʕr (II)	n. m. sg. cstr. gen.	donkey	DULAT direct ref
158552	ṣmd	ṣmd/	ṣmd	n. m. sg. cstr. gen.	pair	
158553	pḥl	pḥl/	pḥl	n. m. sg. abs. gen.	ass	
# KTU 1.4 IV:10						
158554	št	št[	/š-t/	vb G suffc. 3 m. sg.	to place, set, set up, leave	
158554	št	št[	/š-t/	vb G impv. 2	to place, set, set up, leave	
158554	št	št[:pass	/š-t/	vb Gpass suffc.	to cause, leave (in a condition)	
158555	gpnm	gpn(II)/+m(I)	gpn (II)	n. m. cstr. nom.	harness	DULAT direct ref
158556	dt	d+t	d	det. or rel. functor	1) the one(s) of a) det. of quality	
158557	ksp	ksp/	ksp	n. m. sg. abs. nom.	silver	
# KTU 1.4 IV:11						
158558	dt	d+t	d	det. or rel. functor	the one(s) of	
158559	yrq	yrq/	yrq	n. m. sg. cstr. nom.	greenish yellow (a metal / gold)	
158560	nqbnm	nqbn/m	nqbn	n. m. pl. cstr. gen.	caparison	
# KTU 1.4 IV:12						
158561	ˤdb	ˤdb[/	/ʕ-d-b/	vb G act. ptcpl. m. sg. cstr. gen.	to leave > to put in > to place	
158561	ˤdb	ˤdb[/	/ʕ-d-b/	vb G pass. ptcpl. m. sg. cstr. gen.	to leave > to put in > to place	
158562	gpn	gpn(II)/	gpn (II)	n. m. sg. cstr. gen.	harness	DULAT quote in /ʕ-d-b/ (cue: harness)
158563	atnth	?	?	?	?	DULAT candidates (no reconstructable encoding): ảtn (I) - donkey
# KTU 1.4 IV:13						
158564	yḥbq	!y!ḥbq[	/ḥ-b-q/	vb G prefc. 3 m. sg.	to embrace, take in one’s arms, cover	
158565	qdš	qdš(II)/	qdš (II)	n. m. sg. abs. nom.	sanctuary	
158565	qdš	qdš(I)/	qdš (I)	adj. m. sg. abs. nom.	holy	
158566	w	w	w	conj.	and	
158567	amrr	amrr/	ảmrr	DN sg. abs. nom.	“Blessed”, one of the two messenger-boys of the goddess ảṯrt	
# KTU 1.4 IV:14						
158568	yštn	!y!št[:pass+n	/š-t/	vb G prefc. 3 m. sg.	to place, set, set up, leave	DULAT direct ref
158568	yštn	!y!št[+n	/š-t/	vb Gpass prefc. 3 m. sg.	to cause, leave (in a condition)	DULAT direct ref
158569	aṯrt	aṯr(t(I)/t	ảṯrt (I)	n. f. sg. abs. nom.	back part (of the head)	
158570	l	l(I)	l (I)	prep.	to	
158571	bmt	bm(t/t	bmt	n. f. sg. cstr. gen.	back	
158571	bmt	bm(t/t=	bmt	n. f. pl. cstr. gen.	back	
158572	ˤr	ˤr(II)/	ʕr (II)	n. m. sg. abs. gen.	donkey	DULAT direct ref
# KTU 1.4 IV:15						
158573	l	l(I)	l (I)	prep.	to	
158574	ysmsmt	ysmsm(t/t	ysmsmt	n. f. sg. cstr. gen.	handsomeness	
158575	bmt	bm(t/t	bmt	n. f. sg. cstr. gen.	back	
158575	bmt	bm(t/t=	bmt	n. f. pl. cstr. gen.	back	
158576	pḥl	pḥl/	pḥl	n. m. sg. cstr. gen.	ass	
# KTU 1.4 IV:16						
158577	qdš	qdš(II)/	qdš (II)	n. m. sg. abs. gen.	sanctuary	
158578	yuḫdm	!y!(ʔ&uḫd[m	/ʔ-ḫ-d(/ḏ)/	vb G prefc. 3 m. sg.	to collect, to take (back), grasp, seize, hold	
158579	šbˤr	]š]bˤr(I)[	/b-ʕ-r/ (I)	vb Š	1) to illuminate	Based on DULAT reconstruction. | DULAT direct ref
# KTU 1.4 IV:17						
158580	amrr	amrr/	ảmrr	DN sg. abs. nom.	“Blessed”, one of the two messenger-boys of the goddess ảṯrt	
158581	k	k(I)	k (I)	prep.	like	DULAT quote in k (I) (cue: like)
158582	kbkb	kbkb/	kbkb	n. m. sg. abs. gen.	1) heavenly body	
158583	l	l(I)	l (I)	prep.	to	
158584	pnm	pn(m/m	pnm	n. m. pl. tant. abs. gen.	in front	
# KTU 1.4 IV:18						
158585	aṯr	aṯr(I)	ảṯr (I)	adv. or prep.	1) adv b) (of place) behind	
158586	btlt	btl(t/t	btlt	n. f. sg. cstr. gen.	virgin	
158587	ˤnt	ˤn(t(I)/t	ʕnt (I)	DN f. sg. abs. gen.	ʿAnatu/Anat	
# KTU 1.4 IV:19						
158588	w	w	w	conj.	and	
158589	bˤl	bˤl(II)/	bʕl (II)	n. m. pl. cstr. nom.	Baʿlu/Baal	
158589	bˤl	bˤl(II)/	bʕl (II)	n. m. sg. abs. nom.	Baʿlu/Baal	
158590	tbˤ	tbˤ[	/t-b-ʕ/	vb G suffc. 3 m. sg.	to go, leave, depart	
158591	mrym	mrym/	mrym	n. m. sg. cstr. nom.	height	
158592	ṣpn	ṣpn/	ṣpn	TN/DN sg. abs. gen.	Ṣapānu/Zaphon/the mountain dwelling of bʕl deified	
# KTU 1.4 IV:20						
158593	idk	idk	ỉdk	narrative adv. functor	then	
158594	l	l(III)	l (III)	functor	certainly	DULAT direct ref
158595	ttn	!t!(ytn[:w	/y-t-n/	vb G prefc. 3 m. pl.	to give	
158596	pnm	pn(m/m	pnm	n. m. pl. abs. nom.	face	
# KTU 1.4 IV:21						
158597	ˤm	ˤm(I)	ʕm (I)	prep.	1) relationship of direction (space and time)	
158598	il	il(I)/	ỉl (I)	DN m. sg. cstr. gen.	ʾIlu/Ilu/El	
158598	il	il(I)/	ỉl (I)	n. m. sg. cstr. gen.	god	
158599	mbk	mbk/	mbk	n. m. sg. cstr. gen.	source	
158600	nhrm	nhr/+m(I)	nhr	n. m. cstr. gen.	1) river	
# KTU 1.4 IV:22						
158601	qrb	qrb/	qrb	n. m. sg. cstr. nom.	1) inside	DULAT direct ref
158602	apq	apq/	ảpq	n. m. sg. abs. nom.	spring	
158603	thmtm	thm(t/tm	thmt	n. f. du. abs. nom.	Primordial Ocean	
# KTU 1.4 IV:23						
158604	tgly	!t!gly[	/g-l-y/	vb G prefc. 3 f. sg.	to present oneself, make one’s way, go > to leave, to go into exile > to go into exile > to emigrate > to cause somebody to go forth > in die Verbannung gehen > to reveal > go forth > sich zeigen	
158604	tgly	!t=!gly[	/g-l-y/	vb G prefc. 2 m. sg.	to present oneself, make one’s way, go > to leave, to go into exile > to go into exile > to emigrate > to cause somebody to go forth > in die Verbannung gehen > to reveal > go forth > sich zeigen	
158604	tgly	!t==!gly[	/g-l-y/	vb G prefc. 2 f. sg.	to present oneself, make one’s way, go > to leave, to go into exile > to go into exile > to emigrate > to cause somebody to go forth > in die Verbannung gehen > to reveal > go forth > sich zeigen	
158604	tgly	!t!gly[	/g-l-y/	vb G prefc. 3 m. du.	to present oneself, make one’s way, go > to leave, to go into exile > to go into exile > to emigrate > to cause somebody to go forth > in die Verbannung gehen > to reveal > go forth > sich zeigen	
158604	tgly	!t!gly[:w	/g-l-y/	vb G prefc. 3 m. pl.	to present oneself, make one’s way, go > to leave, to go into exile > to go into exile > to emigrate > to cause somebody to go forth > in die Verbannung gehen > to reveal > go forth > sich zeigen	
158604	tgly	!t===!gly[	/g-l-y/	vb G prefc. 2 m. pl.	to present oneself, make one’s way, go > to leave, to go into exile > to go into exile > to emigrate > to cause somebody to go forth > in die Verbannung gehen > to reveal > go forth > sich zeigen	
158604	tgly	!t!(]n]gly[	/g-l-y/	vb N prefc. 3 f. sg.	to present oneself, make one’s way, go > to leave, to go into exile > to go into exile > to emigrate > to cause somebody to go forth > in die Verbannung gehen > to reveal > go forth > sich zeigen	
158604	tgly	!t=!(]n]gly[	/g-l-y/	vb N prefc. 2 m. sg.	to present oneself, make one’s way, go > to leave, to go into exile > to go into exile > to emigrate > to cause somebody to go forth > in die Verbannung gehen > to reveal > go forth > sich zeigen	
158604	tgly	!t==!(]n]gly[	/g-l-y/	vb N prefc. 2 f. sg.	to present oneself, make one’s way, go > to leave, to go into exile > to go into exile > to emigrate > to cause somebody to go forth > in die Verbannung gehen > to reveal > go forth > sich zeigen	
158604	tgly	!t!(]n]gly[	/g-l-y/	vb N prefc. 3 m. du.	to present oneself, make one’s way, go > to leave, to go into exile > to go into exile > to emigrate > to cause somebody to go forth > in die Verbannung gehen > to reveal > go forth > sich zeigen	
158604	tgly	!t!(]n]gly[:w	/g-l-y/	vb N prefc. 3 m. pl.	to present oneself, make one’s way, go > to leave, to go into exile > to go into exile > to emigrate > to cause somebody to go forth > in die Verbannung gehen > to reveal > go forth > sich zeigen	
158604	tgly	!t===!(]n]gly[	/g-l-y/	vb N prefc. 2 m. pl.	to present oneself, make one’s way, go > to leave, to go into exile > to go into exile > to emigrate > to cause somebody to go forth > in die Verbannung gehen > to reveal > go forth > sich zeigen	
158605	ḏd	ḏd(I)/	ḏd (I)	n. m. sg. cstr. nom.	breast	
158605	ḏd	ḏd(III)/	ḏd (III)	n. m. sg. cstr. nom.	flock	
158606	il	il(I)/	ỉl (I)	DN m. sg. abs. gen.	ʾIlu/Ilu/El	
158606	il	il(I)/	ỉl (I)	n. m. sg. abs. gen.	god	
158607	w	w	w	conj.	and	
158608	tbu	!t!b(ʔ[&u	/b-ʔ/	vb G prefc.	to enter	
# KTU 1.4 IV:24						
158609	qrš	qrš/	qrš	n. m. sg. cstr. nom.	private room	
158610	mlk	mlk(I)/	mlk (I)	n. m. sg. cstr. gen.	1) king e) part of the divine titulary (cf. Rahmouni DEAUT 4ff.)	
158611	ab	ab/	ảb	n. m. sg. abs. gen.	1) father b) espec. of El (Rahmouni DEUAT 3ff.)	DULAT direct ref
158612	šnnm	?	?	?	?	DULAT: NOT FOUND
# KTU 1.4 IV:25						
158613	l	l(I)	l (I)	prep.	to	
158614	pˤn	pˤn/	pʕn	n. f. cstr. gen.	at the feet of	
158615	il	il(I)/	ỉl (I)	DN m. sg. abs. gen.	ʾIlu/Ilu/El	DULAT direct ref
158615	il	il(I)/	ỉl (I)	n. m. sg. abs. gen.	2) DN b) object or purpose of an action	DULAT direct ref
158616	thbr	!t!hbr[	/h-b-r/	vb G prefc. 3 f. sg.	to bow	
158616	thbr	!t=!hbr[	/h-b-r/	vb G prefc. 2 m. sg.	to bow	
158616	thbr	!t==!hbr[	/h-b-r/	vb G prefc. 2 f. sg.	to bow	
158616	thbr	!t!hbr[	/h-b-r/	vb G prefc. 3 m. du.	to bow	
158616	thbr	!t!hbr[:w	/h-b-r/	vb G prefc. 3 m. pl.	to bow	
158616	thbr	!t===!hbr[	/h-b-r/	vb G prefc. 2 m. pl.	to bow	
158617	w	w	w	conj.	and	
158618	tql	!t!ql[	/q-l/	vb G prefc.	to fall (down)	
# KTU 1.4 IV:26						
158619	tštḥwy	!t!]š]]t]ḥwy(II)[	/ḥ-w-y/ (II)	vb Št prefc.	to prostrate oneself	
158620	w	w	w	conj.	and	
158621	tkbdh	!t!kbd[:d+h	/k-b-d/	vb D prefc.	to honour, to pay homage to, welcome	
# KTU 1.4 IV:27						
158622	hlm	hlm	hlm	conj. functor	1) and so	DULAT direct ref
158623	il	il(I)/	ỉl (I)	DN m. sg. cstr. nom.	ʾIlu/Ilu/El	DULAT direct ref
158623	il	il(I)/	ỉl (I)	DN m. sg. abs. nom.	ʾIlu/Ilu/El	DULAT direct ref
158623	il	il(I)/	ỉl (I)	n. m. sg. cstr. nom.	2) DN a) activities of the god	DULAT direct ref
158623	il	il(I)/	ỉl (I)	n. m. sg. abs. nom.	2) DN a) activities of the god	DULAT direct ref
158624	k	k(II)	k (II)	emph. functor	yes	DULAT direct ref
158625	yphnh	!y!ph(y[+nh	/p-h-y/	vb G prefc. 3 m. sg.	to see, espy	
# KTU 1.4 IV:28						
158626	yprq	!y!prq[	/p-r-q/	vb G prefc. 3 m. sg.	to release	
158627	lṣb	lṣb/	lṣb	n. m. sg. abs. nom.	brow	
158628	w	w	w	conj.	and	
158629	yṣḥq	!y!ṣḥq[	/ṣ-ḥ-q/	vb G prefc. 3 m. sg.	to laugh	
# KTU 1.4 IV:29						
158630	pˤnh	pˤn/+h	pʕn	n. f. cstr. nom.	1) foot a) tdʕṣ pʕnm she pressed (?) (her) feet (down)	
158631	l	l(I)	l (I)	prep.	to	DULAT direct ref
158632	hdm	hdm/	hdm	n. m. sg. abs. gen.	footstool	
158633	yṯpd	!y!ṯpd[	/ṯ-p-d/	vb G prefc. 3 m. sg.	to place, rest	
158634	w	w	w	conj.	and	
158635	ykrkr	!y!krkr[	/k-r-k-r/	vb G prefc. 3 m. sg.	to twist, twiddle	
# KTU 1.4 IV:30						
158636	uṣbˤth	?	?	?	?	DULAT candidates (no reconstructable encoding): ủṣbʕ - finger
158637	yšu	!y!(nš(ʔ[&u	/n-š-ʔ/	vb G prefc. 3 m. sg.	to raise	
158638	gh	g/+h	g	n. m. sg. cstr. nom.	(loud) voice	
158639	w	w	w	conj.	and	
158640	yṣḥ	!y!ṣḥ[	/ṣ-ḥ/	vb G prefc. 3 m. sg.	to exclaim	
# KTU 1.4 IV:31						
158641	ik	ik	ỉk	interr. functor	how?	
158642	mġyt	mġy[t	/m-ġ-y/	vb G suffc. 1 c. sg.	to come	
158643	rbt	rb(t(I)/t	rbt (I)	n. f. sg. cstr. nom.	Lady	
158644	aṯrt	aṯr(t(II)/t	ảṯrt (II)	DN f. sg. cstr. gen.	ʾAṯiratu/Athirat/Asherah/El’s wife	
158645	ym	ym(II)/	ym (II)	n. m. sg. abs. gen.	sea	
# KTU 1.4 IV:32						
158646	ik	ik	ỉk	interr. functor	how?	
158647	atwt	(ʔ&atw[/t	/ʔ-t-w/	vb G act. ptcpl. m. sg. cstr. nom.	to come, go	
158648	qnyt	qny[/t	/q-n-y/	vb G act. ptcpl. m. sg. cstr. gen.	to acquire	
158649	ilm	il(I)/m	ỉl (I)	n. m. pl. abs. gen.	god	
# KTU 1.4 IV:33						
158650	rġb	!!rġb[/	/r-ġ-b/	vb G inf.	to be hungry	
158651	rġbt	rġb[t	/r-ġ-b/	vb G suffc. 1 c. sg.	to be hungry	
158652	w	w	w	conj.	and	
158653	tġtr	!t!ġtr[	/ġ-t-r/	vb G prefc. 3 f. sg.	to implore, intercede, ask	
158653	tġtr	!t=!ġtr[	/ġ-t-r/	vb G prefc. 2 m. sg.	to implore, intercede, ask	
158653	tġtr	!t==!ġtr[	/ġ-t-r/	vb G prefc. 2 f. sg.	to implore, intercede, ask	
158653	tġtr	!t!ġtr[	/ġ-t-r/	vb G prefc. 3 m. du.	to implore, intercede, ask	
158653	tġtr	!t!ġtr[:w	/ġ-t-r/	vb G prefc. 3 m. pl.	to implore, intercede, ask	
158653	tġtr	!t===!ġtr[	/ġ-t-r/	vb G prefc. 2 m. pl.	to implore, intercede, ask	
# KTU 1.4 IV:34						
158654	hm	hm(II)	hm (II)	conj./interr. functor	2) perhaps …? (interr. functor) b) in compound question	DULAT direct ref
158655	ġmu	!!ġm(ʔ&u[/	/ġ-m-ʔ/	vb G inf.	to be thirsty	
158656	ġmit	?	?	?	?	DULAT candidates (no reconstructable encoding): /ġ-m-ʔ/ - to be thirsty
158657	w	w	w	conj.	and	
158658	ˤst	?	?	?	?	DULAT candidates (no reconstructable encoding): /ʕ-s-y:s/ - ?
# KTU 1.4 IV:35						
158659	lḥm	lḥm[	/l-ḥ-m/ (I)	vb G suffc. 3 m. sg.	1) to eat	DULAT direct ref
158659	lḥm	lḥm[:w	/l-ḥ-m/ (I)	vb G suffc. 3 m. pl.	1) to eat	DULAT direct ref
158659	lḥm	lḥm(I)[	/l-ḥ-m/ (I)	vb G impv. 2	1) to eat	DULAT direct ref
158659	lḥm	!!lḥm(I)[/	/l-ḥ-m/ (I)	vb G inf.	1) to eat	DULAT direct ref
158660	hm	hm(II)	hm (II)	conj./interr. functor	2) perhaps …? (interr. functor) b) in compound question	DULAT direct ref
158661	štym	šty[m	/š-t-y/	vb G impv. 2	to drink	
158662	lḥm	lḥm[	/l-ḥ-m/ (I)	vb G suffc. 3 m. sg.	1) to eat	DULAT direct ref
158662	lḥm	lḥm[:w	/l-ḥ-m/ (I)	vb G suffc. 3 m. pl.	1) to eat	DULAT direct ref
158662	lḥm	lḥm(I)[	/l-ḥ-m/ (I)	vb G impv. 2	1) to eat	DULAT direct ref
158662	lḥm	!!lḥm(I)[/	/l-ḥ-m/ (I)	vb G inf.	1) to eat	DULAT direct ref
# KTU 1.4 IV:36						
158663	b	b	b	prep.	1) spatial location a) place in which something occurs	
158664	ṯlḥnt	ṯlḥn/t	ṯlḥn	n. f. sg. cstr. gen.	table	
158665	lḥm	lḥm/	lḥm	n. m. sg. cstr. gen.	2) bread	DULAT direct ref
158666	št	š(t(II)/t	št (II)	n. f. sg. abs. gen.	raíz	
158666	št	št(I)/	št (I)	n. m. sg. abs. gen.	base	
# KTU 1.4 IV:37						
158667	b	b	b	prep.	in	
158668	krpnm	krpn/m	krpn	n. m. pl. cstr. gen.	cup	
158669	yn	yn/	yn	n. m. sg. abs. gen.	2) measures and containers (of wine) e) other containers	
158670	b	b	b	prep.	in	
158671	ks	ks(I)/	ks (I)	n. m. sg. cstr. gen.	cup	
158671	ks	ks/	ks/śm(n)	n. m. pl. cstr. gen.	emmer-corn	
158672	ḫrṣ	ḫrṣ/	ḫrṣ	n. m. sg. cstr. gen.	1) gold b) in craftwork	
# KTU 1.4 IV:38						
158673	dm	dm(II)/	dm (II)	n. m. sg. cstr. gen.	blood	DULAT direct ref
158674	ˤṣm	ˤṣ/m	ʕṣ	n. m. pl. abs. gen.	1) tree	
158675	hm	hm(II)	hm (II)	conj./interr. functor	2) perhaps …? (interr. functor) a) in simple question	DULAT direct ref
158676	yd	yd(II)/	yd (II)	n. m. sg. cstr. nom.	love	DULAT direct ref
158677	il	il(I)/	ỉl (I)	DN m. sg. cstr. gen.	ʾIlu/Ilu/El	DULAT direct ref
158677	il	il(I)/	ỉl (I)	n. m. sg. cstr. gen.	2) DN d) El’s possessions or property (often to be understood as in 1. g)	DULAT direct ref
158678	mlk	mlk(I)/	mlk (I)	n. m. sg. abs. gen.	1) king e) part of the divine titulary (cf. Rahmouni DEAUT 4ff.)	
# KTU 1.4 IV:39						
158679	yḫssk	!y!ḫss[+k	/ḫ-s-s/	vb D prefc. 3 m. sg.	to remind	
158679	yḫssk	!y!ḫss[k:d:l	/ḫ-s-s/	vb L prefc. 3 m. sg.	to remind	
158680	ahbt	ahb(t/t	ảhbt	n. f. sg. cstr. nom.	love	
158681	ṯr	ṯr(I)/	ṯr (I)	n. m. pl. abs. gen.	2) bull a) divine title	DULAT direct ref
158681	ṯr	ṯr(I)/	ṯr (I)	n. m. sg. abs. gen.	2) bull a) divine title	DULAT direct ref
158682	tˤrrk	!t!ˤr[rk	/ʕ-r/	vb	1) to move	
# KTU 1.4 IV:40						
158683	w	w	w	conj.	and	
158684	tˤn	!t!ˤn(y[:w	/ʕ-n-y/ (I)	vb G prefc. 3 m. pl.	to answer	
158684	tˤn	!t!ˤnw[:w	/ʕ-n-w/	vb G prefc. 3 m. pl.	to be / remain depressed	
158684	tˤn	!t!ˤn(w[:w	/ʕ-n-w/	vb G prefc. 3 m. pl.	to be / remain depressed	
158685	rbt	rb(t(I)/t	rbt (I)	n. f. sg. cstr. nom.	Lady	
158686	aṯrt	aṯr(t(II)/t	ảṯrt (II)	DN f. sg. cstr. gen.	ʾAṯiratu/Athirat/Asherah/El’s wife	
158687	ym	ym(II)/	ym (II)	n. m. sg. cstr. gen.	sea	
# KTU 1.4 IV:41						
158688	tḥmk	tḥm/+k	tḥm	n. m. cstr. gen.	message	
158689	il	il(I)/	ỉl (I)	DN m. sg. cstr. nom.	ʾIlu/Ilu/El	
158689	il	il(I)/	ỉl (I)	DN m. sg. abs. nom.	ʾIlu/Ilu/El	
158689	il	il(I)/	ỉl (I)	n. m. sg. cstr. nom.	god	
158689	il	il(I)/	ỉl (I)	n. m. sg. abs. nom.	god	
158690	ḥkm	ḥkm/	ḥkm	adj. m. sg. abs. nom.	wise	
158691	ḥkmt	ḥkm(t/t	ḥkmt	n. f. sg. abs. nom.	wisdom	
# KTU 1.4 IV:42						
158692	ˤm	ˤm(I)	ʕm (I)	prep.	1) relationship of direction (space and time)	
158693	ˤlm	ˤl(I)+m(I)	ʕl (I)	prep.	upon	
158694	ḥyt	ḥy(t(I)/t	ḥyt (I)	n. f. sg. abs. nom.	life	
158695	ḥẓt	ḥẓ(t/t	ḥẓt	adj. f. sg. abs. nom.	happy	
# KTU 1.4 IV:43						
158696	tḥmk	tḥm/+k	tḥm	n. m. cstr. nom.	message	
158697	mlkn	mlk(I)&n/	mlk (I)	n. m. sg. abs. nom.	king	
158698	aliyn	aliyn/	ảlỉyn	adj. m. sg. abs. nom.	The Very / Most Powerful	
158699	bˤl	bˤl(II)/	bʕl (II)	DN m. sg. cstr. nom.	Baʿlu/Baal	
# KTU 1.4 IV:44						
158700	ṯpṭn	ṯpṭ(II)/+n	ṯpṭ (II)	n. m. cstr. gen.	judge	
158701	w	w	w	conj.	and	
158702	in	in/	ỉn	n. m. sg. abs. nom.	lack of	
158703	d	d	d	det. or rel. functor	the one(s) of	
158704	ˤlnh	ˤl(I)+nh	ʕl (I)	prep.	upon	
# KTU 1.4 IV:45						
158705	klnyn	klny+n	klny	adv.	all of us together	
158706	qšh	qš(I)/+h	qš (I)	n. m. sg. cstr. nom.	tankard	
158707	nbln	!n!(ybl[n	/y-b-l/	vb G prefc. 1 c. pl.	to carry	
# KTU 1.4 IV:46						
158708	klnyn	klny+n	klny	adv.	all of us together	
158709		?	?	?	?	
158710	nbl	!n!(ybl[	/y-b-l/	vb G prefc. 1 c. pl.	to carry	
158711	ksh	ks(I)/+h	ks (I)	n. m. cstr. nom.	cup	
158711	ksh	ks/+h	ks/śm(n)	n. m. cstr. nom.	emmer-corn	
# KTU 1.4 IV:47						
158712	any	!!(ʔ&any[/	/ʔ-n-y/	vb G inf.	to sigh	
158712	any	(ʔ&any[/	/ʔ-n-y/	vb G ptcpl. m. sg. abs. nom.	to sigh	
158713		?	?	?	?	
158714	l	l(I)	l (I)	prep.	to	
158714	l	l(II)	l (II)	adv.	no	
158714	l	l(III)	l (III)	functor	certainly	
158715	yṣḥ	!y!ṣḥ[	/ṣ-ḥ/	vb G prefc. 3 m. sg.	to exclaim	
158716	ṯr	ṯr(I)/	ṯr (I)	n. m. sg. cstr. nom.	bull	
158717	il	il(I)/	ỉl (I)	DN m. sg. cstr. gen.	ʾIlu/Ilu/El	
158718	abh	ab/+h	ảb	n. m. cstr. gen.	father	
# KTU 1.4 IV:48						
158719	il	il(I)/	ỉl (I)	DN m. sg. cstr. nom.	ʾIlu/Ilu/El	DULAT direct ref
158719	il	il(I)/	ỉl (I)	DN m. sg. abs. nom.	ʾIlu/Ilu/El	DULAT direct ref
158719	il	il(I)/	ỉl (I)	n. m. sg. cstr. nom.	2) DN c) titles	DULAT direct ref
158719	il	il(I)/	ỉl (I)	n. m. sg. abs. nom.	2) DN c) titles	DULAT direct ref
158720	mlk	mlk(I)/	mlk (I)	n. m. sg. abs. nom.	1) king e) part of the divine titulary (cf. Rahmouni DEAUT 4ff.)	
158721	d	d	d	det. or rel. functor	the one(s) of	
158722	yknnh	!y!knn[:l+h	/k-n/	vb L prefc. 3 m. sg.	to establish, interpose, bring up	
158723	yṣḥ	!y!ṣḥ[	/ṣ-ḥ/	vb G prefc. 3 m. sg.	to exclaim, shout	
# KTU 1.4 IV:49						
158724	aṯrt	aṯr(t(I)/t	ảṯrt (I)	n. f. sg. abs. nom.	back part (of the head)	
158725	w	w	w	conj.	and	
158726	bnh	bn(I)/+h	bn (I)	n. m. cstr. nom.	son	
158727	ilt	il(t(I)/t	ỉlt (I)	n. f. sg. abs. nom.	goddess	
158728	w	w	w	conj.	and	
158729	ṣbrt	ṣbr(t/t	ṣbrt	n. f. sg. cstr. nom.	clan	
# KTU 1.4 IV:50						
158730	aryh	ary(I)/+h	ảry (I)	n. m. sg. cstr. gen.	fellow	
158731	wn	w+n	w	conj.	4) declarative and emphatic functor	
158732	in	in/	ỉn	n. m. sg. cstr. nom.	lack of	
158733	bt	bt(II)/	bt (II)	n. m. sg. abs. gen.	house	
158734	l	l(I)	l (I)	prep.	to	
158735	bˤl	bˤl(II)/	bʕl (II)	n. m. pl. abs. gen.	Baʿlu/Baal	
# KTU 1.4 IV:51						
158736	km	km	km	prep./conj./adv.		
158737	ilm	il(I)/m	ỉl (I)	n. m. pl. abs. gen.	1) god b) activities of the gods	
158738	w	w	w	conj.	and	
158739	ḥẓr	ḥẓr/	ḥẓr	n. m. sg. abs. nom.	1) mansion	
158740	k	k(I)	k (I)	prep.	like	DULAT direct ref
158741	bn	bn(I)/	bn (I)	n. m. sg. cstr. gen.	son	
158742	aṯrt	aṯr(t(II)/t	ảṯrt (II)	DN f. sg. cstr. gen.	ʾAṯiratu/Athirat/Asherah/El’s wife	
# KTU 1.4 IV:52						
158743	mṯb	mṯb/	mṯb	n. m. sg. cstr. gen.	residence	
158744	il	il(I)/	ỉl (I)	DN m. sg. cstr. gen.	ʾIlu/Ilu/El	DULAT direct ref
158744	il	il(I)/	ỉl (I)	n. m. sg. cstr. gen.	2) DN d) El’s possessions or property (often to be understood as in 1. g)	DULAT direct ref
158745	mẓll	mẓll/	mẓll	n. m. sg. cstr. gen.	shelter	
158746	bnh	bn(I)/+h	bn (I)	n. m. cstr. gen.	son	
# KTU 1.4 IV:53						
158747	mṯb	mṯb/	mṯb	n. m. sg. abs. nom.	residence	
158748		?	?	?	?	
158749	rbt	rb(t(I)/t	rbt (I)	n. f. sg. abs. nom.	Lady	
158750	aṯrt	aṯr(t(II)/t	ảṯrt (II)	DN f. sg. abs. nom.	ʾAṯiratu/Athirat/Asherah/El’s wife	
158751	ym	ym(II)/	ym (II)	n. m. sg. abs. nom.	sea	
# KTU 1.4 IV:54						
158752	mṯb	mṯb/	mṯb	n. m. sg. abs. nom.	residence	
158753	klt	kl(y[t	/k-l-y/	vb G suffc. 1 c. sg.	to finish, be finished, to empty, be emptied (out), to consume, be consumed	
158753	klt	kl(y[t:d	/k-l-y/	vb D suffc. 1 c. sg.	to finish (off)	
158753	klt	kl(t(I)/t	klt (I)	n. f. sg. abs. nom.	bride	
158753	klt	kl(t(II)/t	klt (II)	n. f. sg. abs. nom.	measure	
158754		?	?	?	?	
158755	knyt	knyt/	knyt	adj. f. pl. abs. nom.	glorious	
# KTU 1.4 IV:55						
158756	mṯb	mṯb/	mṯb	n. m. sg. cstr. nom.	residence	
158757	pdry	pdry/	pdry	DN sg. cstr. gen.	Pidray	
158757	pdry	pdr(I)/+y	pdr (I)	n. m. cstr. gen.	town	
158758	bt	b(t(I)/t	bt (I)	n. f. sg. cstr. gen.	daughter	
158759	ar	ar/	ả/ỉr	n. m. sg. cstr. gen.	light	
# KTU 1.4 IV:56						
158760	mẓll	mẓll/	mẓll	n. m. sg. cstr. gen.	shelter	
158761	ṭly	ṭl/+y	ṭl	n. m. cstr. gen.	dew	
158761	ṭly	ṭly/	ṭly	DN sg. cstr. gen.	Tallay	
158762	bt	b(t(I)/t	bt (I)	n. f. sg. cstr. gen.	daughter	
158763	rb	rb(II)/	rb (II)	n. m. sg. cstr. gen.	chief	
158763	rb	rb/	rb(b)	n. m. sg. cstr. gen.	drizzle	
# KTU 1.4 IV:57						
158764	mṯb	mṯb/	mṯb	n. m. sg. cstr. gen.	residence	
158765	arṣy	arṣ/+y	ảrṣ	n. f. cstr. gen.	earth	
158765	arṣy	arṣy/	ảrṣy	DN sg. cstr. gen.	Arṣay/Arsay	
158766	bt	b(t(I)/t	bt (I)	n. f. sg. cstr. gen.	daughter	
158767	yˤbdr	yˤbdr/	yʕbdr	DN sg. abs. gen.	Yaʿibdarru/'(Daughter) of the Wide World'/attribute of ảrṣy, daughter of the god bʕl (etym. unc.)	
# KTU 1.4 IV:58						
158768	w	w	w	conj.	and	
158769	yˤn	!y!ˤn(y(I)[	/ʕ-n-y/ (I)	vb G prefc. 3 m. sg.	to answer	
158769	yˤn	!y!ˤn[	/ʕ-n/	vb G prefc. 3 m. sg.	to see	
158769	yˤn	!y!ˤn[:pass	/ʕ-n/	vb Dpass prefc. 3 m. sg.	to see	
158769	yˤn	!y!ˤn(w[	/ʕ-n-w/	vb G prefc. 3 m. sg.	to be / remain depressed, humbled	
158769	yˤn	!y!ˤn(w[:pass	/ʕ-n-w/	vb Dpass prefc. 3 m. sg.	to humiliate	
158770	lṭpn	lṭpn/	lṭpn	adj. m. sg. abs. nom.	Benevolent	
158771	il	il(I)/	ỉl (I)	DN m. sg. cstr. nom.	ʾIlu/Ilu/El	
158771	il	il(I)/	ỉl (I)	DN m. sg. abs. nom.	ʾIlu/Ilu/El	
158771	il	il(I)/	ỉl (I)	n. m. sg. cstr. nom.	god	
158771	il	il(I)/	ỉl (I)	n. m. sg. abs. nom.	god	
158772	d	d	d	det. or rel. functor	the one(s) of	
158773	pid	pid/	pỉd	n. m. sg. abs. nom.	heart	
# KTU 1.4 IV:59						
158774	p	p(I)	p (I)	conj. functor	and	DULAT direct ref
158775	ˤbd	ˤbd(I)/	ʕbd (I)	n. m. sg. cstr. nom.	1) servant	DULAT direct ref
158775	ˤbd	ˤbd(I)/	ʕbd (I)	n. m. sg. abs. nom.	1) servant	DULAT direct ref
158776	an	an(I)	ản (I)	pers. pn.	1) i a) subj. in NC	DULAT direct ref
158777	ˤnn	ˤnn/	ʕnn	n. m. sg. cstr. nom.	1) manservant	DULAT direct ref
158778	aṯrt	aṯr(t(I)/t	ảṯrt (I)	n. f. sg. cstr. gen.	back part (of the head)	
# KTU 1.4 IV:60						
158779	p	p(III)/	p (III)	n. m. sg. cstr. gen.	mouth	
158780	ˤbd	ˤbd(I)/	ʕbd (I)	n. m. sg. abs. gen.	servant	
158781	ank	ank	ảnk	pers. pn.	1) i a) subj. in NC	
158782	aḫd	(ʔ&aḫd[	/ʔ-ḫ-d(/ḏ)/	vb G suffc. 3 m. sg.	to collect, to take (back), grasp, seize, hold	
158783	ulṯ	ulṯ/	ủlṯ	n. m. sg. abs. nom.	trowel	
# KTU 1.4 IV:61						
158784	hm	hm(II)	hm (II)	conj./interr. functor	2) perhaps …? (interr. functor) b) in compound question	DULAT direct ref
158785	amt	am(t(I)/t	ảmt (I)	n. f. sg. cstr. nom.	1) female slave	DULAT direct ref
158786	aṯrt	aṯr(t(I)/t	ảṯrt (I)	n. f. sg. abs. gen.	back part (of the head)	
158787	tlbn	!t!lbn[:d	/l-b-n/	vb D prefc. 3 f. sg.	to make bricks	
158787	tlbn	!t=!lbn[:d	/l-b-n/	vb D prefc. 2 m. sg.	to make bricks	
158787	tlbn	!t==!lbn[:d	/l-b-n/	vb D prefc. 2 f. sg.	to make bricks	
158787	tlbn	!t!lbn[:d	/l-b-n/	vb D prefc. 3 m. du.	to make bricks	
158787	tlbn	!t!lbn[:d:w	/l-b-n/	vb D prefc. 3 m. pl.	to make bricks	
158787	tlbn	!t===!lbn[:d	/l-b-n/	vb D prefc. 2 m. pl.	to make bricks	
# KTU 1.4 IV:62						
158788	lbnt	lbn(t/t	lbnt	n. f. sg. abs. nom.	brick	DULAT direct ref
158788	lbnt	lbn(t/t=	lbnt	n. f. pl. abs. nom.	brick	DULAT direct ref
158789	ybn	!y!bn(y[:pass	/b-n-y/	vb Gpass prefc. 3 m. sg.	to be built	DULAT quote in /b-n-y/ (cue: built)
158790	bt	bt(II)/	bt (II)	n. m. sg. abs. nom.	house	
158791	l	l(I)	l (I)	prep.	to	DULAT direct ref
158792	bˤl	bˤl(II)/	bʕl (II)	n. m. pl. abs. gen.	Baʿlu/Baal	
# KTU 1.4 V:1						
158793	km	km	km	prep./conj./adv.		
158794	ilm	il(I)/m	ỉl (I)	n. m. pl. abs. gen.	god	
158795	w	w	w	conj.	and	
158796	ḥẓr	ḥẓr/	ḥẓr	n. m. sg. abs. nom.	mansion	
158797	k	+k	-k (I)			
158797	k	~k	-k (II)			
158797	k	k(III)	k (III)	Subordinating or completive functor	when	
158797	k	k(I)	k (I)	prep.	like	
158797	k	k(II)	k (II)	emph. functor	yes	
158798	bn	bn(I)/	bn (I)	n. m. sg. cstr. nom.	son	
158799	aṯrt	aṯr(t(II)/t	ảṯrt (II)	DN f. sg. abs. gen.	ʾAṯiratu/Athirat/Asherah/El’s wife	
# KTU 1.4 V:2						
158800	w	w	w	conj.	and	
158801	tˤn	!t!ˤn(y[	/ʕ-n-y/ (I)	vb G prefc. 3 f. sg.	to answer	
158801	tˤn	!t=!ˤn(y[	/ʕ-n-y/ (I)	vb G prefc. 2 m. sg.	to answer	
158801	tˤn	!t==!ˤn(y[	/ʕ-n-y/ (I)	vb G prefc. 2 f. sg.	to answer	
158801	tˤn	!t!ˤn(y[	/ʕ-n-y/ (I)	vb G prefc. 3 m. du.	to answer	
158801	tˤn	!t!ˤn(y[:w	/ʕ-n-y/ (I)	vb G prefc. 3 m. pl.	to answer	
158801	tˤn	!t===!ˤn(y[	/ʕ-n-y/ (I)	vb G prefc. 2 m. pl.	to answer	
158801	tˤn	!t!ˤn[	/ʕ-n/	vb G prefc.	to see	
158801	tˤn	!t!ˤn(w[	/ʕ-n-w/	vb G prefc. 3 f. sg.	to be / remain depressed	
158801	tˤn	!t=!ˤn(w[	/ʕ-n-w/	vb G prefc. 2 m. sg.	to be / remain depressed	
158801	tˤn	!t==!ˤn(w[	/ʕ-n-w/	vb G prefc. 2 f. sg.	to be / remain depressed	
158801	tˤn	!t!ˤn(w[	/ʕ-n-w/	vb G prefc. 3 m. du.	to be / remain depressed	
158801	tˤn	!t!ˤnw[:w	/ʕ-n-w/	vb G prefc. 3 m. pl.	to be / remain depressed	
158801	tˤn	!t!ˤn(w[:w	/ʕ-n-w/	vb G prefc. 3 m. pl.	to be / remain depressed	
158801	tˤn	!t===!ˤn(w[	/ʕ-n-w/	vb G prefc. 2 m. pl.	to be / remain depressed	
158802	rbt	rb(t(I)/t	rbt (I)	n. f. sg. cstr. nom.	Lady	
158803	aṯrt	aṯr(t(II)/t	ảṯrt (II)	DN f. sg. cstr. gen.	ʾAṯiratu/Athirat/Asherah/El’s wife	
158804	ym	ym(II)/	ym (II)	n. m. sg. cstr. gen.	sea	
# KTU 1.4 V:3						
158805	rbt	rb(t(I)/t	rbt (I)	n. f. sg. cstr. gen.	Lady	
158806	ilm	il(I)/m	ỉl (I)	n. m. pl. abs. gen.	god	
158807	l	l(III)	l (III)	functor	certainly	DULAT direct ref
158808	ḥkmt	ḥkm(t/t	ḥkmt	n. f. sg. cstr. nom.	wisdom	
# KTU 1.4 V:4						
158809	šbt	šb(t/t	šbt	n. f. sg. cstr. gen.	greyness > old age	
158810	dqnk	dqn(I)/+k	dqn (I)	n. m. cstr. gen.	1) beard	
158811	l	l(III)	l (III)	functor	certainly	DULAT direct ref
158812	tsrk	!t!(wsr[+k	/w-s-r/	vb G prefc.	to teach	
# KTU 1.4 V:5						
158813	rḫnnt	rḫn&n(t/t	rḫnt	n. f. sg. abs. nom.	sweetness	
158814	dt	d+t	d	det. or rel. functor	1) the one(s) of b) det. of property	
158815	l	l(I)	l (I)	prep.	to	
158816	irtk	ir(t/t+k	ỉrt	n. f. sg. cstr. gen.	1) breast a) breast	
# KTU 1.4 V:6						
158817	wn	w+n	w	conj.	4) declarative and emphatic functor	
158818	ap	ap(I)	ảp (I)	adv./conj.	also	DULAT direct ref
158819	ˤdn	!!ˤdn[/	/ʕ-d-n/	vb G inf.	to appoint the time	DULAT direct ref
158819	ˤdn	!!ˤdn[/	/ʕ-d-n/	vb D inf.	to appoint the time	DULAT direct ref
158820	mṭrh	mṭr/+h	mṭr	n. m. cstr. nom.	rain	
# KTU 1.4 V:7						
158821	bˤl	bˤl(II)/	bʕl (II)	n. m. pl. cstr. nom.	Baʿlu/Baal	
158821	bˤl	bˤl(II)/	bʕl (II)	n. m. sg. abs. nom.	Baʿlu/Baal	
158822	yˤdn	!y!ˤdn[	/ʕ-d-n/	vb G prefc. 3 m. sg.	to appoint the time	
158822	yˤdn	!y!ˤdn[:d	/ʕ-d-n/	vb D prefc. 3 m. sg.	to appoint the time	
158823	ˤdn	ˤdn(I)/	ʕdn (I)	n. m. sg. cstr. nom.	time	DULAT direct ref
158824	ṯkt	ṯk(t/t	ṯkt	n. f. sg. abs. gen.	1) art Schiff b) in mythological texts	
158825	b	b	b	prep.	in	
158826	glṯ	glṯ/	glṯ	n. m. sg. abs. gen.	storm	
# KTU 1.4 V:8						
158827	w	w	w	conj.	and	
158828	tn	(ytn[	/y-t-n/	vb	give	DULAT direct ref
158828	tn	(ytn[/	/y-t-n/	vb	give	DULAT direct ref
158829	qlh	ql(I)/+h	ql (I)	n. m. cstr. nom.	4) the thunderous “voice” (said of Baal’s voice)	DULAT direct ref
158830	b	b	b	prep.	1) spatial location d) origin of a quality or process	
158831	ˤrpt	ˤrp(t/t	ʕrpt	n. f. sg. cstr. gen.	cloud(s)	DULAT direct ref
158831	ˤrpt	ˤrp(t/t=	ʕrpt	n. f. pl. cstr. gen.	cloud(s)	DULAT direct ref
# KTU 1.4 V:9						
158832	šrh	šr(IV)/+h	šr (IV)	n. m. cstr. gen.	navel	
158833	l	l(I)	l (I)	prep.	to	DULAT direct ref
158834	arṣ	arṣ/	ảrṣ	n. f. sg. cstr. gen.	1) earth	
158835	brqm	brq(I)/m	brq (I)	n. m. pl. abs. gen.	ray	
# KTU 1.4 V:10						
158836	dbt	?	?	?	?	DULAT: NOT FOUND
158837	arzm	arz(I)/m	ảrz (I)	n. m. pl. abs. nom.	1) a conifer	
158838	ykllnh	!y!kll[:d+nh	/k-l-l/	vb D prefc. 3 m. sg.	to complete, finish	
# KTU 1.4 V:11						
158839	hm	hm(II)	hm (II)	conj./interr. functor	2) perhaps …? (interr. functor) b) in compound question	DULAT direct ref
158840	bt	b(t(I)/t	bt (I)	n. f. sg. cstr. nom.	daughter	
158841	lbnt	lbn(t/t	lbnt	n. f. sg. abs. gen.	brick	DULAT direct ref
158841	lbnt	lbn(t/t=	lbnt	n. f. pl. abs. gen.	brick	DULAT direct ref
158842	yˤmsnh	!y!ˤms[+nh	/ʕ-m-s/	vb G prefc. 3 m. sg.	to load	
# KTU 1.4 V:12						
158843	l	l(I)	l (I)	prep.	to	
158843	l	l(II)	l (II)	adv.	no	
158843	l	l(III)	l (III)	functor	certainly	
158844	yrgm	!y!rgm[	/r-g-m/	vb G prefc. 3 m. sg.	to say	
158844	yrgm	!y!rgm[:pass	/r-g-m/	vb Gpass prefc. 3 m. sg.	to said, recited	
158845	l	l(I)	l (I)	prep.	to	
158846	aliyn	aliyn/	ảlỉyn	adj. m. sg. abs. gen.	The Very / Most Powerful	
158847	bˤl	bˤl(II)/	bʕl (II)	DN m. sg. abs. gen.	Baʿlu/Baal	
# KTU 1.4 V:13						
158848	ṣḥ	ṣḥ[	/ṣ-ḥ/	vb G impv. 2	to exclaim	
158849	ḫrn	ḫr(I)/+n	ḫr (I)	n. m. cstr. nom.	cave	
158849	ḫrn	ḫrn/	ḫrn	n. m. abs. nom.	gang	
158849	ḫrn	ḫr[+n	/ḫ-r(-r)/	vb G suffc.	to have spasms (of diarrhoea)	
158849	ḫrn	ḫr[/+n	/ḫ-r(-r)/	vb G ptcpl. m. sg. cstr. nom.	to have spasms (of diarrhoea)	
158850	b	b	b	prep.	in	
158851	bhmk	b&hm+k	b	prep.	in	
# KTU 1.4 V:14						
158852	ˤḏbt	ˤḏb(t/t	ʕḏbt	n. f. sg. abs. nom.	squad	
158853	b	b	b	prep.	in	
158854	qrb	qrb/	qrb	n. m. sg. cstr. gen.	inside	
158855	hklk	hkl/+k	hkl	n. m. cstr. gen.	palace	
# KTU 1.4 V:15						
158856	tblk	!t!(ybl[+k	/y-b-l/	vb G prefc.	to carry, bring, take	
158857	ġrm	ġr(I)/m	ġr (I)	n. m. pl. cstr. nom.	mountain	
158858	mid	mid/	mỉ/ủd	n. m. sg. cstr. gen.	1) abundance	
158859	ksp	ksp/	ksp	n. m. sg. cstr. gen.	1) silver a) 4.738	
# KTU 1.4 V:16						
158860	gbˤm	gbˤ/m	gbʕ	n. m. pl. abs. gen.	hill	
158861	mḥmd	mḥmd/	mḥmd	adj. m. sg. abs. nom.	desired	
158862	ḫrṣ	ḫrṣ/	ḫrṣ	n. m. sg. abs. nom.	gold	
# KTU 1.4 V:17						
158863	yblk	!y!(ybl[+k	/y-b-l/	vb G prefc. 3 m. sg.	to carry, bring, take	
158864	udr	udr/	ủdr	n. m. sg. cstr. nom.	nobility	
158865	ilqṣm	ilqṣm/	ỉlqṣm	n. m. sg. abs. gen.	gem	
# KTU 1.4 V:18						
158866	w	w	w	conj.	and	
158867	bn	bn(I)/	bn (I)	n. m. sg. cstr. nom.	son	
158868	bht	b&ht(II)/	bt (II)	n. m. pl. cstr. gen.	2) palace	DULAT direct ref
158869	ksp	ksp/	ksp	n. m. sg. abs. gen.	1) silver b) items made of silver	
158870	w	w	w	conj.	and	
158871	ḫrṣ	ḫrṣ/	ḫrṣ	n. m. sg. cstr. nom.	gold	
# KTU 1.4 V:19						
158872	bht	b&ht(II)/	bt (II)	n. m. pl. abs. gen.	house	
158873	ṭhrm	ṭhr/m	ṭhr	adj. m. pl. abs. nom.	pure	
158874	iqnim	iqn(u&i/m	ỉqnủ	n. m. pl. abs. nom.	1) gem of lapis lazuli	
# KTU 1.4 V:20						
158875	šmḫ	šmḫ[	/š-m-ḫ/	vb G suffc. 3 m. sg.	to be glad, rejoice	
158875	šmḫ	!!šmḫ[/	/š-m-ḫ/	vb G inf.	to be glad, rejoice	
158876	btlt	btl(t/t	btlt	n. f. sg. cstr. nom.	virgin	
158877	ˤnt	ˤn(t(I)/t	ʕnt (I)	DN f. sg. abs. gen.	ʿAnatu/Anat	
158878	tdˤṣ	!t!dˤṣ[	/d-ʕ-ṣ/	vb G prefc. 3 f. sg.	to fix, lean, press	
158878	tdˤṣ	!t=!dˤṣ[	/d-ʕ-ṣ/	vb G prefc. 2 m. sg.	to fix, lean, press	
158878	tdˤṣ	!t==!dˤṣ[	/d-ʕ-ṣ/	vb G prefc. 2 f. sg.	to fix, lean, press	
158878	tdˤṣ	!t!dˤṣ[	/d-ʕ-ṣ/	vb G prefc. 3 m. du.	to fix, lean, press	
158878	tdˤṣ	!t!dˤṣ[:w	/d-ʕ-ṣ/	vb G prefc. 3 m. pl.	to fix, lean, press	
158878	tdˤṣ	!t===!dˤṣ[	/d-ʕ-ṣ/	vb G prefc. 2 m. pl.	to fix, lean, press	
# KTU 1.4 V:21						
158879	pˤnm	pˤn/m	pʕn	n. f. pl. abs. nom.	1) foot a) tdʕṣ pʕnm she pressed (?) (her) feet (down)	
158880	w	w	w	conj.	and	
158881	tr	!!tr[/	/t-r/	vb G inf.	to scour, travel through, cross	DULAT direct ref
158882	arṣ	arṣ/	ảrṣ	n. f. sg. abs. nom.	1) earth	
# KTU 1.4 V:22						
158883	idk	idk	ỉdk	narrative adv. functor	then	
158884	l	l(I)	l (I)	prep.	to	
158884	l	l(II)	l (II)	adv.	no	
158884	l	l(III)	l (III)	functor	certainly	
158885	ttn	!t!(ytn[:w	/y-t-n/	vb G prefc. 3 m. pl.	to give	
158886	pnm	pn(m/m	pnm	n. m. pl. abs. nom.	face	
# KTU 1.4 V:23						
158887	ˤm	ˤm(I)	ʕm (I)	prep.	to	
158888	bˤl	bˤl(II)/	bʕl (II)	n. m. pl. cstr. gen.	Baʿlu/Baal	
158888	bˤl	bˤl(II)/	bʕl (II)	n. m. sg. cstr. gen.	Baʿlu/Baal	
158889	mrym	mrym/	mrym	n. m. sg. cstr. gen.	height	
158890	ṣpn	ṣpn/	ṣpn	TN/DN sg. abs. gen.	Ṣapānu/Zaphon/the mountain dwelling of bʕl deified	
# KTU 1.4 V:24						
158891	b	b	b	prep.	in	
158892	alp	alp(I)/	ảlp (I)	n. m. sg. cstr. gen.	(head of) cattle	
158893	šd	šd(I)/	šd (I)	n. m. sg. cstr. gen.	open field	
158893	šd	šd(II)/	šd (II)	n. m. sg. cstr. gen.	a strip	
158894	rbt	rb(t(I)/t	rbt (I)	n. f. sg. cstr. gen.	Lady	
158895	kmn	kmn(I)/	kmn (I)	n. m. sg. abs. gen.	acre	
# KTU 1.4 V:25						
158896	ṣḥq	ṣḥq[	/ṣ-ḥ-q/	vb G suffc. 3 m. sg.	to laugh	
158896	ṣḥq	!!ṣḥq[/	/ṣ-ḥ-q/	vb G inf.	to laugh	
158897	btlt	btl(t/t	btlt	n. f. sg. cstr. nom.	virgin	
158898	ˤnt	ˤn(t(I)/t	ʕnt (I)	DN f. sg. abs. gen.	ʿAnatu/Anat	
158899	tšu	!t!(nš(ʔ[&u	/n-š-ʔ/	vb G prefc.	to raise, lift, help up	
# KTU 1.4 V:26						
158900	gh	g/+h	g	n. m. sg. cstr. nom.	(loud) voice	
158901	w	w	w	conj.	and	
158902	tṣḥ	!t!ṣḥ[	/ṣ-ḥ/	vb G prefc.	to exclaim	
158903	tbšr	!t!bšr[:pass	/b-š-r/	vb Dpass prefc.	to be brought, hear, receive (good) news	
158904	bˤl	bˤl(II)/	bʕl (II)	n. m. pl. cstr. nom.	Baʿlu/Baal	
158904	bˤl	bˤl(II)/	bʕl (II)	n. m. sg. cstr. nom.	Baʿlu/Baal	
# KTU 1.4 V:27						
158905	bšrtk	bšr(t/t+k	bšrt	n. f. sg. cstr. gen.	news	
158906	yblt	ybl[t===	/y-b-l/	vb G suffc. 3 f. sg.	to carry, bring, take	
158906	yblt	ybl[t=	/y-b-l/	vb G suffc. 2 m. sg.	to carry, bring, take	
158906	yblt	ybl[t==	/y-b-l/	vb G suffc. 2 f. sg.	to carry, bring, take	
158906	yblt	ybl[t	/y-b-l/	vb G suffc. 1 c. sg.	to carry, bring, take	
158907	ytn	!y!(ytn[	/y-t-n/	vb G prefc. 3 m. sg.	to give, hand over, grant, bestow	
158907	ytn	ytn[	/y-t-n/	vb G suffc. 3 m. sg.	to give, hand over, grant, bestow	
# KTU 1.4 V:28						
158908	bt	bt(II)/	bt (II)	n. m. sg. abs. nom.	1) house	DULAT direct ref
158909	lk	l(I)+k	l (I)	prep.	to	
158910	km	km	km	prep./conj./adv.		
158911	aḫk	aḫ(I)/+k	ảḫ (I)	n. m. cstr. gen.	2) in a figurative sense b) neighbour	
158912	w	w	w	conj.	and	
158913	ḥẓr	ḥẓr/	ḥẓr	n. m. sg. abs. nom.	1) mansion	
# KTU 1.4 V:29						
158914	km	km	km	prep./conj./adv.		
158915	aryk	ary(I)/+k	ảry (I)	n. m. sg. cstr. gen.	fellow	
158916	ṣḥ	ṣḥ[	/ṣ-ḥ/	vb G impv. 2	to exclaim, shout	
158917	ḫrn	ḫr(I)/+n	ḫr (I)	n. m. cstr. nom.	cave	
158917	ḫrn	ḫrn/	ḫrn	n. m. abs. nom.	gang	
158917	ḫrn	ḫr[+n	/ḫ-r(-r)/	vb G suffc.	to have spasms (of diarrhoea)	
158917	ḫrn	ḫr[/+n	/ḫ-r(-r)/	vb G ptcpl. m. sg. cstr. nom.	to have spasms (of diarrhoea)	
# KTU 1.4 V:30						
158918	b	b	b	prep.	in	
158919	bhtk	b&ht(II)/+k	bt (II)	n. m. cstr. gen.	house	
158920	ˤḏbt	ˤḏb(t/t	ʕḏbt	n. f. sg. abs. nom.	squad	
158921	b	b	b	prep.	in	
158922	qrb	qrb/	qrb	n. m. sg. cstr. gen.	inside	
# KTU 1.4 V:31						
158923	hklk	hkl/+k	hkl	n. m. cstr. gen.	palace	
158924	tblk	!t!(ybl[+k	/y-b-l/	vb G prefc.	to carry	
158925	ġrm	ġr(I)/m	ġr (I)	n. m. pl. cstr. nom.	mountain	
# KTU 1.4 V:32						
158926	mid	mid/	mỉ/ủd	n. m. sg. cstr. gen.	abundance	
158927	ksp	ksp/	ksp	n. m. sg. cstr. gen.	silver	
158928	gbˤm	gbˤ/m	gbʕ	n. m. pl. abs. gen.	hill	
158929	mḥmd	mḥmd/	mḥmd	adj. m. sg. abs. nom.	desired	
# KTU 1.4 V:33						
158930	ḫrṣ	ḫrṣ/	ḫrṣ	n. m. sg. abs. nom.	1) gold a) in general	
158931	w	w	w	conj.	and	
158932	bn	bn(I)/	bn (I)	n. m. sg. cstr. nom.	son	
158933	bht	b&ht(II)/	bt (II)	n. m. pl. cstr. gen.	house	
158934	ksp	ksp/	ksp	n. m. sg. abs. gen.	silver	
# KTU 1.4 V:34						
158935	w	w	w	conj.	and	
158936	ḫrṣ	ḫrṣ/	ḫrṣ	n. m. sg. cstr. nom.	1) gold b) in craftwork	
158937	bht	b&ht(II)/	bt (II)	n. m. pl. abs. gen.	house	
158938	ṭhrm	ṭhr/m	ṭhr	adj. m. pl. abs. nom.	pure	
# KTU 1.4 V:35						
158939	iqnim	iqn(u&i/m	ỉqnủ	n. m. pl. abs. nom.	gem of lapis lazuli	
158940	šmḫ	šmḫ[	/š-m-ḫ/	vb G suffc. 3 m. sg.	to be glad, rejoice	
158940	šmḫ	!!šmḫ[/	/š-m-ḫ/	vb G inf.	to be glad, rejoice	
158941	aliyn	aliyn/	ảlỉyn	adj. m. sg. abs. nom.	The Very / Most Powerful	
# KTU 1.4 V:36						
158942	bˤl	bˤl(II)/	bʕl (II)	DN m. sg. abs. nom.	Baʿlu/Baal	
158943	ṣḥ	ṣḥ[	/ṣ-ḥ/	vb G impv. 2	to exclaim	
158944	ḫrn	ḫrn/	ḫrn	n. m. abs. nom.	gang	DULAT direct ref
158945	b	b	b	prep.	in	
158946	bhth	b&ht(II)/+h	bt (II)	n. m. cstr. gen.	house	
# KTU 1.4 V:37						
158947	ˤḏbt	ˤḏb(t/t	ʕḏbt	n. f. sg. abs. nom.	squad	
158948	b	b	b	prep.	in	
158949	qrb	qrb/	qrb	n. m. sg. cstr. gen.	1) inside	DULAT direct ref
158950	hklh	hkl/+h	hkl	n. m. cstr. gen.	palace	
# KTU 1.4 V:38						
158951	yblnn	!y!(ybl[+nn	/y-b-l/	vb G prefc. 3 m. sg.	to carry	
158952	ġrm	ġr(I)/m	ġr (I)	n. m. pl. cstr. nom.	mountain	
158953	mid	mid/	mỉ/ủd	n. m. sg. cstr. gen.	abundance	
158954	ksp	ksp/	ksp	n. m. sg. cstr. gen.	silver	
# KTU 1.4 V:39						
158955	gbˤm	gbˤ/m	gbʕ	n. m. pl. abs. gen.	hill	
158956	lḥmd	lḥmd	lḥmd	vb		DULAT direct ref
158957	ḫrṣ	ḫrṣ/	ḫrṣ	n. m. sg. abs. nom.	gold	
# KTU 1.4 V:40						
158958	yblnn	!y!(ybl[+nn	/y-b-l/	vb G prefc. 3 m. sg.	to carry	
158959	udr	udr/	ủdr	n. m. sg. cstr. nom.	nobility	
158960	ilqṣm	ilqṣm/	ỉlqṣm	n. m. sg. abs. gen.	gem	
# KTU 1.4 V:41						
158961	ylak	!y!l(ʔ&ak[	/l-ʔ-k/	vb G prefc. 3 m. sg.	to send (a message)	
158962	l	l(I)	l (I)	prep.	to	DULAT direct ref
158963	kṯr	kṯr(III)/	kṯr (III)	DN/element sg. abs. gen.	Koṯaru/Kothar	
158964	w	w	w	conj.	and	
158965	ḫss	ḫss/	ḫss	DN/element sg. abs. nom.	Ḫasisu/Khasis	
# KTU 1.4 V:42						
158966	w	w	w	conj.	and	
158967	ṯb	ṯb[	/ṯ-b/	vb G suffc. 3 m. sg.	to return, turn round, go back, make one’s way, go through	
158967	ṯb	ṯb[	/ṯ-b/	vb G impv. 2	to return, turn round, go back, make one’s way, go through	
158968	l	l(I)	l (I)	prep.	to	DULAT direct ref
158969	mspr	mspr/	mspr	n. m. sg. abs. gen.	recitation	
158970		?	?	?	?	
158971	k	k(III)	k (III)	Subordinating or completive functor	when	DULAT direct ref
158972	tlakn	!t!l(ʔ&ak[+n	/l-ʔ-k/	vb G prefc.	to send (a message)	
# KTU 1.4 V:43						
158973	ġlmm	ġlm/+m(I)	ġlm	n. m. cstr. nom.	1) boy	
# KTU 1.4 V:44						
158974	aḫr	aḫr	ảḫr	adv./prep./conj.	3) after	
158975	mġy	mġy[	/m-ġ-y/	vb G suffc. 3 m. sg.	to come	
158975	mġy	!!mġy[/	/m-ġ-y/	vb G inf.	to come	
158976	kṯr	kṯr(III)/	kṯr (III)	DN/element sg. abs. nom.	Koṯaru/Kothar	
158977	w	w	w	conj.	and	
158978	ḫss	ḫss/	ḫss	DN/element sg. cstr. nom.	Ḫasisu/Khasis	
# KTU 1.4 V:45						
158979	št	š(t(II)/t	št (II)	n. f. sg. cstr. gen.	raíz	
158979	št	št(I)/	št (I)	n. m. sg. cstr. gen.	base	
158980	alp	alp(I)/	ảlp (I)	n. m. sg. abs. gen.	1) (head of) cattle c) for slaughter ( ṭbḫ )	DULAT direct ref
158981	qdmh	qdm(II)+h	qdm (II)	prep.	in front of	
158982	mra	mr(u&a(I)/	mrủ (I)	adj. m. sg. abs. nom.	2) fatling	
# KTU 1.4 V:46						
158983	w	w	w	conj.	and	
158984	tk	tk/	tk	n. m. cstr. nom.	centre	
158985	pnh	pn(m&/+h	pnm	n. m. pl. cstr. gen.	face	
158986	tˤdb	?	?	?	?	DULAT: NOT FOUND
158987	ksu	?	?	?	?	DULAT: NOT FOUND
# KTU 1.4 V:47						
158988	w	w	w	conj.	and	
158989	yṯṯb	!y!](š&ṯ]ṯb[	/ṯ-b/	vb Š prefc. 3 m. sg.	to send (word)	
158990	l	l(I)	l (I)	prep.	to	
158991	ymn	ymn(I)/	ymn (I)	n. m. sg. abs. gen.	1) right (side)	
158992	aliyn	aliyn/	ảlỉyn	adj. m. sg. abs. nom.	The Very / Most Powerful	
# KTU 1.4 V:48						
158993	bˤl	bˤl(II)/	bʕl (II)	DN m. sg. cstr. nom.	Baʿlu/Baal	
158994	ˤd	ˤd(III)/	ʕd (III)	n. m. sg. abs. gen.	throne	
158994	ˤd	ˤd(II)/	ʕd (II)	n. m. sg. abs. gen.	time	
158995	lḥm	lḥm[:w	/l-ḥ-m/ (I)	vb G suffc. 3 m. pl.	to eat	
158996	šty	šty[	/š-t-y/	vb G suffc. 3 m. sg.	to drink	
158996	šty	šty[	/š-t-y/	vb G impv. 2	to drink	
158996	šty	!!šty[/	/š-t-y/	vb G inf.	to drink	
158997	ilm	il(I)/m	ỉl (I)	n. m. pl. abs. nom.	god	
# KTU 1.4 V:49						
158998	w	w	w	conj.	and	
158999	yˤn	!y!ˤn(y(I)[	/ʕ-n-y/ (I)	vb G prefc. 3 m. sg.	to answer	
158999	yˤn	!y!ˤn[	/ʕ-n/	vb G prefc. 3 m. sg.	to see	
158999	yˤn	!y!ˤn[:pass	/ʕ-n/	vb Dpass prefc. 3 m. sg.	to see	
158999	yˤn	!y!ˤn(w[	/ʕ-n-w/	vb G prefc. 3 m. sg.	to be / remain depressed, humbled	
158999	yˤn	!y!ˤn(w[:pass	/ʕ-n-w/	vb Dpass prefc. 3 m. sg.	to humiliate	
159000	aliyn	aliyn/	ảlỉyn	adj. m. sg. abs. nom.	The Very / Most Powerful	
159001	bˤl	bˤl(II)/	bʕl (II)	DN m. sg. abs. nom.	Baʿlu/Baal	
# KTU 1.4 V:50						
159002	hl	hl	hl	deictic adv. functor	behold	
159003	tbˤ	tbˤ[	/t-b-ʕ/	vb G suffc. 3 m. sg.	to go, leave, depart	
159004	kṯr	kṯr(III)/	kṯr (III)	DN/element sg. abs. nom.	Koṯaru/Kothar	
159005	w	w	w	conj.	and	
159006	ḫss	ḫss/	ḫss	DN/element sg. abs. nom.	Ḫasisu/Khasis	
# KTU 1.4 V:51						
159007	ḥš	ḥš(I)[	/ḥ-š/ (I)	vb G impv. 2	to hurry	
159007	ḥš	!!ḥš(I)[/	/ḥ-š/ (I)	vb G inf.	to hurry	
159008	bhtm	bht(II)/m	bt (II)	n. m. pl. abs. nom.	house	
159009	tbnn	!t!bn(y[n	/b-n-y/	vb G prefc.	to build	
# KTU 1.4 V:52						
159010	ḥš	ḥš(I)[	/ḥ-š/ (I)	vb G impv. 2	1) to hurry	
159010	ḥš	!!ḥš(I)[/	/ḥ-š/ (I)	vb G inf.	1) to hurry	
159011	rmm	rmm[:l	/r-m/	vb L impv. 2	to erect, raise	DULAT direct ref
159012	hklm	hkl/+m(I)	hkl	n. m. cstr. nom.	palace	
# KTU 1.4 V:53						
159013	ḥš	ḥš(I)[	/ḥ-š/ (I)	vb G impv. 2	to hurry	
159013	ḥš	!!ḥš(I)[/	/ḥ-š/ (I)	vb G inf.	to hurry	
159014	bhtm	bht(II)/m	bt (II)	n. m. pl. abs. nom.	2) palace	
159015	tbnn	!t!bn(y[n	/b-n-y/	vb G prefc.	to build	
# KTU 1.4 V:54						
159016	ḥš	ḥš(I)[	/ḥ-š/ (I)	vb G impv. 2	to hurry	
159016	ḥš	!!ḥš(I)[/	/ḥ-š/ (I)	vb G inf.	to hurry	
159017	trmmn	!t!rmm[n:l	/r-m/	vb L prefc.	to erect	
159018	ht	ht	ht	adv.	here	
# KTU 1.4 V:55						
159019	b	b	b	prep.	in	
159020	tk	tk/	tk	n. m. cstr. gen.	1) in	
159021	ṣrrt	ṣrr(t/t	ṣrrt	n. f. sg. cstr. gen.	height(s)	
159022	ṣpn	ṣpn/	ṣpn	TN/DN sg. cstr. gen.	Ṣapānu/Zaphon/the mountain dwelling of bʕl deified	
# KTU 1.4 V:56						
159023	alp	alp(I)/	ảlp (I)	n. m. sg. cstr. gen.	(head of) cattle	
159024	šd	šd(II)/	šd (II)	n. m. sg. abs. gen.	1) a strip b) in lit. texts	DULAT direct ref
159025	aḫd	(ʔ&aḫd[	/ʔ-ḫ-d(/ḏ)/	vb G suffc. 3 m. sg.	to collect, to take (back), grasp, seize, hold	
159026	bt	bt(II)/	bt (II)	n. m. sg. cstr. nom.	2) palace	DULAT direct ref
# KTU 1.4 V:57						
159027	rbt	rb(t(I)/t	rbt (I)	n. f. sg. cstr. gen.	Lady	
159028	kmn	kmn(I)/	kmn (I)	n. m. sg. cstr. gen.	acre	
159029	hkl	hkl/	hkl	n. m. sg. abs. gen.	palace	
# KTU 1.4 V:58						
159030	w	w	w	conj.	and	
159031	yˤn	!y!ˤn(y(I)[	/ʕ-n-y/ (I)	vb G prefc. 3 m. sg.	to answer	
159031	yˤn	!y!ˤn[	/ʕ-n/	vb G prefc. 3 m. sg.	to see	
159031	yˤn	!y!ˤn[:pass	/ʕ-n/	vb Dpass prefc. 3 m. sg.	to see	
159031	yˤn	!y!ˤn(w[	/ʕ-n-w/	vb G prefc. 3 m. sg.	to be / remain depressed, humbled	
159031	yˤn	!y!ˤn(w[:pass	/ʕ-n-w/	vb Dpass prefc. 3 m. sg.	to humiliate	
159032	kṯr	kṯr(III)/	kṯr (III)	DN/element sg. abs. nom.	Koṯaru/Kothar	
159033	w	w	w	conj.	and	
159034	ḫss	ḫss/	ḫss	DN/element sg. abs. nom.	Ḫasisu/Khasis	
# KTU 1.4 V:59						
159035	šmˤ	šmˤ[	/š-m-ʕ/	vb G impv. 2	to hear, listen (to), notice	DULAT direct ref
159035	šmˤ	!!šmˤ[/	/š-m-ʕ/	vb G inf.	to hear, listen (to), notice	DULAT direct ref
159036	l	l(IV)	l (IV)	interj.	oh!	
159037	aliyn	aliyn/	ảlỉyn	adj. m. sg. abs. nom.	The Very / Most Powerful	
159038	bˤl	bˤl(II)/	bʕl (II)	DN m. sg. abs. nom.	Baʿlu/Baal	
# KTU 1.4 V:60						
159039	bn	bn[	/b-n/	vb G suffc. 3 m. sg.	to understand	DULAT direct ref
159039	bn	bn[	/b-n/	vb G impv. 2	to understand	DULAT direct ref
159040	l	l(I)	l (I)	prep.	to	
159041	rkb	rkb(I)/	rkb (I)	n. m. sg. cstr. gen.	Charioteer	
159042	ˤrpt	ˤrp(t/t	ʕrpt	n. f. sg. abs. gen.	cloud(s)	
159042	ˤrpt	ˤrp(t/t=	ʕrpt	n. f. pl. abs. gen.	cloud(s)	
# KTU 1.4 V:61						
159043	bl	bl(I)	bl (I)	adv. or emph. functor	no	DULAT direct ref
159044	ašt	!(ʔ&a!št[	/š-t/	vb G prefc. 1 c. sg.	to place, set, set up, leave	
159045	urbt	urb(t/t	ủrbt	n. f. sg. abs. nom.	window	
159046	b	b	b	prep.	in	
159047	bhtm	bht(II)/m	bt (II)	n. m. pl. cstr. gen.	2) palace	
# KTU 1.4 V:62						
159048	ḥln	ḥln/	ḥln	n. m. sg. abs. gen.	window	
159049	b	b	b	prep.	in	
159050	qrb	qrb/	qrb	n. m. sg. cstr. gen.	inside	
159051	hklm	hkl/+m(I)	hkl	n. m. cstr. gen.	palace	
# KTU 1.4 V:63						
159052	w	w	w	conj.	and	
159053	yˤn	!y!ˤn(y(I)[	/ʕ-n-y/ (I)	vb G prefc. 3 m. sg.	1) to answer	DULAT direct ref
159054	aliyn	aliyn/	ảlỉyn	adj. m. sg. abs. nom.	The Very / Most Powerful	
159055	bˤl	bˤl(II)/	bʕl (II)	DN m. sg. abs. nom.	Baʿlu/Baal	
# KTU 1.4 V:64						
159056	al	al(I)	ảl (I)	neg. functor	no	DULAT direct ref
159057	tšt	!t!št[	/š-t/	vb G prefc.	to place, set, set up, leave	
159058	urbt	urb(t/t	ủrbt	n. f. sg. abs. nom.	1) skylight	
159059	b	b	b	prep.	in	
159060	bhtm	bht(II)/m	bt (II)	n. m. pl. cstr. gen.	house	
# KTU 1.4 V:65						
159061	ḥln	ḥln/	ḥln	n. m. sg. abs. gen.	window	
159062	b	b	b	prep.	in	
159063	qrb	qrb/	qrb	n. m. sg. cstr. gen.	inside	
159064	hklm	hkl/+m(I)	hkl	n. m. cstr. gen.	palace	
# KTU 1.4 VI:1						
159065	w	w	w	conj.	and	
159066	yˤn	!y!ˤn(y(I)[	/ʕ-n-y/ (I)	vb G prefc. 3 m. sg.	to answer	
159066	yˤn	!y!ˤn[	/ʕ-n/	vb G prefc. 3 m. sg.	to see	
159066	yˤn	!y!ˤn[:pass	/ʕ-n/	vb Dpass prefc. 3 m. sg.	to see	
159066	yˤn	!y!ˤn(w[	/ʕ-n-w/	vb G prefc. 3 m. sg.	to be / remain depressed, humbled	
159066	yˤn	!y!ˤn(w[:pass	/ʕ-n-w/	vb Dpass prefc. 3 m. sg.	to humiliate	
159067	kṯr	kṯr(III)/	kṯr (III)	DN/element sg. abs. nom.	Koṯaru/Kothar	
159068	w	w	w	conj.	and	
159069	ḫss	ḫss/	ḫss	DN/element sg. abs. nom.	Ḫasisu/Khasis	
# KTU 1.4 VI:2						
159070	tṯb	!t!(yṯb[:w	/y-ṯ-b/	vb G prefc. 3 m. pl.	to sit down	
159071	bˤl	bˤl(II)/	bʕl (II)	n. m. pl. cstr. nom.	Baʿlu/Baal	
159071	bˤl	bˤl(II)/	bʕl (II)	n. m. sg. abs. nom.	Baʿlu/Baal	
159072	l	l(I)	l (I)	prep.	to	
159073	hwty	hw(t(I)/t+y	hwt (I)	n. f. sg. cstr. gen.	word	
# KTU 1.4 VI:3						
159074	ṯn	ṯn(I)/	ṯn (I)	num.	two	
159074	ṯn	ṯn(II)/	ṯn (II)	num./adj. sg.	second	
159074	ṯn	ṯn(III)/	ṯn (III)	n. m. sg. abs. nom.	crimson (cloth, wool, purple)	
159075	rgm	rgm/	rgm	n. m. sg. abs. nom.	1) word	DULAT direct ref
159076	kṯr	kṯr(III)/	kṯr (III)	DN/element sg. abs. nom.	Koṯaru/Kothar	
159077	w	w	w	conj.	and	
159078	ḫss	ḫss/	ḫss	DN/element sg. abs. nom.	Ḫasisu/Khasis	
# KTU 1.4 VI:4						
159079	smˤ	?	?	?	?	DULAT: NOT FOUND
159080	mˤ	mˤ(II)	mʕ (II)	adv.	as one	
159081	l	l(I)	l (I)	prep.	to	
159082	aliyn	aliyn/	ảlỉyn	adj. m. sg. abs. gen.	The Very / Most Powerful	
159083	bˤl	bˤl(II)/	bʕl (II)	DN m. sg. cstr. nom.	Baʿlu/Baal	
# KTU 1.4 VI:5						
159084	bl	bl(III)/	bl (III)	n. m. sg. abs. gen.	blended beer	
159085	ašt	!(ʔ&a!št[	/š-t/	vb G prefc. 1 c. sg.	to place	
159086	urbt	urb(t/t	ủrbt	n. f. sg. abs. nom.	window	
159087		?	?	?	?	
159088	b	b	b	prep.	in	
159089	bhtm	bht(II)/m	bt (II)	n. m. pl. cstr. gen.	house	
# KTU 1.4 VI:6						
159090	ḥln	ḥln/	ḥln	n. m. sg. abs. gen.	window	
159091	b	b	b	prep.	in	
159092	qrb	qrb/	qrb	n. m. sg. cstr. gen.	inside	
159093	hklm	hkl/+m(I)	hkl	n. m. cstr. gen.	palace	
# KTU 1.4 VI:7						
159094	w	w	w	conj.	and	
159095	ˤn	ˤn(I)/	ʕn (I)	n. f. du. cstr. nom.	eye	
159095	ˤn	ˤn(I)/	ʕn (I)	n. f. sg. cstr. nom.	eye	
159095	ˤn	ˤn(I)/	ʕn (I)	n. f. sg. abs. nom.	eye	
159095	ˤn	ˤn[	/ʕ-n/	vb G impv. 2	to see	
159095	ˤn	ˤn(II)/	ʕn (II)	n. f. sg. abs. nom.	furrow	
159096	aliyn	aliyn/	ảlỉyn	adj. m. sg. abs. nom.	The Very / Most Powerful	
159097	bˤl	bˤl(II)/	bʕl (II)	DN m. sg. abs. nom.	Baʿlu/Baal	
# KTU 1.4 VI:8						
159098	al	al(I)	ảl (I)	neg. functor	no	
159098	al	al(II)	ảl (II)	pos. functor	surely	
159099	tšt	!t!št[	/š-t/	vb G prefc.	to place	
159099	tšt	!t!št(y[	/š-t-y/	vb G prefc. 3 f. sg.	to drink	
159099	tšt	!t=!št(y[	/š-t-y/	vb G prefc. 2 m. sg.	to drink	
159099	tšt	!t==!št(y[	/š-t-y/	vb G prefc. 2 f. sg.	to drink	
159099	tšt	!t!št(y[	/š-t-y/	vb G prefc. 3 m. du.	to drink	
159099	tšt	!t!št(y[:w	/š-t-y/	vb G prefc. 3 m. pl.	to drink	
159099	tšt	!t===!št(y[	/š-t-y/	vb G prefc. 2 m. pl.	to drink	
159100	urbt	urb(t/t	ủrbt	n. f. sg. abs. nom.	window	
159101	b	b	b	prep.	in	
159102	bhtm	bht(II)/m	bt (II)	n. m. pl. cstr. gen.	house	
# KTU 1.4 VI:9						
159103	ḥln	ḥln/	ḥln	n. m. sg. abs. gen.	window	
159104	b	b	b	prep.	in	
159105	qrb	qrb/	qrb	n. m. sg. cstr. gen.	inside	
159106	hklm	hkl/+m(I)	hkl	n. m. cstr. gen.	palace	
# KTU 1.4 VI:10						
159107	al	al(I)	ảl (I)	neg. functor	no	DULAT direct ref
159108	tdd	!t!(ndd[	/n-d-d/	vb G prefc.	to go, move	
159109	pdry	pdry/	pdry	DN sg. cstr. nom.	Pidray	
159109	pdry	pdr(I)/+y	pdr (I)	n. m. cstr. nom.	town	
159110	bt	b(t(I)/t	bt (I)	n. f. sg. cstr. gen.	daughter	
159111	ar	ar/	ả/ỉr	n. m. sg. abs. gen.	light	
# KTU 1.4 VI:11						
159112	thṭxx	?	?	?	?	DULAT: NOT FOUND
159113	ṭly	ṭl/+y	ṭl	n. m. cstr. nom.	dew	
159113	ṭly	ṭly/	ṭly	DN sg. cstr. nom.	Tallay	
159114	bt	b(t(I)/t	bt (I)	n. f. sg. cstr. gen.	daughter	
159115	rb	rb(II)/	rb (II)	n. m. sg. abs. gen.	chief	
159115	rb	rb/	rb(b)	n. m. sg. abs. gen.	drizzle	
# KTU 1.4 VI:12						
159116	xxxxxxx	?	?	?	?	
159117	mdd	mdd(I)/	mdd (I)	n. m. sg. cstr. nom.	beloved	
159118	il	il(I)/	ỉl (I)	DN m. sg. cstr. gen.	ʾIlu/Ilu/El	
159118	il	il(I)/	ỉl (I)	n. m. sg. cstr. gen.	god	
159119	ym	ym(II)/	ym (II)	n. m. sg. abs. gen.	2) DN	DULAT direct ref
# KTU 1.4 VI:13						
159120	xxxxx	?	?	?	?	
159121		?	?	?	?	
159122	qlṣn	!!qlṣ[/+n	/q-l-ṣ/	vb G inf.	to resist, stand up to, oppose	
159122	qlṣn	!!qlṣ[/+n	/q-l-ṣ/	vb D inf.	to resist, stand up to, oppose	
159123	wpṯm	!!wpṯ[/~m	/w-p-ṯ/	vb D inf.	to spit	
# KTU 1.4 VI:14						
159124	xxxxx	?	?	?	?	
159125	w	w	w	conj.	and	
159126	yˤn	!y!ˤn(y(I)[	/ʕ-n-y/ (I)	vb G prefc. 3 m. sg.	to answer	
159126	yˤn	!y!ˤn[	/ʕ-n/	vb G prefc. 3 m. sg.	to see	
159126	yˤn	!y!ˤn[:pass	/ʕ-n/	vb Dpass prefc. 3 m. sg.	to see	
159126	yˤn	!y!ˤn(w[	/ʕ-n-w/	vb G prefc. 3 m. sg.	to be / remain depressed, humbled	
159126	yˤn	!y!ˤn(w[:pass	/ʕ-n-w/	vb Dpass prefc. 3 m. sg.	to humiliate	
159127	kṯr	kṯr(III)/	kṯr (III)	DN/element sg. abs. nom.	Koṯaru/Kothar	
# KTU 1.4 VI:15						
159128	w	w	w	conj.	and	
159129	ḫss	ḫss/	ḫss	DN/element sg. abs. nom.	Ḫasisu/Khasis	
159130	tṯb	!t!ṯb[	/ṯ-b/	vb G prefc.	to return, turn round, go back, make one’s way, go through	DULAT direct ref
159130	tṯb	&tṯb[	/ṯ-b/	vb G suffc. 3 m. sg.	to return, turn round, go back, make one’s way, go through	DULAT direct ref
159131	bˤl	bˤl(II)/	bʕl (II)	n. m. pl. cstr. nom.	Baʿlu/Baal	
159131	bˤl	bˤl(II)/	bʕl (II)	n. m. sg. abs. nom.	Baʿlu/Baal	
159132	l	l(I)	l (I)	prep.	to	DULAT direct ref
159133	hwty	hw(t(I)/t+y	hwt (I)	n. f. sg. cstr. gen.	word	
# KTU 1.4 VI:16						
159134	ilm	il(I)/m	ỉl (I)	n. m. pl. abs. nom.	god	
159135	bhth	b&ht(II)/+h	bt (II)	n. m. cstr. nom.	house	
159136	tbnn	!t!bn(y[n	/b-n-y/	vb G prefc.	to build	
# KTU 1.4 VI:17						
159137	xxx	?	?	?	?	
159138		?	?	?	?	
159139	trmm	!t!rmm[:l	/r-m/	vb L prefc.	to erect	
159140	hklh	hkl/+h	hkl	n. m. cstr. nom.	palace	
# KTU 1.4 VI:18						
159141	ytlk	!y!(htlk[	/h-l-k/	vb Gt prefc. 3 m. sg.	to scour	
159142	l	l(I)	l (I)	prep.	to	DULAT direct ref
159143	lbnn	lbnn(I)/	lbnn (I)	TN sg. abs. gen.	Lebanon	DULAT direct ref
159144	w	w	w	conj.	and	
159145	ˤṣh	ˤṣ/+h	ʕṣ	n. m. cstr. nom.	1) tree	
# KTU 1.4 VI:19						
159146	l	l(I)	l (I)	prep.	to	
159147	šryn	šryn/	šryn	TN sg. abs. gen.	šryn	
159148	mḥmd	mḥmd/	mḥmd	adj. m. sg. abs. nom.	desired	
159149	arzh	arz(I)/+h	ảrz (I)	n. m. cstr. nom.	1) a conifer	
# KTU 1.4 VI:20						
159150	hn	hn	hn	functor	1) as a deictic functor	
159151	lbnn	lb/+nn	lb	n. m. cstr. nom.	heart	
159151	lbnn	lbnn(I)/	lbnn (I)	TN sg. abs. nom.	Lebanon	
159151	lbnn	lbnn(II)	lbnn (II)	element		
159152	w	w	w	conj.	and	
159153	ˤṣh	ˤṣ/+h	ʕṣ	n. m. cstr. nom.	tree	
# KTU 1.4 VI:21						
159154	šryn	šryn/	šryn	TN sg. abs. nom.	šryn	
159155	mḥmd	mḥmd/	mḥmd	adj. m. sg. abs. nom.	desired	
159156	arzh	arz(I)/+h	ảrz (I)	n. m. cstr. nom.	cedar	
# KTU 1.4 VI:22						
159157	tšt	!t!št[	/š-t/	vb G prefc.	to place, set, set up, leave	
159158		?	?	?	?	
159159	išt	iš(t/t	ỉšt	n. f. sg. abs. nom.	1) fire	
159160	b	b	b	prep.	in	
159161	bhtm	bht(II)/m	bt (II)	n. m. pl. cstr. gen.	2) palace	
# KTU 1.4 VI:23						
159162	nblat	?	?	?	?	DULAT candidates (no reconstructable encoding): nblủ - flame
159163	b	b	b	prep.	in	
159164	hklm	hkl/+m(I)	hkl	n. m. cstr. gen.	palace	
# KTU 1.4 VI:24						
159165	hn	hn	hn	functor	1) as a deictic functor	
159166	ym	ym(I)/	ym (I)	n. m. sg. cstr. nom.	1) day b) as a period in time	DULAT direct ref
159166	ym	ym(I)/	ym (I)	n. m. sg. abs. nom.	1) day b) as a period in time	DULAT direct ref
159167	w	w	w	conj.	and	
159168	ṯn	ṯn(II)/	ṯn (II)	num./adj. sg.	1) second	DULAT direct ref
159169	tikl	!t!(ʔ&ikl[	/ʔ-k-l/	vb G prefc.	to eat	
# KTU 1.4 VI:25						
159170	išt	iš(t/t	ỉšt	n. f. sg. abs. nom.	1) fire	
159171		?	?	?	?	
159172	b	b	b	prep.	1) spatial location a) place in which something occurs	
159173	bhtm	bht(II)/m	bt (II)	n. m. pl. cstr. gen.	2) palace	
159174	nblat	?	?	?	?	DULAT candidates (no reconstructable encoding): nblủ - flame
# KTU 1.4 VI:26						
159175	b	b	b	prep.	in	
159176	hklm	hkl/+m(I)	hkl	n. m. cstr. gen.	palace	
159177	ṯlṯ	ṯlṯ(I)/	ṯlṯ (I)	num.	three	
159177	ṯlṯ	ṯlṯ(V)/	ṯlṯ (V)	n. m. sg. abs. nom.	copper	
159177	ṯlṯ	ṯlṯ(II)/	ṯlṯ (II)	adj. m. sg. abs. nom.	third	
159178	kbˤ	?	?	?	?	DULAT: NOT FOUND
159179	ym	ym(I)/	ym (I)	n. m. sg. cstr. nom.	day	
159179	ym	ym(I)/	ym (I)	n. m. sg. abs. nom.	day	
159179	ym	ym(II)/	ym (II)	n. m. sg. abs. nom.	sea	
# KTU 1.4 VI:27						
159180	tikl	!t!(ʔ&ikl[	/ʔ-k-l/	vb G prefc.	to eat	
159181	išt	iš(t/t	ỉšt	n. f. sg. abs. nom.	fire	
159182	b	b	b	prep.	in	
159183	bhtm	bht(II)/m	bt (II)	n. m. pl. cstr. gen.	house	
# KTU 1.4 VI:28						
159184	nblat	?	?	?	?	DULAT candidates (no reconstructable encoding): nblủ - flame
159185		?	?	?	?	
159186	b	b	b	prep.	in	
159187	hklm	hkl/+m(I)	hkl	n. m. cstr. gen.	palace	
# KTU 1.4 VI:29						
159188	ḫmš	ḫmš(I)/	ḫmš (I)	num.	five	
159189	ṯdṯ	ṯdṯ/	ṯdṯ	adj. sg. abs. nom.	sixth	
159190	ym	ym(I)/	ym (I)	n. m. sg. cstr. nom.	day	
159190	ym	ym(I)/	ym (I)	n. m. sg. abs. nom.	day	
159190	ym	ym(II)/	ym (II)	n. m. sg. abs. nom.	sea	
159191	tikl	!t!(ʔ&ikl[	/ʔ-k-l/	vb G prefc.	to eat	
# KTU 1.4 VI:30						
159192	išt	iš(t/t	ỉšt	n. f. sg. abs. nom.	fire	
159193	b	b	b	prep.	in	
159194	bhtm	bht(II)/m	bt (II)	n. m. pl. cstr. gen.	house	
159195	nblat	?	?	?	?	DULAT candidates (no reconstructable encoding): nblủ - flame
# KTU 1.4 VI:31						
159196	b	b	b	prep.	in	
159197	qrb	qrb/	qrb	n. m. sg. cstr. gen.	inside	
159198	hklm	hkl/+m(I)	hkl	n. m. cstr. gen.	palace	
159199	mk	mk(II)	mk (II)	deictic functor	behold!	
159199	mk	mk(I)/	mk (I)	n. m. sg. abs. nom.	large puddle	
# KTU 1.4 VI:32						
159200	b	b	b	prep.	in	
159201	šbˤ	šbˤ(I)/	šbʕ (I)	num.	seven	
159202		?	?	?	?	
159203	ymm	ym(I)/m	ym (I)	n. m. pl. abs. nom.	1) day a) as a date	DULAT direct ref
159204	td	!t!(nd[	/n-d(-y)/	vb G prefc.	to throw	
159205	išt	iš(t/t	ỉšt	n. f. sg. abs. nom.	1) fire	
# KTU 1.4 VI:33						
159206	b	b	b	prep.	in	
159207	bhtm	bht(II)/m	bt (II)	n. m. pl. cstr. gen.	house	
159208	nblat	?	?	?	?	DULAT candidates (no reconstructable encoding): nblủ - flame
159209	b	b	b	prep.	in	
159210	hklm	hkl/+m(I)	hkl	n. m. cstr. gen.	palace	
# KTU 1.4 VI:34						
159211	sb	?	?	?	?	DULAT candidates (no reconstructable encoding): /s:ś-b-b/ - to turn round, go round and round, go through
159212	ksp	ksp/	ksp	n. m. sg. abs. nom.	1) silver c) treatment	
159213	l	l(I)	l (I)	prep.	to	DULAT direct ref
159214	rqm	rq(I)/m	rq (I)	n. m. pl. cstr. gen.	sheet	
159215	ḫrṣ	ḫrṣ/	ḫrṣ	n. m. sg. abs. gen.	1) gold a) in general	
# KTU 1.4 VI:35						
159216	nsb	]n]sb[	/s:ś-b-b/	vb N suffc. 3 m. sg.	to be changed into	
159217	l	l(I)	l (I)	prep.	to	
159218	lbnt	lbn(t/t	lbnt	n. f. sg. abs. gen.	brick	DULAT direct ref
159218	lbnt	lbn(t/t=	lbnt	n. f. pl. abs. gen.	brick	DULAT direct ref
159219	šmḫ	šmḫ[	/š-m-ḫ/	vb G suffc. 3 m. sg.	to be glad	
159219	šmḫ	!!šmḫ[/	/š-m-ḫ/	vb G inf.	to be glad	
# KTU 1.4 VI:36						
159220	aliyn	aliyn/	ảlỉyn	adj. m. sg. abs. nom.	The Very / Most Powerful	
159221	bˤl	bˤl(II)/	bʕl (II)	DN m. sg. cstr. nom.	Baʿlu/Baal	
159222	bhty	b&ht(II)/+y	bt (II)	n. m. cstr. gen.	2) palace	
159223	bnt	bn(t(I)/t	bnt (I)	n. f. sg. abs. nom.	masonry	DULAT direct ref
# KTU 1.4 VI:37						
159224	dt	d+t	d	det. or rel. functor	1) the one(s) of a) det. of quality	
159225	ksp	ksp/	ksp	n. m. sg. cstr. nom.	1) silver b) items made of silver	
159226	hkly	hkl/+y	hkl	n. m. cstr. gen.	palace	
159227		?	?	?	?	
159228	dtm	d&tm	d	det. or rel. functor	1) the one(s) of a) det. of quality	
# KTU 1.4 VI:38						
159229	ḫrṣ	ḫrṣ/	ḫrṣ	n. m. sg. abs. nom.	1) gold b) in craftwork	
159230	ˤdbt	ˤdb[t	/ʕ-d-b/	vb G suffc. 1 c. sg.	to leave > to put in > to place	
159231	bhth	b&ht(II)/+h	bt (II)	n. m. cstr. nom.	2) palace	
159232	bˤl	bˤl(II)/	bʕl (II)	n. m. pl. cstr. nom.	Baʿlu/Baal	
159232	bˤl	bˤl(II)/	bʕl (II)	n. m. sg. abs. nom.	Baʿlu/Baal	
# KTU 1.4 VI:39						
159233	yˤdb	!y!ˤdb[	/ʕ-d-b/	vb G prefc. 3 m. sg.	to leave > to put in > to place	
159234	hd	hd/	hd(d)	DN sg. cstr. nom.	Haddu/Hadad	
159235	ˤdb	ˤdb[/	/ʕ-d-b/	vb G act. ptcpl. m. sg. abs. gen.	to leave > to put in > to place	
159235	ˤdb	ˤdb[/	/ʕ-d-b/	vb G pass. ptcpl. m. sg. abs. gen.	to leave > to put in > to place	
159236	ˤdbt	ˤdb[t	/ʕ-d-b/	vb G suffc. 1 c. sg.	to leave > to put in > to place	
# KTU 1.4 VI:40						
159237	hklh	hkl/+h	hkl	n. m. cstr. nom.	palace	
159238	ṭbḫ	ṭbḫ[	/ṭ-b-ḫ/	vb G suffc. 3 m. sg.	to sacrifice	
159238	ṭbḫ	ṭbḫ[	/ṭ-b-ḫ/	vb G impv. 2	to sacrifice	
159239	alpm	alp(I)/m	ảlp (I)	n. m. pl. cstr. nom.	(head of) cattle	
159240	ap	ap(II)/	ảp (II)	n. m. sg. cstr. gen.	nose	
# KTU 1.4 VI:41						
159241	ṣin	ṣin(I)/	ṣỉn (I)	n. f. sg. cstr. gen.	ewe	
159242	šql	šql/	šql	TN sg. cstr. gen.	šql	
159243	ṯrm	ṯr(I)/m	ṯr (I)	n. m. pl. abs. gen.	1) bull	DULAT direct ref
159244	w	w	w	conj.	and	
159245	m	m	m(h)	pers. pn.	what?	
# KTU 1.4 VI:42						
159246	ria	?	?	?	?	DULAT: NOT FOUND
159247	il	il(I)/	ỉl (I)	DN m. sg. cstr. nom.	ʾIlu/Ilu/El	DULAT direct ref
159247	il	il(I)/	ỉl (I)	n. m. sg. cstr. nom.	2) DN d) El’s possessions or property (often to be understood as in 1. g)	DULAT direct ref
159248	ˤglm	ˤgl(I)/+m(I)	ʕgl (I)	n. m. cstr. gen.	calf	
159249	dt	d+t	d	det. or rel. functor	the one(s) of	
# KTU 1.4 VI:43						
159250	šnt	šn(t(I)/t	šnt (I)	n. f. sg. cstr. nom.	year	
159251	imr	imr(I)/	ỉmr (I)	n. m. sg. cstr. gen.	lamb	
159252	qmṣ	qmṣ(I)/	qmṣ (I)	n. m. sg. cstr. gen.	heap	
159253	llim	ll(u&i/m	llủ	n. m. pl. abs. gen.	suckling (lamb or kid)	
# KTU 1.4 VI:44						
159254	ṣḥ	ṣḥ[	/ṣ-ḥ/	vb G impv. 2	to exclaim, shout	
159255	aḫh	aḫ(I)/+h	ảḫ (I)	n. m. cstr. nom.	2) in a figurative sense b) neighbour	
159256	b	b	b	prep.	1) spatial location c) goal of movement or action	
159257	bhth	b&ht(II)/+h	bt (II)	n. m. cstr. gen.	2) palace	
159258	aryh	ary(I)/+h	ảry (I)	n. m. sg. cstr. nom.	fellow	
# KTU 1.4 VI:45						
159259	b	b	b	prep.	in	
159260	qrb	qrb/	qrb	n. m. sg. cstr. gen.	inside	
159261	hklh	hkl/+h	hkl	n. m. cstr. gen.	palace	
159262	ṣḥ	ṣḥ[	/ṣ-ḥ/	vb G impv. 2	to exclaim, shout	
# KTU 1.4 VI:46						
159263	šbˤm	šbˤm/	šbʕm	num.	1) seventy a) appositional syntagm	
159264	bn	bn(I)/	bn (I)	n. m. sg. cstr. nom.	2) son of DN a) in mythological texts	DULAT direct ref
159265	aṯrt	aṯr(t(II)/t	ảṯrt (II)	DN f. sg. abs. gen.	ʾAṯiratu/Athirat/Asherah/El’s wife	
# KTU 1.4 VI:47						
159266	špq	]š]pq[	/p-q/	vb Š suffc. 3 m. sg.	to supply, provide (with)	
159267	ilm	il(I)/m	ỉl (I)	n. m. pl. cstr. nom.	1) god e) classes and groups of gods	
159268	krm	krm/	krm	n. m. sg. cstr. gen.	vineyard	
159269	yn	yn/	yn	n. m. sg. abs. gen.	1) wine a) yn	
# KTU 1.4 VI:48						
159270	špq	]š]pq[	/p-q/	vb Š suffc. 3 m. sg.	to supply	
159271	ilht	il(t(I)/&ht	ỉlt (I)	n. f. pl. cstr. nom.	1) goddess b) classes and groups of goddesses	
159272	ḫprt	ḫpr(t/t	ḫprt	n. f. sg. cstr. gen.	ewe lamb	
159273	yn	yn/	yn	n. m. sg. abs. gen.	wine	
# KTU 1.4 VI:49						
159274	špq	]š]pq[	/p-q/	vb Š suffc. 3 m. sg.	to supply	
159275	ilm	il(I)/m	ỉl (I)	n. m. pl. cstr. nom.	god	
159276	alpm	alp(I)/m	ảlp (I)	n. m. pl. cstr. gen.	2) “bullock”	DULAT direct ref
159277	yn	yn/	yn	n. m. sg. abs. gen.	wine	
# KTU 1.4 VI:50						
159278	špq	]š]pq[	/p-q/	vb Š suffc. 3 m. sg.	to supply	
159279	ilht	il(t(I)/&ht	ỉlt (I)	n. f. pl. cstr. nom.	goddess	
159280	arḫt	arḫ/t	ảrḫ	n. f. sg. cstr. gen.	cow	
159281	yn	yn/	yn	n. m. sg. abs. gen.	wine	
# KTU 1.4 VI:51						
159282	špq	]š]pq[	/p-q/	vb Š suffc. 3 m. sg.	to supply	
159283	ilm	il(I)/m	ỉl (I)	n. m. pl. cstr. nom.	god	
159284	kḥṯm	kḥṯ/m	kḥṯ	n. m. pl. cstr. gen.	throne	
159285	yn	yn/	yn	n. m. sg. abs. gen.	wine	
# KTU 1.4 VI:52						
159286	špq	]š]pq[	/p-q/	vb Š suffc. 3 m. sg.	to supply	
159287	ilht	il(t(I)/&ht	ỉlt (I)	n. f. pl. cstr. nom.	goddess	
159288	ksat	ksa/t=	ks/śủ	n. f. pl. abs. gen.	seat	
# KTU 1.4 VI:53						
159289	špq	]š]pq[	/p-q/	vb Š suffc. 3 m. sg.	to supply	
159290	ilm	il(I)/m	ỉl (I)	n. m. pl. cstr. nom.	god	
159291	rḥbt	rḥb(t/t	rḥbt	n. f. sg. cstr. gen.	amphora	
159292	yn	yn/	yn	n. m. sg. abs. gen.	wine	
# KTU 1.4 VI:54						
159293	špq	]š]pq[	/p-q/	vb Š suffc. 3 m. sg.	to supply	
159294	ilht	il(t(I)/&ht	ỉlt (I)	n. f. pl. cstr. nom.	goddess	
159295	dkrt	dkrt/	dkrt	n. f. pl. cstr. gen.	bowl	
# KTU 1.4 VI:55						
159296	ˤd	ˤd(III)/	ʕd (III)	n. m. sg. abs. gen.	throne	
159296	ˤd	ˤd(II)/	ʕd (II)	n. m. sg. abs. gen.	time	
159297	lḥm	lḥm[:w	/l-ḥ-m/ (I)	vb G suffc. 3 m. pl.	1) to eat	DULAT direct ref
159298	šty	šty[	/š-t-y/	vb G suffc. 3 m. sg.	to drink	
159298	šty	šty[	/š-t-y/	vb G impv. 2	to drink	
159298	šty	!!šty[/	/š-t-y/	vb G inf.	to drink	
159299	ilm	il(I)/m	ỉl (I)	n. m. pl. abs. nom.	1) god b) activities of the gods	
# KTU 1.4 VI:56						
159300	w	w	w	conj.	3) in the correlation protasis-apodosis	
159301	pq	pq[	/p-q/	vb G suffc. 3 m. sg.	to obtain, acquire	
159301	pq	!!pq[/	/p-q/	vb G inf.	to obtain, acquire	
159302	mrġṯm	mrġṯ/+m(I)	mrġṯ	n. m. cstr. nom.	suckling	
159303	ṯd	ṯd/	ṯd	n. m. pl. cstr. nom.	1) breast	DULAT direct ref
159303	ṯd	ṯd/	ṯd	n. m. sg. abs. nom.	1) breast	DULAT direct ref
# KTU 1.4 VI:57						
159304	b	b	b	prep.	in	
159305	ḥrb	ḥrb/	ḥrb	n. f. sg. cstr. gen.	knife	
159306	mlḥt	mlḥ(t/t	mlḥt	n. f. sg. cstr. gen.	salt	
159307	qṣ	qṣ/	qṣ	n. m. sg. cstr. gen.	end	
159308	mr	mr(I)/	mr (I)	n. m. sg. abs. gen.	myrrh	
# KTU 1.4 VI:58						
159309	i	i(I)	ỉ (I)	interj.	woe	
159310	tšty	!t!šty[:w	/š-t-y/	vb G prefc. 3 m. pl.	to drink	
159311	krpnm	krpn/m	krpn	n. m. pl. cstr. nom.	cup	
159312	yn	yn/	yn	n. m. sg. abs. gen.	wine	
# KTU 1.4 VI:59						
159313	b	b	b	prep.	in	
159314	ks	ks(I)/	ks (I)	n. m. sg. cstr. gen.	cup	
159314	ks	ks/	ks/śm(n)	n. m. pl. cstr. gen.	emmer-corn	
159315	ḫrṣ	ḫrṣ/	ḫrṣ	n. m. sg. cstr. gen.	gold	
159316	dm	dm(II)/	dm (II)	n. m. sg. cstr. gen.	blood	
159317	ˤṣm	ˤṣ/m	ʕṣ	n. m. pl. abs. gen.	tree	
# KTU 1.4 VI:60						
159318	n	~n	-n (I)	encl. morph.		DULAT: NOT FOUND
159318	n		-n (IV)	vb	him/her/it	DULAT: NOT FOUND
# KTU 1.4 VI:61						
159319	t	/t, /t=				DULAT: NOT FOUND
159319	t	[t, [t=, [t==, [t===				DULAT: NOT FOUND
# KTU 1.4 VI:62						
159320	ṯ	ṯ	ṯ	→	?	
# KTU 1.4 VI:63						
159321	n	~n	-n (I)	encl. morph.		DULAT: NOT FOUND
159321	n		-n (IV)	vb	him/her/it	DULAT: NOT FOUND
# KTU 1.4 VI:64						
159322	xt	?	?	?	?	DULAT: NOT FOUND
# KTU 1.4 VI:65						
159323	x	?	?	?	?	
# KTU 1.4 VII:1						
159324	xxxxxx	?	?	?	?	
159325		?	?	?	?	
159326	iqnim	iqn(u&i/m	ỉqnủ	n. m. pl. abs. nom.	gem of lapis lazuli	
159327	xxx	?	?	?	?	
# KTU 1.4 VII:2						
159328	xxxxxx	?	?	?	?	
159329	aliyn	aliyn/	ảlỉyn	adj. m. sg. abs. nom.	The Very / Most Powerful	
159330	bˤl	bˤl(II)/	bʕl (II)	DN m. sg. abs. nom.	Baʿlu/Baal	
# KTU 1.4 VII:3						
159331	kxxxx	?	?	?	?	DULAT: NOT FOUND
159332	tk	tk/	tk	n. m. cstr. nom.	centre	
159333	mdd	mdd(I)/	mdd (I)	n. m. sg. cstr. gen.	beloved	
159334	il	il(I)/	ỉl (I)	DN m. sg. cstr. gen.	ʾIlu/Ilu/El	
159334	il	il(I)/	ỉl (I)	n. m. sg. cstr. gen.	god	
# KTU 1.4 VII:4						
159335	ym	ym(I)/	ym (I)	n. m. sg. abs. gen.	day	
159335	ym	ym(II)/	ym (II)	n. m. sg. abs. gen.	sea	
159336	xxxx	?	?	?	?	
159337		?	?	?	?	
159338	l	l(I)	l (I)	prep.	to	DULAT direct ref
159339	ẓr	ẓr(I)/	ẓr (I)	n. m. cstr. gen.	upon	
159340	qdqdh	qdqd/+h	qdqd	n. m. cstr. gen.	skull	
# KTU 1.4 VII:5						
159341	il	il(I)/	ỉl (I)	DN m. sg. cstr. nom.	ʾIlu/Ilu/El	
159341	il	il(I)/	ỉl (I)	DN m. sg. abs. nom.	ʾIlu/Ilu/El	
159341	il	il(I)/	ỉl (I)	n. m. sg. cstr. nom.	god	
159341	il	il(I)/	ỉl (I)	n. m. sg. abs. nom.	god	
159342	hd	hd/	hd(d)	DN sg. abs. nom.	Haddu/Hadad	
159343	b	b	b	prep.	in	
159344	rḥq	rḥq[	/r-ḥ-q/	vb G impv. 2	to go away	DULAT direct ref
159345	b	b	b	prep.	in	
159346	ġr	ġr(I)/	ġr (I)	n. m. sg. abs. gen.	mountain	
# KTU 1.4 VII:6						
159347	km	km	km	prep./conj./adv.		
159348	yxxx	?	?	?	?	DULAT: NOT FOUND
159349		?	?	?	?	
159350	ilm	il(I)/m	ỉl (I)	n. m. pl. abs. nom.	god	
159351	b	b	b	prep.	in	
159352	ṣpn	ṣpn/	ṣpn	TN/DN sg. abs. gen.	Ṣapānu/Zaphon/the mountain dwelling of bʕl deified	
# KTU 1.4 VII:7						
159353	ˤdr	?	?	?	?	DULAT: NOT FOUND
159354	l	l(I)	l (I)	prep.	to	
159355	ˤr	ˤr(I)/	ʕr (I)	n. f. sg. cstr. gen.	city	DULAT direct ref
159356	ˤrm	ˤr(I)/~m	ʕr (I)	n. f. sg. abs. gen.	city	DULAT direct ref
# KTU 1.4 VII:8						
159357	ṯb	ṯb[	/ṯ-b/	vb G suffc. 3 m. sg.	to return, turn round, go back, make one’s way, go through	
159357	ṯb	ṯb[	/ṯ-b/	vb G impv. 2	to return, turn round, go back, make one’s way, go through	
159358	l	l(I)	l (I)	prep.	to	DULAT direct ref
159359	pdr	pdr(I)/	pdr (I)	n. m. sg. cstr. gen.	town	DULAT direct ref
159360	pdrm	pdr(I)/m	pdr (I)	n. m. pl. abs. gen.	town	
# KTU 1.4 VII:9						
159361	ṯṯ	ṯṯ/	ṯṯ	num.	2) composite numbers	
159362	l	l(I)	l (I)	prep.	to	
159363	ṯṯm	ṯṯm/	ṯṯm	num.	2) composite numbers	
159364	aḫd	(ʔ&aḫd[	/ʔ-ḫ-d(/ḏ)/	vb G suffc. 3 m. sg.	to collect, to take (back), grasp, seize, hold	
159365	ˤr	ˤr(I)/	ʕr (I)	n. f. sg. abs. nom.	city	DULAT direct ref
# KTU 1.4 VII:10						
159366	šbˤm	šbˤ(I)&m/	šbʕ (I)	num. f.	2) composite numbers b) tens	
159366	šbˤm	šbˤm/	šbʕm	num.	1) seventy c) in composite numbers	
159367	šbˤ	šbˤ(I)/	šbʕ (I)	num.	2) composite numbers b) tens	
159368	pdr	pdr(I)/	pdr (I)	n. m. sg. cstr. nom.	town	DULAT direct ref
159368	pdr	pdr(I)/	pdr (I)	n. m. sg. abs. nom.	town	DULAT direct ref
# KTU 1.4 VII:11						
159369	ṯmnym	ṯmnym/	ṯmnym	num.	eighty	
159370	bˤl	bˤl(II)/	bʕl (II)	n. m. pl. cstr. nom.	Baʿlu/Baal	
159370	bˤl	bˤl(II)/	bʕl (II)	n. m. sg. cstr. nom.	Baʿlu/Baal	
159371	mḫṣ	mḫṣ[/	/m-ḫ-ṣ/	vb G act. ptcpl. m. sg. abs. gen.	to wound	
159371	mḫṣ	mḫṣ(II)/	mḫṣ (II)	n. m. sg. abs. gen.	striking instrument	
# KTU 1.4 VII:12						
159372	tšˤm	tšˤm/	tšʕm	num.	ninety	
159373	bˤl	bˤl(II)/	bʕl (II)	n. m. pl. cstr. nom.	Baʿlu/Baal	
159373	bˤl	bˤl(II)/	bʕl (II)	n. m. sg. abs. nom.	Baʿlu/Baal	
159374	mrr	?	?	?	?	DULAT: NOT FOUND
# KTU 1.4 VII:13						
159375	b	b	b	prep.	in	
159376	bt	b(t(I)/t	bt (I)	n. f. sg. abs. gen.	daughter	
159377	ˤrb	ˤrb[:w	/ʕ-r-b/ (I)	vb G suffc. 3 m. pl.	1) to enter	DULAT direct ref
159378	bˤl	bˤl(II)/	bʕl (II)	n. m. pl. cstr. nom.	Baʿlu/Baal	
159378	bˤl	bˤl(II)/	bʕl (II)	n. m. sg. abs. nom.	Baʿlu/Baal	
159379	b	b	b	prep.	in	
159380	qrb	qrb/	qrb	n. m. sg. cstr. gen.	1) inside	DULAT direct ref
# KTU 1.4 VII:14						
159381	bt	bt(II)/	bt (II)	n. m. sg. abs. gen.	1) house	DULAT direct ref
159382	w	w	w	conj.	and	
159383	yˤn	!y!ˤn(y(I)[	/ʕ-n-y/ (I)	vb G prefc. 3 m. sg.	to answer	
159383	yˤn	!y!ˤn[	/ʕ-n/	vb G prefc. 3 m. sg.	to see	
159383	yˤn	!y!ˤn[:pass	/ʕ-n/	vb Dpass prefc. 3 m. sg.	to see	
159383	yˤn	!y!ˤn(w[	/ʕ-n-w/	vb G prefc. 3 m. sg.	to be / remain depressed, humbled	
159383	yˤn	!y!ˤn(w[:pass	/ʕ-n-w/	vb Dpass prefc. 3 m. sg.	to humiliate	
159384	aliyn	aliyn/	ảlỉyn	adj. m. sg. abs. nom.	The Very / Most Powerful	
# KTU 1.4 VII:15						
159385	bˤl	bˤl(II)/	bʕl (II)	DN m. sg. abs. nom.	Baʿlu/Baal	
159386		?	?	?	?	
159387	aštm	!(ʔ&a!št[m	/š-t/	vb G prefc. 1 c. sg.	to place, set, set up, leave	
159388	kṯr	kṯr(III)/	kṯr (III)	DN/element sg. abs. nom.	Koṯaru/Kothar	
159389	bn	b+n	b	prep.	2) temporal situation a) time when something happens	DULAT direct ref
# KTU 1.4 VII:16						
159390	ym	ym(I)/	ym (I)	n. m. sg. cstr. nom.	1) day a) as a date	DULAT direct ref
159390	ym	ym(I)/	ym (I)	n. m. sg. abs. nom.	1) day a) as a date	DULAT direct ref
159391	kṯr	kṯr(III)/	kṯr (III)	DN/element sg. abs. nom.	Koṯaru/Kothar	
159392	bnm	b&nm	b	prep.	in	
159392	bnm	bn(I)/m	bn (I)	n. m. pl. abs. nom.	son	
159393	ˤdt	ˤd(t(II)/t	ʕdt (II)	n. f. sg. abs. nom.	date	DULAT direct ref
# KTU 1.4 VII:17						
159394	yptḥ	!y!(]n]ptḥ[	/p-t-ḥ/	vb N prefc. 3 m. sg.	to be opened	DULAT quote in /p-t-ḥ/ (cue: opened)
159395	ḥln	ḥln/	ḥln	n. m. sg. abs. nom.	window	
159396	b	b	b	prep.	in	
159397	bhtm	bht(II)/m	bt (II)	n. m. pl. cstr. gen.	2) palace	
# KTU 1.4 VII:18						
159398	urbt	urb(t/t	ủrbt	n. f. sg. abs. gen.	window	
159399	b	b	b	prep.	in	
159400	qrb	qrb/	qrb	n. m. sg. cstr. gen.	inside	
159401	hkl	hkl/	hkl	n. m. sg. abs. gen.	palace	
# KTU 1.4 VII:19						
159402	m	m	m(h)	pers. pn.	what?	
159403	w	w	w	conj.	and	
159404	yptḥ	!y!ptḥ[	/p-t-ḥ/	vb G prefc. 3 m. sg.	to open	DULAT quote in ʕrpt (cue: open)
159405	bdqt	bdq(t/t	bdqt	n. f. sg. cstr. nom.	fissure	
159406	ˤrpt	ˤrp(t/t	ʕrpt	n. f. sg. abs. gen.	cloud(s)	DULAT direct ref
159406	ˤrpt	ˤrp(t/t=	ʕrpt	n. f. pl. abs. gen.	cloud(s)	DULAT direct ref
# KTU 1.4 VII:20						
159407	ˤl	ˤl(I)	ʕl (I)	prep.	2) relationship of cause a) according to	DULAT direct ref
159408	hwt	hw(t(I)/t	hwt (I)	n. f. sg. cstr. gen.	word	
159409	kṯr	kṯr(III)/	kṯr (III)	DN/element sg. abs. gen.	Koṯaru/Kothar	
159410	w	w	w	conj.	and	
159411	ḫss	ḫss/	ḫss	DN/element sg. abs. nom.	Ḫasisu/Khasis	
# KTU 1.4 VII:21						
159412	ṣḥq	ṣḥq[	/ṣ-ḥ-q/	vb G suffc. 3 m. sg.	to laugh	
159412	ṣḥq	!!ṣḥq[/	/ṣ-ḥ-q/	vb G inf.	to laugh	
159413	kṯr	kṯr(III)/	kṯr (III)	DN/element sg. abs. nom.	Koṯaru/Kothar	
159414	w	w	w	conj.	and	
159415	ḫss	ḫss/	ḫss	DN/element sg. abs. nom.	Ḫasisu/Khasis	
# KTU 1.4 VII:22						
159416	yšu	!y!(nš(ʔ[&u	/n-š-ʔ/	vb G prefc. 3 m. sg.	to raise	
159417		?	?	?	?	
159418	gh	g/+h	g	n. m. sg. cstr. nom.	(loud) voice	
159419		?	?	?	?	
159420	w	w	w	conj.	and	
159421	yṣḥ	!y!ṣḥ[	/ṣ-ḥ/	vb G prefc. 3 m. sg.	to exclaim	
# KTU 1.4 VII:23						
159422	l	l(II)	l (II)	adv.	no	DULAT direct ref
159423	rgmt	rgm[t	/r-g-m/	vb G suffc. 1 c. sg.	to say	
159424	lk	l(I)+k	l (I)	prep.	to	
159425	l	l(IV)	l (IV)	interj.	oh!	DULAT direct ref
159426	ali	?	?	?	?	DULAT: NOT FOUND
# KTU 1.4 VII:24						
159427	yn	yn/	yn	n. m. sg. cstr. nom.	wine	
159428	bˤl	bˤl(II)/	bʕl (II)	n. m. pl. abs. gen.	Baʿlu/Baal	
159428	bˤl	bˤl(II)/	bʕl (II)	n. m. sg. abs. gen.	Baʿlu/Baal	
159429	tṯbn	!t!ṯb[n	/ṯ-b/	vb G prefc.	to return, turn round, go back, make one’s way, go through	
159429	tṯbn	tṯbn[	/ṯ-b/	vb G suffc. 3 m. sg.	to return, turn round, go back, make one’s way, go through	
159430	bˤl	bˤl(II)/	bʕl (II)	n. m. pl. cstr. nom.	Baʿlu/Baal	
159430	bˤl	bˤl(II)/	bʕl (II)	n. m. sg. abs. nom.	Baʿlu/Baal	
# KTU 1.4 VII:25						
159431	l	l(I)	l (I)	prep.	to	
159432	hwty	hw(t(I)/t+y	hwt (I)	n. f. sg. cstr. gen.	word	
159433		?	?	?	?	
159434	yptḥ	!y!(]n]ptḥ[	/p-t-ḥ/	vb N prefc. 3 m. sg.	to be opened	DULAT quote in ḥln (cue: opened)
159435	ḥ	ḥ/	ḥ	n. m. abs. nom.	life	
# KTU 1.4 VII:26						
159436	ln	l(I)+n	l (I)	prep.	to	
159437	b	b	b	prep.	in	
159438	bhtm	bht(II)/m	bt (II)	n. m. pl. cstr. gen.	house	
159439	urbt	urb(t/t	ủrbt	n. f. sg. abs. gen.	window	
# KTU 1.4 VII:27						
159440	b	b	b	prep.	in	
159441	qrb	qrb/	qrb	n. m. sg. cstr. gen.	inside	
159442	hklm	hkl/+m(I)	hkl	n. m. cstr. gen.	palace	
159443		?	?	?	?	
159444	yptḥ	!y!ptḥ[	/p-t-ḥ/	vb G prefc. 3 m. sg.	to open	
159444	yptḥ	!y!(]n]ptḥ[	/p-t-ḥ/	vb N prefc. 3 m. sg.	to be opened	
# KTU 1.4 VII:28						
159445	bˤl	bˤl(II)/	bʕl (II)	n. m. pl. cstr. nom.	Baʿlu/Baal	
159445	bˤl	bˤl(II)/	bʕl (II)	n. m. sg. cstr. nom.	Baʿlu/Baal	
159446	bdqt	bdq(t/t	bdqt	n. f. sg. cstr. gen.	fissure	
159447		?	?	?	?	
159448	ˤrpt	ˤrp(t/t	ʕrpt	n. f. sg. cstr. gen.	cloud(s)	
159448	ˤrpt	ˤrp(t/t=	ʕrpt	n. f. pl. cstr. gen.	cloud(s)	
# KTU 1.4 VII:29						
159449	qlh	ql(I)/+h	ql (I)	n. m. cstr. gen.	4) the thunderous “voice” (said of Baal’s voice)	DULAT direct ref
159450	qdš	qdš(I)/	qdš (I)	adj. m. sg. abs. nom.	1) holy	DULAT direct ref
159451		?	?	?	?	
159452	bˤl	bˤl(II)/	bʕl (II)	n. m. pl. cstr. nom.	Baʿlu/Baal	
159452	bˤl	bˤl(II)/	bʕl (II)	n. m. sg. abs. nom.	Baʿlu/Baal	
159453		?	?	?	?	
159454	ytn	!y!(ytn[	/y-t-n/	vb G prefc. 3 m. sg.	to give, hand over, grant, bestow	
159454	ytn	ytn[	/y-t-n/	vb G suffc. 3 m. sg.	to give, hand over, grant, bestow	
# KTU 1.4 VII:30						
159455	yṯny	!y!ṯny[	/ṯ-n-y/	vb G prefc. 3 m. sg.	to repeat, reiterate	
159455	yṯny	&yṯny[	/ṯ-n-y/	vb G suffc. 3 m. sg.	to repeat, reiterate	
159456	bˤl	bˤl(II)/	bʕl (II)	n. m. pl. cstr. nom.	Baʿlu/Baal	
159456	bˤl	bˤl(II)/	bʕl (II)	n. m. sg. abs. nom.	Baʿlu/Baal	
159457	ṣat	!!ṣat[/	/y-ṣ-ʔ/	vb G inf.	to go out	
159458		?	?	?	?	
159459	špth	šp(t/t+h	špt	n. f. sg. cstr. nom.	lip	
# KTU 1.4 VII:31						
159460	qlh	ql(I)/+h	ql (I)	n. m. cstr. nom.	voice	DULAT quote in ảrṣ (cue: voice)
159461	qdš	qdš(II)/	qdš (II)	n. m. sg. abs. nom.	sanctuary	
159461	qdš	qdš(I)/	qdš (I)	adj. m. sg. abs. nom.	holy	
159462	trr	trr[	/t-r-r/	vb	to make tremble	
159463	arṣ	arṣ/	ảrṣ	n. f. sg. abs. nom.	2) the world	
# KTU 1.4 VII:32						
159464	ṣat	!!ṣat[/	/y-ṣ-ʔ/	vb G inf.	to go out	
159465	špth	šp(t/t+h	špt	n. f. sg. cstr. nom.	lip	
159466	ġrm	ġr(I)/m	ġr (I)	n. m. pl. abs. nom.	mountain	
159467		?	?	?	?	
159468	aḫšn	!(ʔ&a!ḫš[n	/ḫ-š/	vb G prefc. 1 c. sg.	to tremble, be alarmed	
# KTU 1.4 VII:33						
159469	rtq	rtq[/	/r-t-q/	vb G pass. ptcpl. m. sg. abs. nom.	to tie up / close	
159470	xxxxxxxx	?	?	?	?	
# KTU 1.4 VII:34						
159471	qdmym	qdmy/m	qdmy	adj. m. pl. abs. nom.	ancient	
159472	bmt	bm(t/t	bmt	n. f. sg. cstr. nom.	2) height	DULAT direct ref
159472	bmt	bm(t/t=	bmt	n. f. pl. cstr. nom.	2) height	DULAT direct ref
159473	arṣ	arṣ/	ảrṣ	n. f. sg. abs. gen.	3) lower world	
# KTU 1.4 VII:35						
159474	tṭṭn	!t!(nṭṭ[+n	/n-ṭ-ṭ/	vb G prefc.	to shake	
159475	ib	ib(I)/	ỉb (I)	n. m. sg. cstr. nom.	enemy	DULAT direct ref
159476	bˤl	bˤl(II)/	bʕl (II)	n. m. pl. abs. gen.	Baʿlu/Baal	
159476	bˤl	bˤl(II)/	bʕl (II)	n. m. sg. abs. gen.	Baʿlu/Baal	
159477	tiḫd	!t!(ʔ&iḫd[	/ʔ-ḫ-d(/ḏ)/	vb G prefc.	to collect, to take (back), grasp, seize, hold	
# KTU 1.4 VII:36						
159478	yˤrm	yˤr(II)/m	yʕr (II)	n. m. pl. cstr. nom.	wood	
159479	šnu	šnu/	šnủ	n. m. pl. cstr. gen.	enemy	
159480	hd	hd/	hd(d)	DN sg. cstr. gen.	Haddu/Hadad	
159481	gpt	gp(I)/t	gp (I)	n. f. sg. cstr. gen.	2) slope	
# KTU 1.4 VII:37						
159482	ġr	ġr(I)/	ġr (I)	n. m. sg. abs. gen.	mountain	
159483	w	w	w	conj.	and	
159484	yˤn	!y!ˤn(y(I)[	/ʕ-n-y/ (I)	vb G prefc. 3 m. sg.	to answer	
159484	yˤn	!y!ˤn[	/ʕ-n/	vb G prefc. 3 m. sg.	to see	
159484	yˤn	!y!ˤn[:pass	/ʕ-n/	vb Dpass prefc. 3 m. sg.	to see	
159484	yˤn	!y!ˤn(w[	/ʕ-n-w/	vb G prefc. 3 m. sg.	to be / remain depressed, humbled	
159484	yˤn	!y!ˤn(w[:pass	/ʕ-n-w/	vb Dpass prefc. 3 m. sg.	to humiliate	
159485	aliyn	aliyn/	ảlỉyn	adj. m. sg. abs. nom.	The Very / Most Powerful	
# KTU 1.4 VII:38						
159486	bˤl	bˤl(II)/	bʕl (II)	DN m. sg. cstr. nom.	Baʿlu/Baal	DULAT direct ref
159487	ib	ib(I)/	ỉb (I)	n. m. sg. abs. gen.	enemy	
159487	ib	ib(II)/	ỉb (II)	n. m. abs. gen.	fruit	
159487	ib	ib(II)/	ỉb (II)	n. m. sg. abs. gen.	fruit	
159488	hdxt	?	?	?	?	DULAT: NOT FOUND
159489	lm	l(I)+m(I)	l (I)	prep.	to	
159490	tḫš	!t!ḫš[	/ḫ-š/	vb G prefc.	to tremble, be alarmed	
# KTU 1.4 VII:39						
159491	lm	l(I)+m(I)	l (I)	prep.	to	
159492	tḫš	!t!ḫš[	/ḫ-š/	vb G prefc.	to tremble	
159493	nṯq	nṯq/	nṯq	n. m. sg. cstr. nom.	missiles	
159494	dmrn	dmrn/	dmrn	DN sg. cstr. gen.	the Powerful One/Valiant One/title of Baal	
# KTU 1.4 VII:40						
159495	ˤn	ˤn(I)/	ʕn (I)	n. f. du. cstr. gen.	1) eye a) ʕn bʕl qdm ydh the eye(/s) of DN precede(s) his hands	DULAT direct ref
159495	ˤn	ˤn(I)/	ʕn (I)	n. f. sg. cstr. gen.	1) eye a) ʕn bʕl qdm ydh the eye(/s) of DN precede(s) his hands	DULAT direct ref
159496	bˤl	bˤl(II)/	bʕl (II)	n. m. pl. abs. gen.	Baʿlu/Baal	
159496	bˤl	bˤl(II)/	bʕl (II)	n. m. sg. abs. gen.	Baʿlu/Baal	
159497	qdm	qdm[:d:w	/q-d-m/	vb D suffc. 3 m. pl.	to precede	
159498	ydh	yd(I)/+h	yd (I)	n. f. cstr. nom.	1) hand a) yrḥṣ ydh ảmth he washed his hands up to the elbow	
# KTU 1.4 VII:41						
159499	k	k(III)	k (III)	Subordinating or completive functor	when	DULAT direct ref
159500	tġḏ	]t]ġḏ[:d	/ġ-ḏ-y/	vb tD suffc.	to shoot, leap	
159501	arz	arz(I)/	ảrz (I)	n. m. sg. abs. nom.	2) staff	
159502	b	b	b	prep.	in	
159503	ymnh	ymn(I)/+h	ymn (I)	n. m. cstr. gen.	1) right (side) a) right (hand)	
# KTU 1.4 VII:42						
159504	bkm	bkm	bkm	adv.	next	DULAT direct ref
159505	yṯb	yṯb[/	/y-ṯ-b/	vb G act. ptcpl. m. sg. cstr. nom.	to sit down	
159506	bˤl	bˤl(II)/	bʕl (II)	n. m. pl. abs. gen.	Baʿlu/Baal	
159506	bˤl	bˤl(II)/	bʕl (II)	n. m. sg. abs. gen.	Baʿlu/Baal	
159507	l	l(I)	l (I)	prep.	to	
159508	bhth	b&ht(II)/+h	bt (II)	n. m. cstr. gen.	2) palace	
# KTU 1.4 VII:43						
159509	u	u	ủ	conj.	1) or b) disj. use in a correlative	
159510	mlk	mlk(I)/	mlk (I)	n. m. sg. abs. nom.	1) king b) contrasted with “non-king”	
159511	u	u	ủ	conj.	1) or b) disj. use in a correlative	
159512	bl	bl(I)	bl (I)	adv. or emph. functor	no	DULAT direct ref
159513	mlk	mlk(I)/	mlk (I)	n. m. sg. cstr. nom.	1) king b) contrasted with “non-king”	
# KTU 1.4 VII:44						
159514	arṣ	arṣ/	ảrṣ	n. f. sg. cstr. gen.	2) the world	
159515	drkt	drk(t/t	drkt	n. f. sg. abs. gen.	rule	
159516	yštkn	!y!š]t]kn[	/š-k-n/	vb Gt prefc. 3 m. sg.	to establish oneself	
# KTU 1.4 VII:45						
159517	dll	dll(I)/	dll (I)	n. m. sg. abs. nom.	courier	
159518	al	al(II)	ảl (II)	pos. functor	surely	DULAT direct ref
159519	ilak	!(ʔ&i!l(ʔ&ak[	/l-ʔ-k/	vb G prefc. 1 c. sg.	to send (a message)	
159520	l	l(I)	l (I)	prep.	to	DULAT direct ref
159521	bn	bn(I)/	bn (I)	n. m. cstr. gen.	son	
159521	bn	bn(I)/	bn (I)	n. m. sg. cstr. gen.	son	
# KTU 1.4 VII:46						
159522	ilm	il(I)/m	ỉl (I)	n. m. pl. cstr. gen.	god	
159523	mt	mt(II)/	mt (II)	DN m. sg. cstr. gen.	Mot/Death	DULAT direct ref
159523	mt	mt(II)/	mt (II)	n. m. sg. cstr. gen.	2) DN < “Death” a) passim in 1.5. and 1.6	DULAT direct ref
159524	ˤdd	ˤdd(I)/	ʕdd (I)	n. m. sg. abs. gen.	herald	
159525	l	l(I)	l (I)	prep.	to	
159526	ydd	ydd(I)/	ydd (I)	adj. m. sg. abs. gen.	loved	
# KTU 1.4 VII:47						
159527	il	il(I)/	ỉl (I)	DN m. sg. cstr. nom.	ʾIlu/Ilu/El	
159527	il	il(I)/	ỉl (I)	n. m. sg. cstr. nom.	god	
159528	ġzr	ġzr/	ġzr	n. m. sg. abs. gen.	lad	
159529	yqra	!y!qr(ʔ[&a	/q-r-ʔ/	vb G prefc. 3 m. sg.	to call, shout, invite	
159530	mt	mt(II)/	mt (II)	DN m. sg. abs. nom.	Mot/Death	
159530	mt	mt(II)/	mt (II)	n. m. sg. abs. nom.	death	
159530	mt	mt[	/m-t/	vb G suffc. 3 m. sg.	to die	
159530	mt	mt[/	/m-t/	vb G ptcpl. m. sg. abs. nom.	to die	
159530	mt	mt(I)/	mt (I)	n. m. sg. abs. nom.	dead person	
# KTU 1.4 VII:48						
159531	b	b	b	prep.	in	
159532	npšh	npš(I)/+h	npš (I)	n. f. cstr. gen.	4) soul	
159533	ystrn	!y!s]t]r[n	/s-r/	vb Gt prefc. 3 m. sg.	to exult inwardly	
159534	ydd	ydd(I)/	ydd (I)	adj. m. sg. abs. nom.	loved	
# KTU 1.4 VII:49						
159535	b	b	b	prep.	in	
159536	gngnh	gngn/+h	gngn	n. m. sg. cstr. gen.	insides	
159537	aḥdy	aḥd/+y	ảḥd	adj. cstr. nom.	2) adv	
159538	d	d	d	det. or rel. functor	2) which	
159539	ym	ym(I)/	ym (I)	n. m. sg. cstr. nom.	day	
159539	ym	ym(I)/	ym (I)	n. m. sg. abs. nom.	day	
159539	ym	ym(II)/	ym (II)	n. m. sg. abs. nom.	sea	
# KTU 1.4 VII:50						
159540	lk	l(I)+k	l (I)	prep.	to	
159541	ˤl	ˤl(I)	ʕl (I)	prep.	1) spatial location or pre-eminence a) upon	DULAT direct ref
159542	ilm	il(I)/m	ỉl (I)	n. m. pl. abs. gen.	1) god c) object or purpose of an action	
159543	l	l(III)	l (III)	functor	certainly	DULAT direct ref
159544	ymru	!y!mr(ʔ[&u	/m-r-ʔ/	vb G prefc. 3 m. sg.	to fatten	
# KTU 1.4 VII:51						
159545	ilm	il(I)/m	ỉl (I)	n. m. pl. abs. nom.	1) god a) as a class	
159546	w	w	w	conj.	1) copulative conj.	
159547	nšm	nš(m/m	nšm	n. m. pl. abs. nom.	people	
159548	d	d	d	det. or rel. functor	2) which	
159549	yšb	?	?	?	?	DULAT candidates (no reconstructable encoding): /y-ṯ-b/ - to sit down
# KTU 1.4 VII:52						
159550	ˤ	?	?	?	?	DULAT: NOT FOUND
159551	hmlt	hml(t/t=	hmlt	n. f. pl. cstr. nom.	multitude	
159552	arṣ	arṣ/	ảrṣ	n. f. sg. cstr. gen.	earth	
159553	gm	g/~m	g	n. m. sg. abs. gen.	(loud) voice	DULAT direct ref
159554	l	l(I)	l (I)	prep.	to	
159555	ġ	?	?	?	?	DULAT: NOT FOUND
# KTU 1.4 VII:53						
159556	lmh	l(I)&m+h	l (I)	prep.	to	
159556	lmh	lm(II)+h	lm (II)	interr. pn.	why?	
159557	bˤl	bˤl(II)/	bʕl (II)	n. m. pl. cstr. nom.	Baʿlu/Baal	
159557	bˤl	bˤl(II)/	bʕl (II)	n. m. sg. abs. nom.	Baʿlu/Baal	
159558	k	k(III)	k (III)	Subordinating or completive functor	when	
159559	yṣḥ	!y!ṣḥ[	/ṣ-ḥ/	vb G prefc. 3 m. sg.	to exclaim, shout	
159560	ˤn	ˤn[	/ʕ-n/	vb G impv. 2	to see, look (at), watch, spy	DULAT direct ref
# KTU 1.4 VII:54						
159561	gpn	gpn(I)/	gpn (I)	n. m. sg. abs. nom.	(vine-)stock	
159561	gpn	gpn(II)/	gpn (II)	n. m. sg. abs. nom.	harness	
159562	w	w	w	conj.	and	
159563	ugr	ugr(II)/	ủgr (II)	DN sg. cstr. nom.	Ugar/one of the two messenger-boys of Baal	
159563	ugr	ugr(I)/	ủgr (I)	n. m. cstr. nom.	field	
159564	bn	bn(I)/	bn (I)	n. m. sg. cstr. gen.	son	
159565	ġlmt	ġlm(t(I)/t	ġlmt (I)	n. f. sg. abs. gen.	damsel	
159565	ġlmt	ġlm(t(II)/t	ġlmt (II)	n. f. sg. abs. gen.	concealment	
# KTU 1.4 VII:55						
159566	ˤmm	ˤm(I)+m(I)	ʕm (I)	prep.	to	
159567	ym	ym(I)/	ym (I)	n. m. sg. cstr. nom.	day	
159567	ym	ym(I)/	ym (I)	n. m. sg. abs. nom.	day	
159567	ym	ym(II)/	ym (II)	n. m. sg. abs. nom.	sea	
159568	bn	b+n	b	prep.	1) spatial location a) place in which something occurs	DULAT direct ref
159569	ẓlmt	ẓlm(t/t	ẓlmt	n. f. sg. abs. nom.	darkness	
159570	r	?	?	?	?	DULAT: NOT FOUND
# KTU 1.4 VII:56						
159571	mt	mt(II)/	mt (II)	DN m. sg. cstr. nom.	Mot/Death	
159571	mt	mt(II)/	mt (II)	n. m. sg. cstr. nom.	death	
159571	mt	mt[/	/m-t/	vb G ptcpl. m. sg. cstr. nom.	to die	
159571	mt	mt(I)/	mt (I)	n. m. sg. cstr. nom.	dead person	
159572	prˤt	prˤt/	prʕt	n. f. pl. cstr. gen.	height	
159573		?	?	?	?	
159574	ibr	ibr(II)/	ỉbr (II)	n. m. pl. cstr. gen.	wing	DULAT direct ref
159575	mnt	mn(t(I)/t	mnt (I)	n. f. sg. abs. gen.	1) portion	
# KTU 1.4 VII:57						
159576	ṣḥrrm	ṣḥrr[~m	/ṣ-ḥ-r-r/	vb G suffc.	to roast	
159577	ḥblm	ḥbl(I)/m	ḥbl (I)	n. m. pl. abs. nom.	2) band	
159578	b	b	b	prep.	in	
159579	ˤrpt	ˤrp(t/t	ʕrpt	n. f. sg. abs. gen.	cloud(s)	DULAT direct ref
159579	ˤrpt	ˤrp(t/t=	ʕrpt	n. f. pl. abs. gen.	cloud(s)	DULAT direct ref
# KTU 1.4 VII:58						
159580	xxxxxxxxxx	?	?	?	?	
159581		?	?	?	?	
159582	tḥt	tḥt(I)	tḥt (I)	prep.	4) among	
# KTU 1.4 VII:59						
159583	xxxxxxxxxxm	?	?	?	?	DULAT: NOT FOUND
# KTU 1.4 VII:60						
159584	xxxxxxxxxxt	?	?	?	?	DULAT: NOT FOUND
# KTU 1.4 VIII:1						
159585	idk	idk	ỉdk	narrative adv. functor	then	
159586	al	al(I)	ảl (I)	neg. functor	no	
159586	al	al(II)	ảl (II)	pos. functor	surely	
159587	ttn	!t!(ytn[:w	/y-t-n/	vb G prefc. 3 m. pl.	to give	
159588	pnm	pn(m/m	pnm	n. m. pl. abs. nom.	1) face	
# KTU 1.4 VIII:2						
159589	ˤm	ˤm(I)	ʕm (I)	prep.	to	
159590	ġr	ġr(I)/	ġr (I)	n. m. sg. cstr. gen.	mountain	
159591	trġzz	trġzz/	trġzz	TN sg. abs. gen.	trġzz	
# KTU 1.4 VIII:3						
159592	ˤm	ˤm(I)	ʕm (I)	prep.	to	
159593	ġr	ġr(I)/	ġr (I)	n. m. sg. cstr. gen.	mountain	
159593	ġr	ġr(III)/	ġr (III)	n. m. sg. cstr. gen.	skin	
159594	ṯrmg	ṯrmg/	ṯrmg	TN sg. abs. gen.	ṯrmg	
# KTU 1.4 VIII:4						
159595	ˤm	ˤm(I)	ʕm (I)	prep.	to	
159596	tlm	tl(I)/m	tl (I)	n. m. pl. cstr. gen.	hill	DULAT direct ref
159597	ġṣr	ġṣr/	ġṣr	n. m. sg. cstr. gen.	limit	
159598	arṣ	arṣ/	ảrṣ	n. f. sg. abs. gen.	2) the world	
# KTU 1.4 VIII:5						
159599	ša	(nš(ʔ[&a	/n-š-ʔ/	vb G impv. 2	to raise, lift, help up	
159600	ġr	ġr(I)/	ġr (I)	n. m. sg. cstr. nom.	mountain	DULAT quote in /n-š-ʔ/ (cue: mountain)
159601	ˤl	ˤl(III)/	ʕl (III)	n. m. sg. cstr. gen.	offspring	
159602	ydm	yd(I)/m	yd (I)	n. f. pl. cstr. gen.	1) hand a) yrḥṣ ydh ảmth he washed his hands up to the elbow	
# KTU 1.4 VIII:6						
159603	ḫlb	ḫlb(I)/	ḫlb (I)	n. m. sg. abs. gen.	massif	
159604	l	l(I)	l (I)	prep.	to	
159605	ẓr	ẓr(I)/	ẓr (I)	n. m. cstr. gen.	upon	
159606	rḥtm	rḥt/m	rḥt	n. f. pl. abs. gen.	palm of the hand	
# KTU 1.4 VIII:7						
159607	w	w	w	conj.	and	
159608	rd	(yrd[	/y-r-d/	vb G impv. 2	to go down, descend	
159609	bt	bt(II)/	bt (II)	n. m. sg. cstr. nom.	1) house	DULAT direct ref
159610	ḫpṯt	ḫpṯ(t/t	ḫpṯt	n. f. sg. cstr. gen.	?	
# KTU 1.4 VIII:8						
159611	arṣ	arṣ/	ảrṣ	n. f. sg. abs. gen.	4) the underworld	
159612	tspr	!t!spr[	/s-p-r/	vb G prefc. 3 f. sg.	to count	
159612	tspr	!t=!spr[	/s-p-r/	vb G prefc. 2 m. sg.	to count	
159612	tspr	!t==!spr[	/s-p-r/	vb G prefc. 2 f. sg.	to count	
159612	tspr	!t!spr[	/s-p-r/	vb G prefc. 3 m. du.	to count	
159612	tspr	!t!spr[:w	/s-p-r/	vb G prefc. 3 m. pl.	to count	
159612	tspr	!t===!spr[	/s-p-r/	vb G prefc. 2 m. pl.	to count	
159612	tspr	!t!spr[:d	/s-p-r/	vb D prefc. 3 f. sg.	to count	
159612	tspr	!t=!spr[:d	/s-p-r/	vb D prefc. 2 m. sg.	to count	
159612	tspr	!t==!spr[:d	/s-p-r/	vb D prefc. 2 f. sg.	to count	
159612	tspr	!t!spr[:d	/s-p-r/	vb D prefc. 3 m. du.	to count	
159612	tspr	!t!spr[:d:w	/s-p-r/	vb D prefc. 3 m. pl.	to count	
159612	tspr	!t===!spr[:d	/s-p-r/	vb D prefc. 2 m. pl.	to count	
159613	b	b	b	prep.	4) relation of accompaniment and instrumental a) company	
159614	y	~y	-y (II)	prep. functor	indeed	
159614	y	y	y	prep. functor	oh!	
# KTU 1.4 VIII:9						
159615	rdm	(yrd[+m(I)	/y-r-d/	vb G impv. 2	to go down	
159616	arṣ	arṣ/	ảrṣ	n. f. sg. abs. nom.	4) the underworld	
# KTU 1.4 VIII:10						
159617	idk	idk	ỉdk	narrative adv. functor	then	
159618	al	al(I)	ảl (I)	neg. functor	no	
159618	al	al(II)	ảl (II)	pos. functor	surely	
159619	ttn	!t!(ytn[:w	/y-t-n/	vb G prefc. 3 m. pl.	to give	
# KTU 1.4 VIII:11						
159620	pnm	pn(m/m	pnm	n. m. pl. cstr. nom.	face	
159621	tk	tk/	tk	n. m. cstr. gen.	2) to	
159622	qrth	qr(t(I)/t+h	qrt (I)	n. f. sg. cstr. gen.	1) city	
# KTU 1.4 VIII:12						
159623	hmry	hmry/	hmry	TN sg. abs. nom.	Fangosa	
159624	mk	mk(I)/	mk (I)	n. m. sg. abs. nom.	large puddle	DULAT direct ref
159625	ksu	?	?	?	?	DULAT: NOT FOUND
# KTU 1.4 VIII:13						
159626	ṯbth	ṯb(t/t+h	ṯbt	n. f. sg. cstr. nom.	seat	
159627	ḫḫ	ḫḫ/	ḫḫ	n. m. sg. abs. nom.	mire	
159628	arṣ	arṣ/	ảrṣ	n. f. sg. abs. nom.	earth	
# KTU 1.4 VIII:14						
159629	nḥlth	nḥl(t/t+h	nḥlt	n. f. sg. cstr. nom.	property	
159630	w	w	w	conj.	and	
159631	nġr	nġr[/	/n-ġ-r/	vb G act. ptcpl. m. sg. cstr. nom.	to protect, guard	
# KTU 1.4 VIII:15						
159632	ˤnn	ˤnn/	ʕnn	n. m. sg. cstr. gen.	2) herald	DULAT direct ref
159633	ilm	il(I)/m	ỉl (I)	n. m. pl. abs. gen.	god	
159634	al	al(I)	ảl (I)	neg. functor	no	DULAT direct ref
# KTU 1.4 VIII:16						
159635	tqrb	!t!qrb[:w	/q-r-b/	vb G prefc. 3 m. pl.	to approach	
159635	tqrb	!t!(]n]qrb[:w	/q-r-b/	vb N prefc. 3 m. pl.	to be on the point of, be close to	
159636	l	l(I)	l (I)	prep.	to	DULAT direct ref
159637	bn	bn(I)/	bn (I)	n. m. cstr. gen.	son	
159637	bn	bn(I)/	bn (I)	n. m. sg. cstr. gen.	son	
159638	ilm	il(I)/m	ỉl (I)	n. m. pl. cstr. gen.	god	
# KTU 1.4 VIII:17						
159639	mt	mt(II)/	mt (II)	DN m. sg. abs. gen.	Mot/Death	
159639	mt	mt(II)/	mt (II)	n. m. sg. abs. gen.	death	
159639	mt	mt[/	/m-t/	vb G ptcpl. m. sg. abs. gen.	to die	
159639	mt	mt(I)/	mt (I)	n. m. sg. abs. gen.	dead person	
159640	al	al(I)	ảl (I)	neg. functor	no	DULAT direct ref
159641	yˤdbkm	!y!ˤdb[+km	/ʕ-d-b/	vb G prefc. 3 m. sg.	to leave > to put in > to place	
# KTU 1.4 VIII:18						
159642	k	k(I)	k (I)	prep.	like	DULAT direct ref
159643	imr	imr(I)/	ỉmr (I)	n. m. sg. abs. gen.	lamb	
159644	b	b	b	prep.	in	
159645	ph	p(III)/+h	p (III)	n. m. cstr. gen.	1) mouth	
# KTU 1.4 VIII:19						
159646	k	+k	-k (I)			
159646	k	~k	-k (II)			
159646	k	k(III)	k (III)	Subordinating or completive functor	when	
159646	k	k(I)	k (I)	prep.	like	
159646	k	k(II)	k (II)	emph. functor	yes	
159647	lli	ll(u&i/	llủ	n. m. sg. abs. nom.	suckling (lamb or kid)	
159648	b	b	b	prep.	in	
159649	ṯbrn	ṯbrn(I)/	ṯbrn (I)	n. m. sg. cstr. gen.	opening	
# KTU 1.4 VIII:20						
159650	qnh	qn/+h	qn	n. m. cstr. gen.	2) name of part of the body a) windpipe	
159651	tḫtan	!t!(]n]ḫt(ʔ[&an	/ḫ-t-ʔ/	vb N prefc.	to be ground up, crushed, annihilated	
# KTU 1.4 VIII:21						
159652	nrt	nr(t(I)/t	nrt (I)	n. f. sg. cstr. nom.	lantern	
159652	nrt	nr(t(II)/t	nrt (II)	n. f. sg. cstr. nom.	ploughed land	
159653	ilm	il(I)/m	ỉl (I)	n. m. pl. cstr. gen.	god	
159654	špš	špš/	špš	DN f. sg. abs. gen.	Šapšu/Shapsh/Shapshu	
159654	špš	špš/	špš	n. f. sg. abs. gen.	sun	
# KTU 1.4 VIII:22						
159655	ṣḥrrt	ṣḥrr[t	/ṣ-ḥ-r-r/	vb G suffc. 1 c. sg.	to roast	
159656	la	la/	lả	n. m. sg. cstr. nom.	power	
# KTU 1.4 VIII:23						
159657	šmm	šm(m(I)/m	šmm (I)	n. m. pl. abs. gen.	1) heavens	
159658	b	b	b	prep.	in	
159659	yd	yd(I)/	yd (I)	n. f. sg. cstr. gen.	1) hand c) force	DULAT direct ref
159660	md	md(II)/	md (II)	n. m. abs. gen.	skilled	
# KTU 1.4 VIII:24						
159661	d	d	d	det. or rel. functor	the one(s) of	
159662	ilm	il(I)/m	ỉl (I)	n. m. pl. cstr. nom.	god	
159663	mt	mt(II)/	mt (II)	DN m. sg. abs. gen.	Mot/Death	DULAT direct ref
159663	mt	mt(II)/	mt (II)	n. m. sg. abs. gen.	2) DN < “Death” a) passim in 1.5. and 1.6	DULAT direct ref
159664	b	b	b	prep.	in	
159665	a	?	?	?	?	DULAT: NOT FOUND
# KTU 1.4 VIII:25						
159666	lp	?	?	?	?	DULAT: NOT FOUND
159667	šd	šd(I)/	šd (I)	n. m. sg. cstr. nom.	open field	
159667	šd	šd(II)/	šd (II)	n. m. sg. cstr. nom.	a strip	
159668	rbt	rb(t(I)/t	rbt (I)	n. f. sg. abs. gen.	Lady	
159669	k	+k	-k (I)			
159669	k	~k	-k (II)			
159669	k	k(III)	k (III)	Subordinating or completive functor	when	
159669	k	k(I)	k (I)	prep.	like	
159669	k	k(II)	k (II)	emph. functor	yes	
# KTU 1.4 VIII:26						
159670	mn	mn(IV)	mn (IV)	?	?	
159671	l	l(I)	l (I)	prep.	to	
159672	pˤn	pˤn/	pʕn	n. f. cstr. gen.	at the feet of	
159673	mt	mt(II)/	mt (II)	DN m. sg. abs. gen.	Mot/Death	
159673	mt	mt(II)/	mt (II)	n. m. sg. abs. gen.	death	
159673	mt	mt[/	/m-t/	vb G ptcpl. m. sg. abs. gen.	to die	
159673	mt	mt(I)/	mt (I)	n. m. sg. abs. gen.	dead person	
# KTU 1.4 VIII:27						
159674	hbr	hbr[	/h-b-r/	vb G impv. 2	to bow	
159675	w	w	w	conj.	and	
159676	ql	ql[	/q-l/	vb G suffc. 3 m. sg.	to fall (down)	
159676	ql	ql[	/q-l/	vb G impv. 2	to fall (down)	
159676	ql	ql(I)/	ql (I)	n. m. sg. abs. nom.	voice	
# KTU 1.4 VIII:28						
159677	tštḥwy	!t!]š]]t]ḥwy(II)[	/ḥ-w-y/ (II)	vb Št prefc.	to prostrate oneself	
159678	w	w	w	conj.	and	
159679	k	+k	-k (I)			
159679	k	~k	-k (II)			
159679	k	k(III)	k (III)	Subordinating or completive functor	when	
159679	k	k(I)	k (I)	prep.	like	
159679	k	k(II)	k (II)	emph. functor	yes	
# KTU 1.4 VIII:29						
159680	bd	b&d	b	prep.	in	
159681	hwt	hw(t(I)/t	hwt (I)	n. f. sg. abs. gen.	word	
159682	w	w	w	conj.	and	
159683	rgm	rgm[	/r-g-m/	vb G suffc. 3 m. sg.	to say, tell, announce, communicate, inform	DULAT direct ref
159683	rgm	rgm[	/r-g-m/	vb G impv. 2	to say, tell, announce, communicate, inform	DULAT direct ref
159683	rgm	!!rgm[/	/r-g-m/	vb G inf.	to say, tell, announce, communicate, inform	DULAT direct ref
159683	rgm	rgm[/	/r-g-m/	vb G pass. ptcpl. m. sg. abs. nom.	to say, tell, announce, communicate, inform	DULAT direct ref
# KTU 1.4 VIII:30						
159684	l	l(I)	l (I)	prep.	to	
159684	l	l(II)	l (II)	adv.	no	
159684	l	l(III)	l (III)	functor	certainly	
159685	bn	bn(I)/	bn (I)	n. m. sg. cstr. nom.	son	
159685	bn	bn(I)/	bn (I)	n. m. sg. abs. nom.	son	
159685	bn	bn(II)	bn (II)	prep.	between	
159685	bn	bn[	/b-n/	vb G suffc. 3 m. sg.	to understand	
159685	bn	bn[	/b-n/	vb G impv. 2	to understand	
159686	x	?	?	?	?	
159687	ilm	il(I)/m	ỉl (I)	n. m. pl. cstr. nom.	god	
159688	mt	mt(II)/	mt (II)	DN m. sg. abs. gen.	Mot/Death	
159688	mt	mt(II)/	mt (II)	n. m. sg. abs. gen.	death	
159688	mt	mt[/	/m-t/	vb G ptcpl. m. sg. abs. gen.	to die	
159688	mt	mt(I)/	mt (I)	n. m. sg. abs. gen.	dead person	
# KTU 1.4 VIII:31						
159689	ṯny	ṯny[	/ṯ-n-y/	vb G suffc. 3 m. sg.	to repeat, reiterate	
159689	ṯny	ṯny[	/ṯ-n-y/	vb G impv. 2	to repeat, reiterate	
159689	ṯny	!!ṯny[/	/ṯ-n-y/	vb G inf.	to repeat, reiterate	
159690	l	l(I)	l (I)	prep.	to	
159691	ydd	ydd(I)/	ydd (I)	adj. m. sg. abs. gen.	loved	
# KTU 1.4 VIII:32						
159692	il	il(I)/	ỉl (I)	DN m. sg. cstr. nom.	ʾIlu/Ilu/El	
159692	il	il(I)/	ỉl (I)	n. m. sg. cstr. nom.	god	
159693	ġzr	ġzr/	ġzr	n. m. sg. cstr. gen.	lad	
159694	tḥm	tḥm/	tḥm	n. m. sg. abs. gen.	message	
# KTU 1.4 VIII:33						
159695	aliyn	aliyn/	ảlỉyn	adj. m. sg. abs. nom.	The Very / Most Powerful	
159696	bˤl	bˤl(II)/	bʕl (II)	DN m. sg. cstr. nom.	Baʿlu/Baal	
# KTU 1.4 VIII:34						
159697	hwt	hw(t(I)/t	hwt (I)	n. f. sg. abs. gen.	word	
159698	aliy	aliy/	ảlỉy	adj. m. sg. cstr. nom.	The Most Powerful	
159699	q	?	?	?	?	DULAT: NOT FOUND
# KTU 1.4 VIII:35						
159700	rdm	(yrd[+m(I)	/y-r-d/	vb G impv. 2	to go down	
159701		?	?	?	?	
159702	bhty	b&ht(II)/+y	bt (II)	n. m. cstr. nom.	house	
159703	bnt	bn(t(II)/t	bnt (II)	n. f. sg. cstr. nom.	produce	
159703	bnt	bn(t(I)/t	bnt (I)	n. f. sg. abs. nom.	masonry	
159703	bnt	bnt(III)/	bnt (III)	n. m. sg. abs. nom.	tamarisk	
# KTU 1.4 VIII:36						
159704	dt	d+t	d	det. or rel. functor	the one(s) of	
159705	ksp	ksp/	ksp	n. m. sg. abs. nom.	silver	
159706	rmmt	?	?	?	?	DULAT: NOT FOUND
# KTU 1.4 VIII:37						
159707	dt	d+t	d	det. or rel. functor	the one(s) of	
159708	ḫrṣ	ḫrṣ/	ḫrṣ	n. m. sg. cstr. nom.	gold	
159709	hkly	hkl/+y	hkl	n. m. cstr. gen.	palace	
# KTU 1.4 VIII:38						
159710	aḫy	aḫ(I)/+y	ảḫ (I)	n. m. cstr. nom.	brother (by blood)	
# KTU 1.4 VIII:39						
159711	aḫy	aḫ(I)/+y	ảḫ (I)	n. m. cstr. nom.	brother (by blood)	
# KTU 1.4 VIII:40						
159712	bhty	b&ht(II)/+y	bt (II)	n. m. cstr. nom.	house	
# KTU 1.4 VIII:41						
159713	qrb	qrb[	/q-r-b/	vb G suffc. 3 m. sg.	to approach	
159713	qrb	qrb/	qrb	n. m. sg. cstr. nom.	inside	
# KTU 1.4 VIII:42						
159714		?	?	?	?	
159715	ṣḥt	ṣḥ[t	/ṣ-ḥ/	vb G	to exclaim, shout	
# KTU 1.4 VIII:43						
159716		?	?	?	?	
159717	mt	mt(II)/	mt (II)	DN m. sg. cstr. nom.	Mot/Death	
159717	mt	mt(II)/	mt (II)	n. m. sg. cstr. nom.	death	
159717	mt	mt[/	/m-t/	vb G ptcpl. m. sg. cstr. nom.	to die	
159717	mt	mt(I)/	mt (I)	n. m. sg. cstr. nom.	dead person	
# KTU 1.4 VIII:44						
159718	bn	bn(I)/	bn (I)	n. m. cstr. gen.	son	
159718	bn	bn(I)/	bn (I)	n. m. sg. cstr. gen.	son	
159719	ilm	il(I)/m	ỉl (I)	n. m. pl. abs. gen.	god	
# KTU 1.4 VIII:45						
159720	ymru	!y!mr(ʔ[&u	/m-r-ʔ/	vb G prefc. 3 m. sg.	to fatten	
159721	yd	yd(I)/	yd (I)	n. f. sg. cstr. nom.	5) used as a preposition	DULAT direct ref
# KTU 1.4 VIII:46						
159722	ġzr	ġzr/	ġzr	n. m. sg. cstr. gen.	lad	
# KTU 1.4 VIII:47						
159723	gpn	gpn(I)/	gpn (I)	n. m. sg. abs. gen.	(vine-)stock	
159723	gpn	gpn(II)/	gpn (II)	n. m. sg. abs. gen.	harness	
159724	w	w	w	conj.	and	
159725	ugr	ugr(II)/	ủgr (II)	DN sg. abs. nom.	Ugar/one of the two messenger-boys of Baal	
159725	ugr	ugr(I)/	ủgr (I)	n. m. abs. nom.	field	
# KTU 1.4 VIII:48						
159726	t	/t, /t=				DULAT: NOT FOUND
159726	t	[t, [t=, [t==, [t===				DULAT: NOT FOUND
# KTU 1.4 VIII:49						
159727	spr	spr[	/s-p-r/	vb G suffc. 3 m. sg.	to count, number	DULAT direct ref
159727	spr	!!spr[/	/s-p-r/	vb G inf.	to count, number	DULAT direct ref
159727	spr	spr[:d	/s-p-r/	vb D suffc. 3 m. sg.	to recite	DULAT direct ref
159727	spr	spr[:d:w	/s-p-r/	vb D suffc. 3 m. pl.	to recite	DULAT direct ref
159727	spr	!!spr[/	/s-p-r/	vb D inf.	to recite	DULAT direct ref
159728	ilmlk	ilmlk/	ỉlmlk	PN sg. cstr. nom.	ʾIlimalku/Ilimilku/Elimelek	
159729	ṯˤy	ṯˤy(I)/	ṯʕy (I)	n. m. sg. cstr. gen.	minister	
159729	ṯˤy	ṯˤy[/	/ṯ-ʕ-y/	vb G act. ptcpl. m. sg. cstr. gen.	to offer	
159730	nqmd	nqmd/	nqmd	PN sg. cstr. gen.	Niqmaddu	
159731	mlk	mlk(I)/	mlk (I)	n. m. sg. cstr. gen.	king	
159732		?	?	?	?	
159733	ugrt	ugrt/	ủgrt	TN sg. abs. gen.	Ugarit	
