id	surface form	sign span	morphological parsing	DULAT	POS	gloss	comments
# KTU 1.14 I:1							
160526	l	l 	l(I)	l (I)	prep.	to	Superscription: l krt 'Concerning Kirta'.
160527	krt	krt	krt/	krt	PN sg. abs. gen.	Kirta	
# KTU 1.14 I:2							
160528	xxxx	[xxxx]    	?	?	?	?	No recoverable signs; EUPT and UDB are likewise lacunose.
160529	mlk	mlk[          ]          	mlk(I)/	mlk (I)	n. m. sg. abs. nom.	king	
# KTU 1.14 I:3							
160530	xxxxxm	[xxxxx]m    	?	?	?	?	
160531	k	k[         ]         	?	?	?	?	
# KTU 1.14 I:4							
160532	xxxxxxˤ	[xxxxx]xʿ[              ]              	?	?	?	?	Only final ˤ is recoverable; no defensible lexical analysis.
# KTU 1.14 I:5							
160533	xxxxm	[xxxx]m    	?	?	?	?	
160534	il	il  	il(I)/	ỉl (I)	DN m. sg. abs. nom.	ʾIlu/Ilu/El	Primary name reading; EUPT also allows the common noun.
160534	il	il  	il(I)/	ỉl (I)	n. m. sg. abs. nom.	god	EUPT alternative: common noun, masculine singular.
160535	xxxxx	xx[xxx]	?	?	?	?	No recoverable lexical identity in EUPT, UDB, or DULAT.
# KTU 1.14 I:6							
160536	xxxd	[xxx]d    	?	?	?	?	
160537	nhr	nhr  	nhr/	nhr	n. m. sg. cstr. nom.	river	
160537	nhr	nhr  	nhr/	nhr	DN m. sg. cstr. nom.	Naharu	Alt.: DN (alternative name of ym).
160538	umt	umt	um(t/t	umt	n. f. sg. cstr. nom.	family, clan	Subject of ˤrwt: umt krt 'the family of Kirta was consumed' (DULAT; EUPT Nom. f. sg. St.cs.).
# KTU 1.14 I:7							
160539	krt	[krt  ]  	krt/	krt	PN sg. abs. gen.	Kirta	
160540	ˤrwt	ʿrwt  	ˤrw[t===:pass	/ʕ-r-w/	vb Gpass suffc. 3 f. sg.	to be consumed	umt krt ˤrwt 'the family of Kirta was consumed' (DULAT; auto: Gpass).
160540	ˤrwt	ʿrwt  	ˤrw[t===	/ʕ-r-w/	vb G suffc. 3 f. sg.	to be consumed	EUPT: G-SK 3 f. sg. (ˁaruwat).
160541	bt	bt	bt(II)/	bt (II)	n. m. sg. cstr. nom.	immediate social circle	bt mlk 'the house of the king' (DULAT bt (II)).
# KTU 1.14 I:8							
160542	mlk	[m]lk    	mlk(I)/	mlk (I)	n. m. sg. abs. gen.	king	
160543	itdb	itdb   	(ʔ&i]t]db[	/ʔ-b-d/	vb Gt suffc. 3 m. sg.	to perish	Scribal metathesis for ỉtbd (DULAT: bt mlk ỉtbd 'the king's house perished').
160544	d	d 	d	d	det. or rel. functor	which	d šbˤ aḫm lh 'who had seven brothers'.
160545	šbˤ	šbʿ	šbˤ(I)/	šbʕ (I)	num.	seven	
# KTU 1.14 I:9							
160546	aḫm	[a]ḫm    	aḫ(I)/m	ảḫ (I)	n. m. pl. abs. nom.	brother	
160547	lh	lh  	l(I)+h	l (I)	prep. + 3 m. sg. suff.	to	'he had (lit. to him were) seven brothers'.
160548	ṯmnt	ṯmnt  	ṯmn(y(I)/t	ṯmn(y) (I)	num. f.	eight	ṯmnt bn um 'eight sons of one mother'.
160549	bn	bn 	bn(I)/	bn (I)	n. m. pl. cstr. nom.	son	
160550	um	um	um/	ủm	n. f. sg. cstr. gen.	mother	bn um 'sons of one mother'.
# KTU 1.14 I:10							
160551	krt	krt  	krt/	krt	PN sg. abs. nom.	Kirta	
160552	ḥtkn	ḥtkn  	ḥtk(II)/~n	ḥtk (II)	n. m. sg. cstr. gen. + encl. -n	lineage	krt ḥtkn rš 'his lineage was ruined' (DULAT ḥtk II).
160552	ḥtkn	ḥtkn  	ḥtk(III)/~n	ḥtk (III)	n. m. sg. cstr. acc. + encl. -n	sovereignty, power	EUPT: ḥtkn 'in (his) supremacy' (ḥtk III, acc.).
160553	rš	rš	rš[	/r-š(-š)/	vb G suffc. 3 m. sg.	to be ruined	
# KTU 1.14 I:11							
160554	krt	krt  	krt/	krt	PN sg. abs. nom.	Kirta	
160555	grdš	grdš  	grdš[	/g-r-d-š/	vb G suffc. 3 m. sg.	to be undermined, ruined	
160556	mknt	mknt	mkn(t/t	mknt	n. f. sg. cstr. nom.	family seat	krt grdš mknt 'ruined of his family seat'.
# KTU 1.14 I:12							
160557	aṯt	aṯt  	aṯ(t/t	ảṯt	n. f. sg. cstr. acc.	woman	aṯt ṣdqh 'the wife of his legitimacy' (EUPT: St.cs.).
160558	ṣdqh	ṣdqh  	ṣdq(I)/+h	ṣdq (I)	adj. m. sg. cstr. gen. + 3 m. sg. suff.	legitimacy	aṯt ṣdqh 'the wife of his legitimacy' = his lawful wife; substantivized adjective in current DULAT (EUPT: Gen. m. sg. St.cs.).
160559	l	l 	l(II)	l (II)	adv.	not	aṯt ṣdqh l ypq 'a lawful wife he did not obtain' (DULAT).
160560	ypq	ypq	!y!(ypq[	/y-p-q/	vb G prefc. 3 m. sg.	to get, obtain	aṯt ṣdqh l ypq 'a lawful wife he did not obtain' (EUPT G-PKK; wg prefc.).
160560	ypq	ypq	ypq[	/y-p-q/	vb G suffc. 3 m. sg.	to get, obtain	Alt.: suffc.
# KTU 1.14 I:13							
160561	mtrḫt	mtrḫt  	mtrḫ(t/t	mtrḫt	n. f. sg. cstr. acc.	consort, wife	Construct in mtrḫt yšrh 'his lawful consort' (DULAT; EUPT Akk. f. sg. St.cs.).
160562	yšrh	yšrh	yšr(I)/+h	yšr (I)	n. m. sg. cstr. gen. + 3 m. sg. suff.	uprightness, lawfulness	mtrḫt yšrh 'his rightful consort'.
# KTU 1.14 I:14							
160563	aṯt	aṯt  	aṯ(t/t	ảṯt	n. f. sg. abs. acc.	woman	aṯt trḫ 'he married a woman'.
160564	trḫ	trḫ  	trḫ[	/t-r-ḫ/	vb G suffc. 3 m. sg.	to marry	
160564	trḫ	trḫ  	trḫ[	/t-r-ḫ/	vb G impv. m. sg.	to marry	Alt.: impv.
160565	w	w 	w	w	conj.	and	
160566	tbˤt	tbʿt	tbˤ[t===	/t-b-ʕ/	vb G suffc. 3 f. sg.	to go, leave, depart	aṯt trḫ w tbˤt 'he married a woman but she departed/died' (DULAT; EUPT G-SK 3 f. sg.).
# KTU 1.14 I:15							
160567	ṯt	ṯt  	ṯ(n(t(II)/t	ṯn (II)	num. f.	second	DULAT/Ginsberg read these signs as ṯảr ủm 'a mother's surety' (different word-division): ṯảr ủm tkn lh.
160568	rum	rum  	rum/	rủm	n. m. sg. abs. nom.	wild bull	See 132102 (ṯảr ủm reading).
160569	tkn	tkn  	!t!kn[	/k-n/	vb G prefc. 3 f. sg.	to be (stable)	tkn lh 'she was for him' (DULAT).
160570	lh	lh	l(I)+h	l (I)	prep. + 3 m. sg. suff.	to	
# KTU 1.14 I:16							
160571	ṯmṯlṯt	[[ṯ]]mṯlṯt    	mṯlṯ(t/t	mṯlṯt	n. f. sg. abs. nom.	the third (one)	DULAT reads mṯlṯt kṯrm tmt, “the third died in full vigour.”
160572	kṯrm	kṯrm  	kṯr(II)/~m	kṯr (II)	n. m. sg. abs. acc. + encl. -m	vigour, good health	kṯrm tmt 'died in (full) vigour'.
160573	tmt	tmt	tm/t	tm	adj. f. sg. abs. nom.	complete, full	
160573	tmt	tmt	!t!mt[	/m-t/	vb G prefc. 3 f. sg.	to die	wg reads tmt as vb 'dies'.
# KTU 1.14 I:17							
160574	mrbˤt	mrbʿt  	mrbˤ(t/t	mrbʕt	n. f. sg. abs. nom.	the fourth	mrbˤt zblnm 'the fourth (died) of sickness'.
160575	zblnm	zblnm	zbln/~m	zbln	n. m. sg. abs. gen. + encl. -m	sickness, illness	
# KTU 1.14 I:18							
160576	mḫmšt	mḫmšt  	mḫmš(t/t	mḫmšt	n. f. sg. abs. nom.	the fifth one	mḫmšt yitsp ršp 'the fifth Rašap gathered to himself'.
160577	yitsp	yitsp	!y!(ʔ&i]t]sp[	/ʔ-s-p/	vb Gt prefc. 3 m. sg.	to gather (for oneself)	
# KTU 1.14 I:19							
160578	ršp	ršp  	ršp/	ršp	DN m. sg. abs. nom.	Rašap	DN of flame/plague.
160579	mṯdṯt	mṯdṯt  	mṯdṯ(t/t	mṯdṯt	n. f. sg. abs. nom.	the sixth	mṯdṯt ġlm ym 'the sixth (Yammu the) Noble gathered'.
160580	ġlm	ġlm	ġlm/	ġlm	n. m. sg. abs. nom.	boy, youth	Primary: ġlm ym as the epithet 'Noble Yammu', supported by DULAT and the parallel sequence of agents.
160580	ġlm	ġlm	ġlm/	ġlm	n. m. pl. cstr. nom.	boy, youth	Alt. EUPT: ġalamū yammi 'the young men of Yammu' (Nom. m. pl. St.cs.).
160580	ġlm	ġlm	ġlm(I)[	ġlm (I)	vb G suffc. 3 m. sg.	to conceal, hide	Alt. Burns Contextualist Workbook (DN section β): mṯdṯt ġlm ym 'Yammu concealed the sixth'; current DULAT's verbal homonym glosses 'to be dark'.
# KTU 1.14 I:20							
160581	ym	ym  	ym(II)/	ym (II)	DN m. sg. abs. nom.	Yammu	Primary: DULAT reads ġlm ym as 'Noble Yammu'.
160581	ym	ym  	ym(II)/	ym (II)	DN m. sg. abs. gen.	Yammu	Alt. linked to EUPT's preceding plural construct: ġalamū yammi 'the young men of Yammu'.
160582	mšbˤthn	mšbʿthn  	mšbˤ(t/t+hn	mšbʕt	n. f. sg. cstr. nom. + 3 f. pl. suff.	the seventh	mšbˤthn 'the seventh of them'.
160583	b	b 	b	b	prep.	by	b šlḥ ttpl 'fell by the Sword'.
160584	šlḥḥ	šlḥ[[ḥ]]	šlḥ/	šlḥ	DN sg. abs. gen.	Sword	DULAT identifies šlḥ as either the divine name “Sword” or the common noun “weapon.”
# KTU 1.14 I:21							
160585	ttpl	ttpl  	!t!(n]t]pl[	/n-p-l/	vb Gt prefc. 3 f. sg.	to be felled	mšbˤthn b šlḥ ttpl 'the seventh fell by the Sword'.
160586	yˤn	yʿn  	!y!ˤn[	/ʕ-n/	vb G prefc. 3 m. sg.	to see, look	yˤn ḥtkh 'he watched his lineage'.
160587	ḥtkh	ḥtkh	ḥtk(II)/+h	ḥtk (II)	n. m. sg. cstr. acc. + 3 m. sg. suff.	lineage	
160587	ḥtkh	ḥtkh	ḥtk(III)/+h	ḥtk (III)	n. m. sg. cstr. acc. + 3 m. sg. suff.	sovereignty, power	Alt.: ḥtk (III).
# KTU 1.14 I:22							
160588	krt	krt  	krt/	krt	PN sg. abs. nom.	Kirta	
160589	yˤn	yʿn  	!y!ˤn[	/ʕ-n/	vb G prefc. 3 m. sg.	to see, look	
160589	yˤn	yʿn  	!y!ˤn(y(I)[	/ʕ-n-y/ (I)	vb G prefc. 3 m. sg.	to answer	Alt.: 'answer'.
160590	ḥtkh	ḥtkh 	ḥtk(II)/+h	ḥtk (II)	n. m. sg. cstr. acc. + 3 m. sg. suff.	lineage	
160590	ḥtkh	ḥtkh 	ḥtk(III)/+h	ḥtk (III)	n. m. sg. cstr. acc. + 3 m. sg. suff.	sovereignty, power	Alt.: ḥtk (III).
160591	rš	rš	rš[	/r-š(-š)/	vb G suffc. 3 m. sg.	to be ruined	
# KTU 1.14 I:23							
160592	mid	mid  	mid/	mỉ/ủd	n. m. sg. abs. acc.	abundance	mid 'greatly' (adverbial acc.); EUPT instead lexicalizes maʔda directly as an adverb.
160593	grdš	grdš  	grdš[	/g-r-d-š/	vb G suffc. 3 m. sg.	to be undermined, ruined	
160594	ṯbth	ṯbth	ṯb(t/t+h	ṯbt	n. f. sg. cstr. acc. + 3 m. sg. suff.	seat, family seat	mid grdš ṯbth 'utterly ruined of his family seat'.
# KTU 1.14 I:24							
160595	w	w 	w	w	conj.	and	
160596	b	b 	b	b	prep.	in	
160597	klhn	klhn  	kl/+hn	kl	n. m. sg. cstr. gen. + 3 f. pl. suff.	totality (of)	b klhn 'in their entirety' (DULAT direct attestation and -hn suffix entry). EUPT instead segments 3 m. sg. +h plus enclitic -n; DULAT and the CUC suffix inventory favor 3 f. pl. -hn here.
160598	špḥ	špḥ  	špḥ/	špḥ	n. m. sg. abs. nom.	family, offspring	špḥ yitbd 'the offspring perished'.
160599	yitbd	yitbd	!y!(ʔ&i]t]bd[	/ʔ-b-d/	vb Gt prefc. 3 m. sg.	to perish	
# KTU 1.14 I:25							
160600	w	w 	w	w	conj.	and	
160601	b	b  	b	b	prep.	in	
160602	pḫyrh	pḫyrh  	pḫyr/+h	pḫyr	n. m. sg. cstr. gen. + 3 m. sg. suff.	whole, totality	b pḫyrh 'in its totality'.
160603	yrṯ	yrṯ	yrṯ(I)/	yrṯ (I)	n. m. sg. abs. nom.	heir	'and in its totality (perished) the heir'.
# KTU 1.14 I:26							
160604	yˤrb	yʿrb  	!y!ˤrb(I)[	/ʕ-r-b/ (I)	vb G prefc. 3 m. sg.	to enter	yˤrb b ḥdrh ybky 'he entered his room to weep'.
160605	b	b 	b	b	prep.	in	
160606	ḥdrh	ḥdrh  	ḥdr/+h	ḥdr	n. m. sg. cstr. gen. + 3 m. sg. suff.	room, chamber	
160607	ybky	ybky	!y!bky[	/b-k-y/	vb G prefc. 3 m. sg.	to weep	
# KTU 1.14 I:27							
160608	b	b 	b	b	prep.	in	
160609	ṯn	ṯn  	!!ṯn(y[/	/ṯ-n-y/	vb G inf. cstr. gen.	to repeat, reiterate	b ṯn ˤgmm 'repeating his groans' (DULAT; EUPT G-Inf. Gen. St.cs.), not the numeral 'two'.
160610	pˤgmm	[[p]]ʿgmm     	?	?	?	?	DULAT reads (b ṯn) ˤgmm 'groans' (s.v. ʕgm); the initial p is unexplained.
160611	w	w 	w	w	conj.	and	
160612	ydmˤ	ydmʿ	!y!dmˤ[	/d-m-ʕ/	vb G prefc. 3 m. sg.	to shed tears, weep	
# KTU 1.14 I:28							
160613	tntkn	tntkn  	!t!ntk[n	/n-t-k/	vb N prefc. 3 f. pl.	to run, flow	tntkn udmˤth 'his tears flowed'.
160614	udmˤth	udmʿth	!(ʔ&u!dmˤ(t/t=+h	dmʕt	n. f. pl. cstr. nom. + 3 m. sg. suff.	tear	Prosthetic aleph; suffixed construct udmˤth 'his tears' (EUPT Nom. f. pl. St.cs.).
# KTU 1.14 I:29							
160615	km	km  	km	km	prep.	like	km ṯqlm 'like shekels'.
160616	ṯqlm	ṯqlm  	ṯql/m	ṯql	n. m. pl. abs. gen.	shekel	
160617	arṣh	arṣh	arṣ/~h	ảrṣ	n. f. sg. abs. acc. + dir. -h	earth	arṣh 'to the ground' (directive -h; EUPT Term. f. sg.).
# KTU 1.14 I:30							
160618	k	k 	km ḫmš(t/t=	km | ḫmšt	prep. | n. f. pl. abs. gen.	like | five-shekel (?) weight	MERGE WITH THE NEXT: TF k + mḫmšt cuts across the DULAT/EUPT division km ḫmšt, 'like five-shekel weights' (// km ṯqlm). Huehnergard glosses the lexeme generically 'fifth'; the DULAT attestation and EUPT context support weights here.
160619	mḫmšt	mḫmšt  	km ḫmš(t/t=	km | ḫmšt	prep. | n. f. pl. abs. gen.	like | five-shekel (?) weight	MERGE WITH THE PREVIOUS.
160620	mṭth	mṭth	mṭ(t/t~h	mṭt	n. f. sg. abs. acc. + dir. -h	bed	mṭth 'onto the bed' (DULAT; EUPT Term. f. sg.), with directive -h rather than a possessive suffix.
# KTU 1.14 I:31							
160621	bm	bm  	b~m	b	prep. + encl. -m	in	bm bkyh 'in his weeping'.
160622	bkyh	bkyh 	!!bky[/+h	/b-k-y/	vb G inf. + 3 m. sg. suff.	to weep	bm bkyh 'as he wept'.
160623	w	w 	w	w	conj.	and	
160624	yšn	yšn	!y!(yšn[	/y-š-n/	vb G prefc. 3 m. sg.	to sleep, fall asleep	w yšn 'and he fell asleep'.
# KTU 1.14 I:32							
160625	b	b 	b	b	prep.	in	
160626	dmˤh	dmʿh  	!!dmˤ[/+h	/d-m-ʕ/	vb G inf. + 3 m. sg. suff.	to shed tears, weep	b dmˤh 'in his weeping'.
160627	nhmmt	nhmmt	nhmm(t/t	nhmmt	n. f. sg. abs. nom.	drowsiness, fainting fit	
# KTU 1.14 I:33							
160628	šnt	šnt  	šn(t(II)/t	šnt (II)	n. f. sg. abs. nom.	sleep	šnt tluan 'sleep overcame him'.
160629	tluan	tluan 	!t!l(ʔ&u(y(I)[~+(n&an	/l-ʔ-y/w/ (I)	vb G prefc. 3 f. sg. + energic-suff.	to overcome, prevail	tluan: authoritative CUC convention retains ~+ for the fused energic + suffix; -an is a variant of -nn (Martijn/Tania; EUPT G-PKK 3 f. sg. + OS 3 m. sg.).
# KTU 1.14 I:34							
160630	w	w 	w	w	conj.	and	
160631	yškbnhmmt	yškb .nhmmt	!y!škb[ nhmm(t/t	/š-k-b/ | nhmmt	vb G prefc. 3 m. sg. | n. f. sg. abs. nom.	to lie down, drowsiness, fainting fit	Two lexical words joined by TF: yškb 'he lay down' (I:34), then nhmmt 'fainting/drowsiness' beginning the parallel clause (DULAT; Martijn/Tania).
# KTU 1.14 I:35							
160632	w	w 	w	w	conj.	and	
160633	yqmṣ	yqmṣ  	!y!qmṣ[	/q-m-ṣ/	vb G prefc. 3 m. sg.	to curl up	
160634	w	w 	w	w	conj.	and	
160635	b	b 	b	b	prep.	in	b ḥlmh 'in his dream'.
160636	ḥlmh	ḥlmh	ḥlm(I)/+h	ḥlm (I)	n. m. sg. cstr. gen. + 3 m. sg. suff.	dream	
# KTU 1.14 I:36							
160637	il	il  	il(I)/	ỉl (I)	DN m. sg. abs. nom.	ʾIlu/Ilu/El	
160638	yrd	yrd  	!y!(yrd[	/y-r-d/	vb G prefc. 3 m. sg.	to go down, descend	il yrd 'El descended'.
160639	b	b 	b	b	prep.	in	
160640	ḏhrth	ḏhrth	ḏhr(t/t+h	ḏhrt	n. f. sg. cstr. gen. + 3 m. sg. suff.	vision	b ḏhrth 'in his vision'.
# KTU 1.14 I:37							
160641	ab	ab  	ab/	ảb	n. m. sg. cstr. nom.	father	ab adm 'the Father of Man' (epithet of El).
160642	adm	adm  	adm(I)/	ảdm (I)	n. m. sg. abs. gen.	man	
160643	w	w 	w	w	conj.	and	
160644	yqrb	yqrb	!y!qrb[	/q-r-b/	vb G prefc. 3 m. sg.	to approach	
# KTU 1.14 I:38							
160645	b	b 	b	b	prep.	in	b šal krt 'in asking Kirta' (as he asked).
160646	šal	šal  	!!š(ʔ&al[/	/š-ʔ-l/	vb G inf. cstr. gen.	to ask, request	b šal 'in asking/questioning' (DULAT direct attestation; EUPT G-Inf. Gen. St.cs.; Martijn/Tania).
160647	krt	krt  	krt/	krt	PN sg. abs. gen.	Kirta	
160648	mh	m<h>  	m&h	m(h)	pers. pn.	1) what?	m with added h, followed by ảt: 'what is the matter with you?' (DULAT; Martijn/Tania). EUPT instead treats maʔati as one interrogative pronoun.
160649	a	a 	a&kt	ảt (I)	pers. pn.	you	MERGE WITH THE NEXT: a + [[k]]t = ảt 'you'; k is a scribal error. Together with preceding m(h): 'what is the matter with you?' (DULAT; Martijn/Tania). EUPT instead treats maʔati as one interrogative pronoun.
160650	kt	[[k]]t	a&kt	ảt (I)	pers. pn.	you	MERGE WITH THE PREVIOUS.
# KTU 1.14 I:39							
160651	krt	krt  	krt/	krt	PN sg. abs. nom.	Kirta	mảt krt k ybky 'what ails Kirta that he weeps?'.
160651	krt	krt  	krt/	krt	PN sg. abs. acc.	Kirta	Alt. EUPT: Akk. m. sg. (its primary locative analysis has no direct CUC case tag).
160652	k	k 	k(III)	k (III)	subordinating or completive functor	that	k ybky 'that he weeps'.
160653	ybky	ybky	!y!bky[	/b-k-y/	vb G prefc. 3 m. sg.	to weep	
# KTU 1.14 I:40							
160654	ydmˤ	ydmʿ  	!y!dmˤ[	/d-m-ʕ/	vb G prefc. 3 m. sg.	to shed tears, weep	
160655	nˤmn	nʿmn  	nˤmn(I)/	nʕmn (I)	adj. m. sg. cstr. nom.	handsome	nˤmn ġlm il 'the handsome Lad of El'.
160656	ġlm	ġlm	ġlm/	ġlm	n. m. sg. cstr. nom.	boy, youth	
# KTU 1.14 I:41							
160657	il	il  	il(I)/	ỉl (I)	DN m. sg. abs. gen.	ʾIlu/Ilu/El	
160658	mlk	mlk  	mlk(II)/	mlk (II)	n. m. sg. cstr. acc.	kingdom, kingship	mlk ṯr abh 'the kingship of Bull his father' (DULAT mlk II; EUPT Akk. m. sg. St.cs.).
160659	ṯr	ṯr 	ṯr(I)/	ṯr (I)	n. m. sg. cstr. gen.	bull	ṯr abh 'Bull his father' (epithet of El).
160660	abh	abh	ab/+h	ảb	n. m. sg. cstr. gen. + 3 m. sg. suff.	father	
# KTU 1.14 I:42							
160661	yarš	yarš  	!y!(ʔ&arš[	/ʔ-r-š/	vb G prefc. 3 m. sg.	to request, wish, demand	
160661	yarš	yarš  	!y!(ʔ&arš[:d	/ʔ-r-š/	vb D prefc. 3 m. sg.	to request, wish, demand	Alt.: D-stem.
160662	hm	hm  	hm(II)	hm (II)	conj. / interr. functor	or	hm drkt k ab adm 'or authority like the Father of Man'.
160663	drkt	drk[t]	drk(t/t	drkt	n. f. sg. abs. acc.	rule, power	
# KTU 1.14 I:43							
160664	k	k 	k(I)	k (I)	prep.	like	
160665	ab	ab  	ab/	ảb	n. m. sg. cstr. gen.	father	
160666	adm	adm  	adm(I)/	ảdm (I)	n. m. sg. abs. gen.	man	
160667	xx	xx[       ]       	?	?	?	?	No recoverable signs sufficient for lexical analysis.
# KTU 1.14 I:44							
160668	ṯxxx	ṯxxx[                          ]                              	?	?	?	?	
# KTU 1.14 I:45							
160669	xxn	xxn  	?	?	?	?	
160670	ḥ	ḥ[                    ]                    	ḥ/	ḥ	n. m. sg. abs. nom.	life	Possibly ḥ[ym] “life.”
# KTU 1.14 I:46							
160671		[                                ]                                	?	?	?	?	No legible signs in TF/UDB/EUPT; left unresolved.
# KTU 1.14 I:47							
160672		[                                ]                                	?	?	?	?	No legible signs in TF/UDB/EUPT; left unresolved.
# KTU 1.14 I:48							
160673		[                                ]                                	?	?	?	?	No legible signs in TF/UDB/EUPT; left unresolved.
# KTU 1.14 I:49							
160674		[                                ]                                	?	?	?	?	No legible signs in TF/UDB/EUPT; left unresolved.
# KTU 1.14 I:50							
160675		[                                ]                                	?	?	?	?	No legible signs in TF/UDB/EUPT; left unresolved.
# KTU 1.14 I:51							
160676		[                         ]                         	?	?	?	?	
160677	lm	[lm ] 	l(I)~m	l (I)	prep. + encl. -m	to	
# KTU 1.14 I:52							
160678	ank	[ank  ]  	ank	ảnk	pers. pn. 1 c. sg.	I	
160679	kspw	[ksp .w ] 	ksp/ w	ksp | w	n. m. sg. abs. acc. | conj.	silver | and	Two lexical words joined by TF: ksp w 'silver and'; the object phrase continues with yrq ḫrṣ across the column break (Martijn/Tania; ANET, UNP, EUPT).
160680	yrq	[yrq]	yrq/	yrq	n. m. sg. cstr. acc.	greenish-yellow metal/gold	yrq ḫrṣ 'yellow gold' is a construct expression coordinated with ksp (DULAT; EUPT Akk. m. sg.).
# KTU 1.14 II:1							
160681	ḫrṣ	[ḫrṣ  ]  	ḫrṣ/	ḫrṣ	n. m. sg. abs. acc.	gold	ḫrṣ yd mqmh (ransom list, // III:22-23).
160682	yd	yd  	yd(I)/	yd (I)	n. f. sg. cstr. acc.	together with	Grammaticalized yd I: DULAT directly translates yrq ḫrṣ yd mqmh 'yellow gold together with its source'; EUPT labels the same form a preposition.
160683	mqmh	mqmh	mqm/+h	mqm	n. m. sg. cstr. gen. + 3 m. sg. suff.	place, source	'its source' (the gold's).
# KTU 1.14 II:2							
160684	w	[w ] 	w	w	conj.	and	
160685	ˤbd	[ʿb]d    	ˤbd(I)/	ʕbd (I)	n. m. sg. cstr. acc.	servant, slave	ˤbd ˤlm 'a perpetual slave'.
160686	ˤlm	ʿlm  	ˤlm(I)/	ʕlm (I)	n. m. sg. abs. gen.	eternity	ˤbd ˤlm 'slave in perpetuity'.
160687	ṯlṯ	ṯlṯ	ṯlṯ(I)/	ṯlṯ (I)	num.	three	ṯlṯ sswm 'three horses'.
# KTU 1.14 II:3							
160688	sswm	[ssw]m    	ssw/m	ssw	n. m. pl. abs. acc.	horse	Huehnergard lemma
160689	mrkbt	mrkbt  	mrkb(t/t=	mrkbt	n. f. pl. abs. acc.	(war-)chariot	Plural object coordinated with ṯlṯ sswm 'three horses' (Martijn/Tania; EUPT Akk. f. pl.).
160690	b	b 	b	b	prep.	from	b trbṣ 'from the stable'.
160691	trbṣ	trbṣ  	trbṣ/	trbṣ	n. m. sg. cstr. gen.	yard, stable	
160692	bnamt	bn . amt	bn(I)/ am(t(I)/t	bn (I) | ảmt (I)	n. m. sg. cstr. gen. | n. f. sg. abs. gen.	son | female slave	Two lexical words joined by TF: bn amt 'son of a slave-woman' (Martijn/Tania; DULAT attests b trbṣ bn amt at II:3).
# KTU 1.14 II:4							
160693	xxx	[xxx  ]  	?	?	?	?	
160694	ṯnm	ṯnm  	ṯn(I)&m	ṯn (I)	num.	two	UNP and DULAT read “[offspring] may I procreate.”
160694	ṯnm	ṯnm  	(b&ṯn/m	bn (I)	n. m. pl. abs. acc.	offspring	Alt. DULAT attestation: ]bnm aqny 'may I procreate offspring'; initial b is written ṯ in the preserved surface (Martijn/Tania note the alternate reading bnm).
160695	aqny	aqny	!(ʔ&a!qny[	/q-n-y/	vb G prefc. 1 c. sg.	to acquire, procreate	aqny 'may I procreate' (DULAT/EUPT G-PKKe 1 c. sg.).
# KTU 1.14 II:5							
160696	xx	[xx  ]  	?	?	?	?	
160697	šrm	šrm  	šr(II)/m	šr (II)	n. m. pl. abs. acc.	musician	
160698	amid	amid	!(ʔ&a!m(ʔ&id[:d	/m-ʔ-d/	vb D prefc. 1 c. sg.	to make numerous	amid 'I would multiply' (DULAT /m-ʔ-d/).
# KTU 1.14 II:6							
160699	w	w[ ] 	w	w	conj.	and	w yṯb ṯr abh il 'and the Bull, his father El, replied' (DULAT; EUPT G-PKL).
160700	yṯb	[yṯ]b    	!y!ṯ(wb[	/ṯ-w-b/	vb G prefc. 3 m. sg.	to answer, reply	Weak-medial /ṯ-w-b/: preformative y is written and radical w is unexpressed; w yṯb ṯr abh il 'and the Bull, his father El, replied' (EUPT G-PKL; Huehnergard).
160701	ṯr	ṯr  	ṯr(I)/	ṯr (I)	n. m. sg. cstr. nom.	bull	ṯr abh il 'the Bull, his father El' (epithet).
160702	abh	abh  	ab/+h	ảb	n. m. sg. cstr. nom. + 3 m. sg. suff.	father	
160703	il	il	il(I)/	ỉl (I)	DN m. sg. abs. nom.	ʾIlu/Ilu/El	
# KTU 1.14 II:7							
160704	dxxt	d[xx]t      	?	?	?	?	Possibly d[y]k 'enough' in DULAT's reconstruction d[y]k b-bky krt, but the preserved final t does not license that restoration.
160705	b	b 	b	b	prep.	at	
160706	bk	bk  	!!bk(y[/	/b-k-y/	vb G inf. cstr. gen.	to weep	Infinitive governed by b: b-bky 'at/enough of weeping' (DULAT direct attestation; EUPT G-Inf. Gen. St.cs.; Martijn/Tania).
160706	bk	bk  	bk/	bk	n. m. sg. abs. gen.	beaker	Alt. lexical surface reading; context and EUPT strongly favor the infinitive 'weeping'.
160707	rkrt	[[r]]krt	krt/	krt	PN sg. abs. nom.	Kirta	DULAT reconstructs d[y]k b-bky krt, “enough weeping, Kirta”; Martijn and Tania agree on the vocative.
# KTU 1.14 II:8							
160708	b	b 	b	b	prep.	at	
160709	dmˤ	dmʿ  	!!dmˤ[/	/d-m-ʕ/	vb G inf.	to shed tears, weep	b dmˤ 'at the weeping'.
160710	nmˤmn	n[[m]]ʿmn    	nˤmn(I)/	nʕmn (I)	adj. m. sg. abs. gen.	handsome	Martijn and Tania read nˤmn “the handsome one”; DULAT nʕmn (I), EUPT genitive masculine singular.
160711	ġlm	ġlm	ġlm/	ġlm	n. m. sg. cstr. gen.	boy, youth	nˤmn ġlm il 'the handsome Lad of El' (EUPT Gen. m. sg. St.cs.).
# KTU 1.14 II:9							
160712	il	il  	il(I)/	ỉl (I)	DN m. sg. abs. gen.	ʾIlu/Ilu/El	
160713	trtḥṣ	trtḥṣ   	!t=!r]t]ḥṣ[	/r-ḥ-ṣ/	vb Gt prefc. 2 m. sg.	to wash oneself	trtḥṣ w tadm 'wash yourself and rouge yourself' (EUPT: 2 m. sg.).
160714	w	w 	w	w	conj.	and	
160715	tadm	tadm	!t!(]n](ʔ&adm[	/ʔ-d-m/	vb N prefc. 2 m. sg.	to rouge oneself	Assimilated N-stem nun is reconstructed before the aleph-initial root: trtḥṣ w tadm 'wash and rouge yourself' (DULAT/EUPT; Martijn/Tania).
# KTU 1.14 II:10							
160716	rḥṣ	rḥṣ[  ]  	!!rḥṣ[	/r-ḥ-ṣ/	vb G impv. m. sg.	to wash	rḥṣ ydk 'wash your hands' (EUPT: G-Imp.); auto reads ptcpl.
160717	ydk	[y]dk    	yd(I)/+k	yd (I)	n. f. du. cstr. acc. + 2 m. sg. suff.	hand	ydk 'your (two) hands' (EUPT: Du.).
160718	amt	amt	am(t(II)/t	ảmt (II)	n. f. sg. abs. acc.	elbow	ydk amt 'your hands to the elbow' (EUPT amt (II); DULAT ảmt II 'elbow').
# KTU 1.14 II:11							
160719	uṣbˤtk	uṣbʿ[tk ]  	uṣbˤ/t=+k	ủṣbʕ	n. f. pl. cstr. acc. + 2 m. sg. suff.	finger	uṣbˤtk 'your fingers' (EUPT: Pl.).
160720	ˤd	ʿd   	ˤd(I)	ʕd (I)	prep.	up to	ˤd ṯkm 'up to the shoulder' (EUPT prep. ˤd); the context excludes the unrelated noun 'throne'.
160721	ṯkm	ṯkm	ṯkm/	ṯkm	n. m. sg. abs. gen.	shoulder	
# KTU 1.14 II:12							
160722	ˤrb	ʿrb [ ] 	!!ˤrb(I)[	/ʕ-r-b/ (I)	vb G impv. m. sg.	to enter	ˤrb b ẓl ḫmt 'enter into the shade of the tent' (EUPT: G-Imp.).
160723	b	[b ] 	b	b	prep.	in	
160724	ẓl	[ẓl  ]  	ẓl(I)/	ẓl (I)	n. m. sg. cstr. gen.	shade	
160725	ḫmt	[ḫmt]	ḫm(t/t	ḫmt	n. f. sg. abs. gen.	tent	
# KTU 1.14 II:13							
160726	qḥ	qḥ  	!!(lqḥ[	/l-q-ḥ/	vb G impv. m. sg.	to take	qḥ imr 'take a lamb'.
160727	imr	im[r  ]  	imr(I)/	ỉmr (I)	n. m. sg. abs. acc.	lamb	
160728	b	[b ] 	b	b	prep.	in	
160729	ydk	[yd]k	yd(I)/+k	yd (I)	n. f. sg. cstr. gen. + 2 m. sg. suff.	hand	b ydk 'in your hand'.
# KTU 1.14 II:14							
160730	imr	imr  	imr(I)/	ỉmr (I)	n. m. sg. cstr. acc.	lamb	imr dbḥ 'a sacrificial lamb'.
160731	dbḥ	d[bḥ  ]  	dbḥ/	dbḥ	n. m. sg. abs. gen.	sacrifice	imr dbḥ 'lamb of sacrifice' (EUPT dbḥ-II n.).
160732	bm	[b]m  	b~m	b	prep. + encl. -m	in	bm ymn 'in the right (hand)' (Martijn/Tania).
160733	ymn	ymn	ymn(I)/	ymn (I)	n. m. sg. abs. gen.	right (hand)	Object of b~m; EUPT Gen. m. sg.
# KTU 1.14 II:15							
160734	lla	lla  	ll(u&a/	llủ	n. m. sg. abs. acc.	suckling (lamb or kid)	
160735	klatnm	kl[atn]m	kla(t/tn~m(I)	klảt(n)	n. f. du. abs. acc. + encl. -m	both (hands)	Feminine dual klảt(n) with dual -tn; the first dual m dissimilates to n before enclitic -m (Martijn/Tania; EUPT kilˀatêna-ma; DULAT klảt(n)).
# KTU 1.14 II:16							
160736	klt	klt  	kl(t(II)/t	klt (II)	n. f. sg. cstr. acc.	measure	klt lḥmk 'a measure of your bread' (DULAT klt II).
160737	lḥmk	l[ḥmk  ]  	lḥm/+k	lḥm	n. m. sg. cstr. gen. + 2 m. sg. suff.	bread	
160738	d	d 	d	d	det. or rel. functor	which	d nzl 'of offering'.
160739	nzl	nzl	nzl/	nzl	n. m. sg. abs. gen.	offering	
# KTU 1.14 II:17							
160740	qḥ	qḥ  	!!(lqḥ[	/l-q-ḥ/	vb G impv. m. sg.	to take	
160741	msrrˤṣr	ms[rr .]ʿṣr	msrr/ ˤṣr(I)/	msrr | ʕṣr (I)	n. m. sg. cstr. acc. | n. f. sg. cstr. gen.	entrails | bird	Two lexical words joined by TF: qḥ msrr ˤṣr dbḥ 'take the entrails of a sacrificial bird' (Martijn/Tania; DULAT msrr and ʕṣr I; EUPT).
# KTU 1.14 II:18							
160742	dbḥ	dbḥ  	dbḥ/	dbḥ	n. m. sg. abs. gen.	sacrifice	ˤṣr dbḥ 'sacrificial bird'.
160743	ṣq	ṣq[  ]  	!!(yṣq[	/y-ṣ-q/	vb G impv. m. sg.	to pour	ṣq b gl ḥtṯ yn 'pour wine into a silver cup' (EUPT: G-Imp. of yṣq).
160744	b	[b ] 	b	b	prep.	into	
160745	gl	[g]l    	gl(II)/	gl (II)	n. m. sg. cstr. gen.	cup	b gl ḥtṯ 'in a cup of silver'.
160746	ḥtṯ	ḥtṯ	ḥtṯ/	ḥtṯ	n. m. sg. abs. gen.	silver	
# KTU 1.14 II:19							
160747	yn	yn  	yn/	yn	n. m. sg. abs. acc.	wine	
160748	b	b 	b	b	prep.	into	
160749	gl	gl  	gl(II)/	gl (II)	n. m. sg. cstr. gen.	cup	b gl ḫrṣ 'in a cup of gold'.
160750		[ ] 	?	?	?	?	No sign is present in TF; the translations and expert source place no lexical word here.
160751	ḫrṣ	[ḫ]rṣ    	ḫrṣ/	ḫrṣ	n. m. sg. abs. gen.	gold	
160752	nbt	nbt	nb(t/t	nbt	n. f. sg. abs. acc.	honey	(pour) nbt 'honey' (// yn).
# KTU 1.14 II:20							
160753	ˤl	ʿl  	!!ˤl(y[	/ʕ-l-y/	vb G impv. m. sg.	to go up	ˤl l ẓr mgdl 'go up to the top of the tower' (EUPT: G-Imp. ˤulû).
160753	ˤl	ʿl  	ˤl(I)	ʕl (I)	prep.	upon	Alt.: prep.
160754	l	l 	l(I)	l (I)	prep.	to	
160755	ẓr	ẓr  	ẓr(I)/	ẓr (I)	n. m. sg. cstr. gen.	top, back	l ẓr 'to the top of'.
160756	mgdl	m[g]dl	mgdl/	mgdl	n. m. sg. abs. gen.	tower	
# KTU 1.14 II:21							
160757	w	w 	w	w	conj.	and	
160758	ˤl	ʿl  	!!ˤl(y[	/ʕ-l-y/	vb G impv. m. sg.	to go up	EUPT: G-Imp. ˤulû (// II:20); auto reads adv. ˤl (II).
160758	ˤl	ʿl  	ˤl(II)	ʕl (II)	adv.	above	Alt.: adv.
160759	l	l 	l(I)	l (I)	prep.	to	
160760	ẓr	ẓr  	ẓr(I)/	ẓr (I)	n. m. sg. cstr. gen.	top, back	
160761	mgdl	mgdl   	mgdl/	mgdl	n. m. sg. abs. gen.	tower	Genitive complement of l ẓr 'on top of', parallel to II:20.
160762	rkb	rkb	!!rkb[	/r-k-b/	vb G impv. m. sg.	to mount	rkb ṯkmm ḥmt 'mount the shoulders of the wall' (EUPT: G-Imp.).
# KTU 1.14 II:22							
160763	ṯkmm	ṯkmm  	ṯk/m~m	ṯkm	n. m. du. cstr. acc. + encl. -m	shoulder	ṯkmm ḥmt 'the shoulders of the wall'.
160764	ḥmt	ḥmt  	ḥm(t(I)/t	ḥmt (I)	n. f. sg. abs. gen.	wall	
160765	ša	ša  	!!(nš(ʔ[&a	/n-š-ʔ/	vb G impv. m. sg.	to raise	ša ydk šmm 'raise your hands to heaven' (lengthened impv.).
160766	ydk	ydk	yd(I)/+k	yd (I)	n. f. du. cstr. acc. + 2 m. sg. suff.	hand	
# KTU 1.14 II:23							
160767	šmm	šmm  	šm(m(I)/m	šmm (I)	n. m. pl. tant. abs. acc.	heavens	Plural-tantum object of ša 'raise' (DULAT forms; EUPT Akk. m. pl.).
160768	dbḥl	dbḥ .l 	!!dbḥ[ l(I)	/d-b-ḥ/ | l (I)	vb G impv. m. sg. | prep.	to sacrifice | to	Two lexical words joined by TF: dbḥ l ṯr abk il 'sacrifice to the Bull, your father El' (DULAT direct attestation; EUPT; Martijn/Tania).
160769	ṯr	ṯr	ṯr(I)/	ṯr (I)	n. m. sg. cstr. gen.	bull	
# KTU 1.14 II:24							
160770	abk	abk  	ab/+k	ảb	n. m. sg. cstr. gen. + 2 m. sg. suff.	father	
160771	il	il  	il(I)/	ỉl (I)	DN m. sg. abs. gen.	ʾIlu/Ilu/El	
160772	šrd	šrd  	šrd[:d	/š-r-d/	vb D impv. m. sg.	to bring down > to honour	šrd bˤl b dbḥk 'serve/honour Baal with your sacrifice' (DULAT /š-r-d/; EUPT D-Imp.).
160773	bˤl	bʿl	bˤl(II)/	bʕl (II)	DN m. sg. abs. acc.	Baʿlu/Baal	
# KTU 1.14 II:25							
160774	b	b 	b	b	prep.	with	b dbḥk 'with your sacrifice'.
160775	dbḥk	dbḥk  	dbḥ/+k	dbḥ	n. m. sg. cstr. gen. + 2 m. sg. suff.	sacrifice	
160776	bn	bn  	bn(I)/	bn (I)	n. m. sg. cstr. acc.	son	bn dgn 'the son of Dagan' (= Baal).
160777	dgn	dgn	dgn(II)/	dgn (II)	DN m. sg. abs. gen.	Dagan	EUPT: dgn DN 'Dagānu'.
# KTU 1.14 II:26							
160778	b	b 	b	b	prep.	with	
160779	mṣdk	mṣdk  	mṣd(I)/+k	mṣd (I)	n. m. sg. cstr. gen. + 2 m. sg. suff.	feast of game	b mṣdk 'with your game-offering'.
160780	w	w 	w	w	conj.	and	
160781	yrd	yrd	!y!(yrd[	/y-r-d/	vb G prefc. 3 m. sg. juss.	to go down	w yrd krt l ggt 'and let Kirta come down from the roof' (juss.).
160781	yrd	yrd	yrd[	/y-r-d/	vb G suffc. 3 m. sg.	to go down	Alt. EUPT G-SK 3 m. sg.; Martijn/Tania note that an SC may carry future/volitive force here.
# KTU 1.14 II:27							
160782	krt	krt  	krt/	krt	PN sg. abs. nom.	Kirta	
160783	l	l 	l(I)	l (I)	prep.	from	
160784	ggt	ggt  	gg(I)/t=	gg (I)	n. m. pl. abs. gen.	roof	l ggt 'from the roof-terraces'; current DULAT and Huehnergard classify gg I as masculine (Martijn/Tania: -t occurs in the plural form).
160785	ˤdb	ʿdb	ˤdb[	/ʕ-d-b/	vb G suffc. 3 m. sg.	to prepare	ˤdb akl 'let him prepare food' (EUPT: G-SK ˤadaba; juss. sense).
# KTU 1.14 II:28							
160786	akl	akl  	akl(II)/	ảkl (II)	n. m. sg. abs. acc.	grain, food	
160787	l	l 	l(I)	l (I)	prep.	from	akl l qryt 'food from the cities'.
160788	qryt	qryt	qry(t/t	qryt	n. f. sg. abs. gen.	city	
# KTU 1.14 II:29							
160789	ḥṭt	ḥṭt  	ḥṭ(t/t	ḥṭt	n. f. sg. abs. acc.	wheat	
160790	l	l 	l(I)	l (I)	prep.	from	
160791	bt	bt  	b(t(I)/t	bt (I)	n. f. sg. cstr. gen.	daughter	bt ḫbr 'Daughter-of-Ḫubur' (TN; EUPT ON Bêtu-Ḫabūri).
160792	ḫbr	ḫbr	ḫbr/	ḫbr	TN sg. abs. gen.	Ḫubur	
# KTU 1.14 II:30							
160793	yip	yip  	!y!(ʔ&ip(y[	/ʔ-p-y/	vb G prefc. 3 m. sg. juss.	to bake	Weak-final /ʔ-p-y/ with reconstructed third radical: yip lḥm 'let him bake bread' (DULAT direct attestation; EUPT G-PKK yaˀpî; Martijn/Tania).
160794	lḥm	lḥm  	lḥm/	lḥm	n. m. sg. abs. acc.	bread	
160795	d	d 	d	d	det. or rel. functor	which	d ḫmš 'for the fifth (month)'.
160796	ḫmš	ḫmš	ḫmš(II)/	ḫmš (II)	adj. m. sg. abs. gen.	fifth	Substantivized ordinal in lḥm d ḫmš 'bread (to last until) the fifth month' (DULAT direct attestation and adjectival POS; EUPT).
# KTU 1.14 II:31							
160797	mġd	mġd  	mġd/	mġd	n. m. sg. cstr. acc.	food, provisions	Construct before the following measure phrase (EUPT Akk. m. sg. St.cs.; DULAT: food until the sixth month).
160798	ṯdṯ	ṯdṯ  	ṯdṯ/	ṯdṯ	adj. m. sg. abs. gen.	sixth	Primary DULAT ordinal reading: ṯdṯ yrḫm 'the sixth month'.
160798	ṯdṯ	ṯdṯ  	ṯdṯ/	ṯdṯ	num. m. sg. cstr. gen.	six-count	Alt. EUPT Kollektivzahl Gen. m. sg. St.cs.: 'a six-count of months'.
160799	yrḫm	yrḫm	yrḫ/m	yrḫ	n. m. pl. abs. gen.	month	Plural ending -m, not an enclitic: EUPT Gen. m. pl.; Martijn/Tania yrḫ/m.
# KTU 1.14 II:32							
160800	ˤdn	ʿdn  	ˤdn(III)/	ʕdn (III)	n. m. sg. cstr. nom.	party, troops	Construct in ˤdn ngb 'the provisioning-party/troops of victualling' (DULAT direct attestation).
160801	ngb	ngb  	ngb/	ngb	n. m. sg. abs. gen.	victualling	DULAT nominal reading in ˤdn ngb 'troops of victualling'; EUPT alternatively parses nugiba as Gpass suffc. 3 m. sg. 'was provisioned'.
160802	w	w 	w	w	conj.	and	
160803	yṣi	yṣi	yṣ(ʔ&i[	/y-ṣ-ʔ/	vb G prefc. 3 m. sg. juss.	to go out	w yṣi ṣbu 'and let the army march out' (juss.).
# KTU 1.14 II:33							
160804	ṣbu	ṣbu  	ṣbu(I)/	ṣbủ (I)	n. m. sg. cstr. nom.	army	ṣbu ṣbi 'the army of armies' (a huge host).
160805	ṣbi	ṣbi  	ṣb(u&i(I)/	ṣbủ (I)	n. m. sg. abs. gen.	army	
160806	ngb	ngb	ngb/	ngb	n. m. sg. abs. gen.	victualling	DULAT nominal reading: ṣbu ṣbi ngb 'the largest army of victualling'; EUPT alternatively parses nugiba as Gpass suffc. 3 m. sg. 'was provisioned'.
# KTU 1.14 II:34							
160807	w	w 	w	w	conj.	and	
160808	yṣi	yṣi  	yṣ(ʔ&i[	/y-ṣ-ʔ/	vb G prefc. 3 m. sg. juss.	to go out	
160809	ˤdn	ʿdn 	ˤdn(III)/	ʕdn (III)	n. m. sg. abs. nom.	party, troops	MERGE WITH THE NEXT: TF splits ˤdnx; unknown x is a scribal error after ˤdn 'troops' and is excluded from normalized reconstruction (Martijn/Tania), in w yṣi ˤdn mˤ 'and let the troops go out as one'.
160810	x	[[x ]]    	ˤdn(III)/	ʕdn (III)	n. m. sg. abs. nom.	party, troops	MERGE WITH THE PREVIOUS.
160811	mˤ	mʿ	mˤ(II)	mʕ (II)	adv.	as one, together	Primary DULAT direct attestation: yṣi ˤdn mˤ 'let the troops go out as one'.
160811	mˤ	mʿ	mˤ(I)	mʕ (I)	adj. m. sg. abs. nom.	strong, great	Alt. EUPT maˁˁu, Adj. Nom. m. sg.; current DULAT's EUPT enrichment records mʕ I 'strong, great'.
# KTU 1.14 II:35							
160812	ṣbuk	ṣbuk  	ṣbu(I)/+k	ṣbủ (I)	n. m. sg. cstr. nom. + 2 m. sg. suff.	army	ṣbuk ul mad 'your army (will be) a mighty force'.
160813	ul	ul  	ul/	ủl	n. m. sg. abs. nom.	(military) force	
160814	mad	mad	m(ʔ&ad[	/m-ʔ-d/	vb G suffc. 3 m. sg.	to be immense, numerous	DULAT direct attestation: ṣbuk ul mad 'your army (will be) a force which is immense'. EUPT instead labels maˀadu an adjective; the lexical predicate remains the same.
# KTU 1.14 II:36							
160815	ṯlṯ	ṯlṯ  	ṯlṯ(III)/	ṯlṯ (III)	n. m. pl. cstr. nom.	charioteer	Primary DULAT direct attestation: ṯlṯ mat rbt 'the charioteers are hundreds of myriads'.
160815	ṯlṯ	ṯlṯ  	ṯlṯ(I)/	ṯlṯ (I)	num. m. sg. abs. nom.	three	Alt. EUPT: 'three hundred myriads'.
160816	mart	ma[[r]]t    	m(ʔ&a(t/t=	mỉt	n. f. pl. abs. nom.	hundred	DULAT, Martijn, and Tania read mảt/mỉt “hundreds”; compare III:22.
160817	rbt	rbt	rb(t/t=	rb(b)t	num. f. pl. abs. gen.	ten thousand	Primary Martijn/Tania and DULAT reading: plural 'myriads' governed by 'hundreds'. EUPT instead parses rabbatu as a singular nominative cardinal.
# KTU 1.14 II:37							
160818	ḫpṯ	ḫpṯ  	ḫpṯ/	ḫpṯ	n. m. sg. abs. nom.	fugitive or light-armed soldier	Collective: ḫpṯ d bl spr 'mercenaries without number' (DULAT direct attestation).
160819	d	d 	d	d	det. or rel. functor	which	
160820	bl	bl  	bl(II)	bl (II)	prep.	without	d bl spr 'without number'.
160821	spr	spr	spr(III)/	spr (III)	n. m. sg. cstr. gen.	number, count	
# KTU 1.14 II:38							
160822	ṯnn	ṯnn  	ṯnn(I)/	ṯnn (I)	n. m. sg. abs. nom.	archer	ṯnn d bl hg 'archers without count'.
160823	d	d 	d	d	det. or rel. functor	which	
160824	bl	bl  	bl(II)	bl (II)	prep.	without	EUPT: bl(î) 'without' (Neg.); DULAT bl (III) 'beer' rejected here.
160825	hg	hg	hg/	hg	n. m. sg. cstr. gen.	count, enumeration	
# KTU 1.14 II:39							
160826	hlk	hlk  	hlk[/	/h-l-k/	vb G act. ptcpl. m. pl. abs. nom.	to go, march	hlk l alpm 'marching by the thousand' (EUPT: G-SK 3 m. pl.).
160826	hlk	hlk  	hlk[:w	/h-l-k/	vb G suffc. 3 m. pl.	to go, march	EUPT: halakū 3 m. pl.
160827	l	l 	l(I)	l (I)	prep.	by	
160828	alpm	alpm  	alp(II)/m	ảlp (II)	num. pl.	thousand	l alpm 'by the thousand'.
160829	ḫḏḏ	ḫḏḏ	ḫḏḏ/	ḫḏ(ḏ)	n. m. sg. abs. acc.	downpour, squall	km ḫḏḏ 'like a downpour'.
# KTU 1.14 II:40							
160830	w	w 	w	w	conj.	and	
160831	l	l 	l(I)	l (I)	prep.	by	
160832	rbt	rbt  	rb(t/t=	rb(b)t	num. f. pl. abs. gen.	ten thousand	Plural 'by myriads' after l (Martijn/Tania /t=; EUPT Gen. f. pl.; DULAT direct attestation).
160833	km	km  	km	km	prep.	like	
160834	yr	yr	yr/	yr	n. m. sg. abs. gen.	early rain	km yr 'like the early rain'.
# KTU 1.14 II:41							
160835	aṯr	aṯr  	aṯr(I)	ảṯr (I)	prep.	behind, after	Primary EUPT/Martijn-Tania reading: aṯr ṯn ṯn hlk 'two by two they march'; the previous homonym III means 'where' and is excluded.
160835	aṯr	aṯr  	!!(ʔ&aṯr[/	/ʔ-ṯ-r/	vb G inf.	to go, follow	Alt. DULAT direct attestation: 'by the myriad like early rain they go/follow; two by two they go'.
160836	ṯn	ṯn  	ṯn(I)/	ṯn (I)	num.	two	
160837	ṯn	ṯn  	ṯn(I)/	ṯn (I)	num.	two	
160838	hlk	hlk	hlk[	/h-l-k/	vb G suffc. 3 m. du.	to go, march	EUPT: halakā 3 m. du.
# KTU 1.14 II:42							
160839	aṯr	aṯr  	aṯr(I)	ảṯr (I)	prep.	behind, after	Primary EUPT/Martijn-Tania reading: aṯr ṯlṯ klhm 'in threes, all of them'; the previous homonym III means 'where' and is excluded.
160839	aṯr	aṯr  	!!(ʔ&aṯr[/	/ʔ-ṯ-r/	vb G inf.	to go, follow	Alt. DULAT direct attestation: 'they go in threes, all of them'.
160840	ṯlṯ	ṯlṯ  	ṯlṯ(I)/	ṯlṯ (I)	num.	three	aṯr ṯlṯ klhm 'behind three, all of them' (DULAT ṯlṯ I 'set of three').
160841	klhm	klhm	kl/+hm	kl	n. m. sg. cstr. nom. + 3 m. pl. suff.	all (of them)	klhm 'all of them'.
# KTU 1.14 II:43							
160842	yḥd	yḥd  	yḥd/	yḥd	adj. m. sg. abs. nom.	solitary, only one	yḥd bth sgr 'the lone man should shut his house'.
160843	bth	bth  	bt(II)/+h	bt (II)	n. m. sg. cstr. acc. + 3 m. sg. suff.	house	
160844	sgr	sgr	sgr[	/s-g-r/	vb G suffc. 3 m. sg. juss.	to shut, close	EUPT: sagara 3 m. sg. (jussive sense).
# KTU 1.14 II:44							
160845	almnt	almnt  	almn(t/t	ảlmnt	n. f. sg. abs. nom.	widow	almnt škr tškr 'the widow hires (herself) out'.
160846	škr	škr	!!škr(I)[/	/š-k-r/ (I)	vb G inf.	to hire out	škr tškr (paronomastic inf. + prefc.).
# KTU 1.14 II:45							
160847	tškr	tškr  	!t!škr[	/š-k-r/ (I)	vb G prefc. 3 f. sg.	to hire out	
160848	zbl	zbl  	zbl(III)/	zbl (III)	n. m. sg. abs. nom.	the sick one	zbl ˤršm yšu 'let the sick one carry his bed' (DULAT zbl III 'one carried').
160849	ˤršm	ʿršm	ˤrš/~m	ʕrš	n. f. sg. abs. acc. + encl. -m	bed, stretcher	DULAT and Huehnergard classify ʕrš as feminine; EUPT instead assigns masculine gender to this occurrence.
# KTU 1.14 II:46							
160850	yšu	yšu  	!y!(nš(ʔ[&u	/n-š-ʔ/	vb G prefc. 3 m. sg. juss.	to lift, carry	yšu 'let him carry' (juss.).
160851	ˤwr	ʿwr  	ˤwr/	ʕwr	n. m. sg. abs. nom.	blind man	ˤwr mzl ymzl 'the blind man gropes his way'.
160852	mszl	m[[s]]zl  	!!m&szl[/&y&m	/m-z-l/	vb G inf.	to grope one's way	MERGE WITH THE NEXT: TF splits the single corrupt form mszlym; read paronomastic infinitive mzl with scribal s, y, and m (Martijn/Tania; DULAT /m-z-l/; EUPT).
160853	ym	[[ym]]	!!m&szl[/&y&m	/m-z-l/	vb G inf.	to grope one's way	MERGE WITH THE PREVIOUS; ym belongs to the corrupt infinitive, not to the nouns “day” or “sea.”
# KTU 1.14 II:47							
160854	ymzl	ymzl  	!y!mzl[	/m-z-l/	vb G prefc. 3 m. sg. juss.	to grope one's way	Primary DULAT/EUPT G-stem reading in the paronomastic construction mzl ymzl.
160854	ymzl	ymzl  	!y!mzl[:d	/m-z-l/	vb D prefc. 3 m. sg. juss.	to grope one's way	Alt. Martijn/Tania D-stem analysis.
160855	w	w 	w	w	conj.	and	
160856	yṣi	yṣi  	yṣ(ʔ&i[	/y-ṣ-ʔ/	vb G prefc. 3 m. sg. juss.	to go out	
160857	trḫ	trḫ	trḫ/	trḫ	n. m. sg. abs. nom.	newlywed, groom	trḫ ḥdṯ 'the newlywed' (DULAT trḫ n.; EUPT tarīḫu).
# KTU 1.14 II:48							
160858	ḥdṯ	ḥdṯ  	ḥdṯ(I)/	ḥdṯ (I)	adj. m. sg. abs. nom.	new, newly (wed)	
160859	ybˤr	ybʿr  	!y!bˤr(II)[:d	/b-ʕ-r/ (II)	vb D prefc. 3 m. sg. juss.	to send away	ybˤr l ṯn aṯth 'let him hand his wife to another'.
160860	l	l 	l(I)	l (I)	prep.	to	
160861	ṯn	ṯn	ṯn(II)/	ṯn (II)	num. or adj. m. sg. abs. gen.	another, second	DULAT direct attestation l ṯn 'to another'; EUPT instead labels ṯanî an indefinite pronoun.
# KTU 1.14 II:49							
160862	aṯth	aṯth  	aṯ(t/t+h	ảṯt	n. f. sg. cstr. acc. + 3 m. sg. suff.	wife	
160863	lm	lm  	l(I)~m	l (I)	prep. + encl. -m	to	Enclitic -m: lm nkr 'to a stranger' (Martijn/Tania).
160864	nkr	nkr	nkr/	nkr	adj. m. sg. abs. gen.	stranger, foreigner	lm nkr 'to a stranger'.
# KTU 1.14 II:50							
160865	mddth	mddth  	mdd(t(I)/t+h	mddt (I)	n. f. sg. cstr. acc. + 3 m. sg. suff.	beloved	mddth 'his beloved'.
160866	k	k 	k(I)	k (I)	prep.	like	k irby 'like locusts'.
160867	irby	irby	irby/	ỉrby	n. m. sg. abs. gen.	locust	
# KTU 1.14 II:51							
160868	tškn	tškn  	!t!škn[	/š-k-n/	vb G prefc. 3 m. pl.	to settle	k irby tškn šd 'like locusts they settle the field' (EUPT: 3 m. pl. taškunū).
160869	šd	šd	šd(I)/	šd (I)	n. m. sg. abs. acc.	open field	
# KTU 1.14 III:1							
160870	km	km  	km	km	prep.	like	km ḥsn pat mdbr 'like locusts (on) the fringes of the desert'. DULAT km s.v. 1.14 III:1; EUPT 'wie Grashüpfer'. Comparative prep. as at 160615.
160871	ḥsn	ḥsn  	ḥsn/	ḥsn	n. m. sg. abs. gen.	grasshoppers	Abs. not cstr.: km governs ḥsn, and pat mdbr is a separate construct chain. EUPT vocalises ḤSN-i (gen.); DULAT ḥsn s.v. 1.14 III:1 'km ḥsn pảt mdbr'.
160872	pat	pat 	p(i&at/	pỉt	n. m. pl. cstr. gen.	2) boundary	pat mdbr 'the fringes of the desert' (DULAT pỉt n. m./f., sense 2 'boundary, border, side, fringe, edge' [technical meaning], cited s.v. 1.14 III:1); DULAT lists pảt as the pl. EUPT vocalises piˀata (sg. acc.), with piˀāti f. pl. cstr. offered in the commentary — compatible with the m./f. gender. NB the DULAT cache narrows m./f. to m. in the gender column; true value is in raw_notes.
160873	mdbr	mdbr	mdbr/	mdbr	n. m. sg. abs. gen.	desert	Genitive complement in pat mdbr 'fringes of the desert' (DULAT; Martijn/Tania; EUPT).
# KTU 1.14 III:2							
160874	lk	lk  	!!(hlk[	/h-l-k/	vb G impv. m. sg.	to go	lk ym w ṯn 'go one day and a second'. Not l (I) + 2 m. sg. suff.: DULAT lk redirects to root /h-l-k/ and cites ym (I) s.v. 1.14 III:2 'lk ym w ṯn … = go one day and a second'; EUPT vocalises li⸢k⸣ 'Geh'; Burns Workbook IX root hlk. Same encoding as 154457, 156408, 158891.
160875	ym	ym  	ym(I)/	ym (I)	n. m. sg. abs. acc.	day	Adverbial accusative of duration after lk (EUPT); compare the repeated day-count in III:2–12.
160876	w	w 	w	w	conj.	1) copulative conj.	
160877	ṯn	ṯn 	ṯn(II)/	ṯn (II)	num. m. sg. abs. acc.	second	Ordinal in the day-count; DULAT ṯn II and EUPT Ordinalzahl Akk. m. sg.
160878	ṯlṯ	ṯlṯ  	ṯlṯ(II)/	ṯlṯ (II)	num. m. sg. abs. acc.	third	Ordinal in the day-count; DULAT ṯlṯ II and EUPT ṯāliṯa.
160879	rbˤ	rbʿ 	rbˤ/	rbʕ	num.	fourth	
160880	ym	ym	ym(I)/	ym (I)	n. m. sg. abs. acc.	day	Adverbial accusative in rbˤ ym 'a fourth day' (EUPT).
# KTU 1.14 III:3							
160881	ḫmš	ḫmš  	ḫmš(I)/	ḫmš (I)	num.	five	
160882	ṯdṯ	ṯdṯ  	ṯdṯ/	ṯdṯ	num. m. sg. abs. acc.	sixth	Ordinal in the day-count (DULAT adj./num.; EUPT Akk. m. sg.).
160883	ym	ym  	ym(I)/	ym (I)	n. m. sg. abs. acc.	day	Adverbial accusative of duration (EUPT).
160884	mk	mk  	mk(II)	mk (II)	deictic functor	behold!	
160885	špšm	špšm	špš/~m	špš	n. f. sg. abs. + encl. -m	sun	Temporal locative špšm 'on that day', with enclitic -m (Martijn/Tania; EUPT Lok. f. sg.); CUC has no locative-case POS token.
# KTU 1.14 III:4							
160886	b	b 	b	b	prep.	in	
160887	šbˤ	šbʿ  	šbˤ(I)/	šbʕ (I)	num. m. sg. abs. gen.	seventh	Temporal b šbˤ 'on the seventh (day)' (DULAT; EUPT šābiˤi).
160888	yw	[[y]]w  	w	yw	DN m. sg. abs. nom.	Yaw, alternative name of Yamm	Martijn and Tania identify Yaw as the subject of tmġy.
160889	tmġy	tmġy  	!t=!mġy[	/m-ġ-y/	vb G prefc. 2 m. sg.	to come, arrive	DULAT translates w tmġy l udm, “you will arrive at Udum”; EUPT likewise reads G-PKL 2 m. sg.
160890	l	l 	l(I)	l (I)	prep.	to	
160891	udm	udm	udm/	ủdm	TN sg. abs. gen.	ủdm	
# KTU 1.14 III:5							
160892	rbm	rbm   	rb(I)/(t&m	rb (I)	adj. f. sg. abs. gen.	great	Surface rbm is a scribal m for expected feminine rbt (Martijn/Tania); it agrees with Udum after l.
160893	w	w 	w	w	conj.	and	
160894	l	l  	l(I)	l (I)	prep.	to	
160895	udm	udm  	udm/	ủdm	TN sg. abs. gen.	ủdm	
160896	ṯrrt	ṯrrt	ṯrr(t/t	ṯrrt	adj. f. sg. abs. gen.	powerful	Genitive after l and in agreement with Udum (EUPT Gen. f. sg.).
# KTU 1.14 III:6							
160897	w	w 	w	w	conj.	and	
160898	grnn	gr{.}nn    	!!gr(y[:d~nn	/g-r(-y)/	vb D impv. m. sg. + energic -nn	to attack	Primary EUPT D imperative; Martijn/Tania identify gr + separately written nn as one energized form. EUPT further sees a fused 3 f. sg. object suffix, which -nn does not distinguish securely.
160898	grnn	gr{.}nn    	!!gr(y[~nn	/g-r(-y)/	vb G impv. m. sg. + energic -nn	to attack	Alt. DULAT G-stem in the direct attestation 'attack the cities'.
160899	ˤrm	ʿrm  	ˤr(I)/m	ʕr (I)	n. f. pl. abs. acc.	city	Primary Martijn/Tania and DULAT plural 'cities', object of grnn.
160899	ˤrm	ʿrm  	ˤr(I)/~m	ʕr (I)	n. f. sg. abs. acc. + encl. -m	city	Alt. EUPT ˤîrama, Akk. f. sg. with emphatic -m.
160900	šrn	šrn	!!šr(II)[~n	/š-r/ (II)	vb G impv. m. sg. + energic -n	to besiege	Martijn/Tania imperative 'besiege' with energic -n; DULAT cites /š-r/ II for this clause. The older ~n(I) notation is normalized to canonical ~n.
# KTU 1.14 III:7							
160901	pdrm	pdrm  	pdr(I)/m	pdr (I)	n. m. pl. abs. acc.	town	DULAT and Martijn/Tania read plural 'towns'; EUPT's feminine dual conflicts with DULAT's masculine lexeme.
160902	sˤt	sʿt  	sˤ[/t=	/s-ʕ/	vb G pass. ptcpl. f. pl. abs. nom.	to sweep, remove	Primary Martijn/Tania passive participle predicated of pdrm; /t= is the feminine plural formative.
160902	sˤt	sʿt  	sˤ[t===	/s-ʕ/	vb G suffc. 3 f. sg.	to sweep, remove	Alt. EUPT G-SK 3 f. sg. saˤât.
160903	b	b 	b	b	prep.	in	
160904	šdm	šdm	šd(I)/m	šd (I)	n. m. pl. abs. gen.	cultivated field	Object of b in b šdm 'from/in the fields'; plural -m (DULAT; Martijn/Tania).
# KTU 1.14 III:8							
160905	ḥṭbh	ḥṭbh   	ḥṭb&h[/(t=	?	vb G act. ptcpl. f. pl. abs. nom.	to cut wood	Primary Martijn/Tania active participle used as an agent noun; written h is explicit and /t= supplies the feminine plural. DULAT lexicalizes the occupation rather than supplying a verbal root.
160905	ḥṭbh	ḥṭbh   	ḥṭb&h[/(t	?	vb G act. ptcpl. f. sg. abs. nom.	to cut wood	Alt. EUPT translation and commentary: singular feminine participle 'the woman who gathers wood'; written h replaces the expected ending t.
160905	ḥṭbh	ḥṭbh   	ḥṭb(t/&h	ḥṭbt	n. f. pl. abs. nom.	wood-cutter	Alt. DULAT lexical noun ḥṭbt, with written h for expected lexical t.
160906	b	b 	b	b	prep.	in	
160907	grnt	grnt  	grn(I)/t=	grn (I)	n. f. pl. abs. gen.	threshing-floor	Plural after b (Martijn/Tania /t=; EUPT guranāti Gen. f. pl.); DULAT permits masculine and feminine gender.
160908	ḥpšt	ḥpšt	ḥpšt/	ḥpšt	n. f. pl. cstr. gen.	woman gathering straw	Primary DULAT lexical noun in b grnt ḥpšt 'from the threshing-floors, those gathering straw'.
160908	ḥpšt	ḥpšt	ḥpš[/t=	?	vb G act. ptcpl. f. pl. abs. nom.	to gather straw	Alt. Martijn/Tania participle used as an agent noun. EUPT agrees on participial POS but vocalizes feminine singular; DULAT lacks this verbal root.
160908	ḥpšt	ḥpšt	ḥpš[/t	?	vb G act. ptcpl. f. sg. abs. nom.	to gather straw	Alt. EUPT ḥāpišatu, singular feminine active participle 'the woman who gathers straw'.
# KTU 1.14 III:9							
160909	sˤt	sʿt  	sˤ[/t=	/s-ʕ/	vb G pass. ptcpl. f. pl. abs. nom.	to sweep	Primary Martijn/Tania passive participle, parallel to III:7.
160909	sˤt	sʿt  	sˤ[t===	/s-ʕ/	vb G suffc. 3 f. sg.	to sweep	Alt. EUPT G-SK 3 f. sg. saˤât.
160910	b	b 	b	b	prep.	in	
160911	npk	n<p>k    	npk(I)/	nb/pk (I)	n. m. sg. abs. gen.	fountain	Genitive after b; DULAT nb/pk I and Martijn/Tania npk(I)/.
160912	šibt	šibt  	šibt/	šỉbt	n. f. pl. abs. gen.	water bearer	Primary DULAT lexical noun šỉbt.
160912	šibt	šibt  	š(ʔ&ib[/t=	/š-ʔ-b/	vb G act. ptcpl. f. pl. abs. nom.	to draw water	Alt. Martijn/Tania active participle used as an agent noun; EUPT agrees on participial POS but vocalizes feminine singular.
160912	šibt	šibt  	š(ʔ&ib[/t	/š-ʔ-b/	vb G act. ptcpl. f. sg. abs. nom.	to draw water	Alt. EUPT šāʔibatu, singular feminine active participle 'the woman who draws water'.
160913	b	b 	b	b	prep.	in	
160914	bqr	bqr 	bqr/	m/bqr	n. m. sg. abs. gen.	spring	Genitive after b; DULAT m/bqr and Martijn/Tania note bqr as the variant of mqr.
# KTU 1.14 III:10							
160915	mmlat	mmlat  	!m!ml(ʔ&a[:d/t=	/m-l-ʔ/	vb D act. ptcpl. f. pl. abs. nom.	to fill	Martijn and Tania read a D active participle used as an agent noun.
160915	mmlat	mmlat  	!m!ml(ʔ&a[:d/t	/m-l-ʔ/	vb D act. ptcpl. f. sg. abs. nom.	to fill	Alt. EUPT mumalliʔatu, D active participle feminine singular; D marker precedes the ending.
160916	dm	dm  	!!dm[	/d-m/	vb G impv. 2 m. sg.	to remain still	dm ym w ṯn 'keep still one day and a second'. Verb, not dm (II) 'blood': DULAT /d-m/ 'to remain still' cites 'dm ym w ṯn' s.v. 1.14 III:10; EUPT 'dum yôma wa ṯānâ' / 'Verhalte dich ruhig', morph G-Imp. 2.m.Sg. (lemma dmm).
160917	ym	ym  	ym(I)/	ym (I)	n. m. sg. abs. acc.	day	Adverbial accusative after dm 'remain still' (EUPT).
160918	w	w 	w	w	conj.	and	
160919	ṯn	ṯn	ṯn(II)/	ṯn (II)	num. m. sg. abs. acc.	second	Ordinal in dm ym w ṯn 'remain still one day and a second' (DULAT direct attestation).
# KTU 1.14 III:11							
160920	ṯlṯ	ṯlṯ  	ṯlṯ(II)/	ṯlṯ (II)	num. m. sg. abs. acc.	third	Ordinal continuation of the day-count.
160921	rbˤ	rbʿ  	rbˤ/	rbʕ	num. m. sg. abs. acc.	fourth	Ordinal continuation of the day-count.
160922	ym	ym  	ym(I)/	ym (I)	n. m. sg. abs. acc.	day	Adverbial accusative in rbˤ ym 'a fourth day' (EUPT).
160923	ymš	ymš 	&y(ḫmš(I)/	ḫmš (I)	num.	five	Scribal y for expected ḫ: the day sequence continues ṯlṯ “three,” rbˤ “four,” ymš = ḫmš “five,” ṯdṯ “six.”
# KTU 1.14 III:12							
160924	ṯdṯ	ṯdṯ  	ṯdṯ/	ṯdṯ	num. m. sg. abs. acc.	sixth	Ordinal continuation of the day-count (DULAT; EUPT).
160925	ym	ym  	ym(I)/	ym (I)	n. m. sg. abs. acc.	day	Adverbial accusative of duration (EUPT).
160926	ḥẓk	ḥẓk  	ḥẓ/+k	ḥẓ	n. m. pl. cstr. acc. + 2 m. sg. suff.	arrow	Object in ḥẓk al tšˤl 'do not shoot your arrows' (DULAT; EUPT Akk. m. pl. with suffix).
160927	al	al  	al(I)	ảl (I)	neg. functor	no	
160928	tšˤl	tšʿl	!t!]š]ˤl(y[	/ʕ-l-y/	vb Š prefc. 2 m. sg.	to raise, shoot	DULAT cites ḥẓk al tšˤl qrth, “do not shoot your arrows against the city,” under /ʕ-l-y/ at CAT 1.14 III:12; compare tšˤly in KTU 1.5 and 1.6.
# KTU 1.14 III:13							
160929	qrth	qrth  	qr(t(I)/t~h	qrt (I)	n. f. sg. abs. acc. + dir. -h	city	Directive qrth 'toward/against the city' (Martijn/Tania; EUPT Term. f. sg.), not a possessive suffix.
160930	abnydk	abn .ydk	abn/ yd(I)/+k	ảbn | yd (I)	n. f. pl. cstr. nom. | n. f. sg. cstr. gen. + 2 m. sg. suff.	stone | hand	DULAT cites ảbn ydk mšdpt, “the stones thrown by your hand,” at CAT 1.14 III:13.
# KTU 1.14 III:14							
160931	mšdpt	mšdpt  	!m!]š](ndp[/t	/n-d-p/	vb Š act. ptcpl. f. sg. abs. gen.	to throw	Feminine Š active participle modifying abn 'stones thrown by your hand' (Martijn/Tania; EUPT Gen. f. sg.).
160932	w	w 	w	w	conj.	and	
160933	hn	hn  	hn	hn	functor	1) as a deictic functor	
160934	špšm	špšm	špš/~m	špš	n. f. sg. abs. + encl. -m	sun	Temporal locative with enclitic -m, parallel to 160885 (Martijn/Tania; EUPT); CUC has no locative-case POS token.
# KTU 1.14 III:15							
160935	b	b 	b	b	prep.	2) temporal situation a) time when something happens	
160936	šbˤ	šbʿ  	šbˤ(I)/	šbʕ (I)	num. m. sg. abs. gen.	seventh	Temporal b šbˤ 'on the seventh'; DULAT numerical reading retained over EUPT's substantivized noun tag.
160937	w	w 	w	w	conj.	and	
160938	l	l  	l(II)	l (II)	adv.	no	
160939	yšn	yšn  	!y!(yšn[	/y-š-n/	vb G prefc. 3 m. sg.	to sleep, fall asleep	
160940	pbl	pbl	pbl/	pbl	PN m. sg. abs. nom.	Pabilu	Subject of l yšn 'could not sleep' (DULAT direct attestation).
# KTU 1.14 III:16							
160941	mlk	mlk  	mlk(I)/	mlk (I)	n. m. sg. abs. nom.	king	Apposition to Pabilu and subject of the following auditory clauses (EUPT Nom. m. sg.).
160942	l	l 	l(I)	l (I)	prep.	to	
160943	qr	qr  	qr(II)/	qr (II)	n. m. sg. cstr. gen.	noise	
160944	ṯigt	ṯigt 	ṯig(t/t	ṯỉgt	n. f. sg. cstr. gen.	neighing	
160945	ibrh	ibrh	ibr(I)/+h	ỉbr (I)	n. m. pl. cstr. gen. + 3 m. sg. suff.	bull, stallion	EUPT translation takes 'his bulls' as primary and 'stallions' as an alternative because ibrh parallels his donkeys; DULAT ỉbr I covers the bovine reading and also records the equid proposal.
# KTU 1.14 III:17							
160946	l	l 	l(I)	l (I)	prep.	to	
160947	ql	ql  	ql(I)/	ql (I)	n. m. sg. cstr. gen.	3) roar	
160948	nhqt	nhqt  	nhq(t/t	nhqt	n. f. sg. cstr. gen.	braying	
160949	ḥmrh	ḥmrh	ḥmr(I)/+h	ḥmr (I)	n. m. pl. cstr. gen. + 3 m. sg. suff.	donkey	Suffixed construct 'the braying of his donkeys' (EUPT; DULAT direct phrase).
# KTU 1.14 III:18							
160950	l	l 	l(I)	l (I)	prep.	to	
160951	gˤt	gʿt  	gˤ(t/t	gʕt	n. f. sg. cstr. gen.	bellowing	
160952	alp	alp  	alp(I)/	ảlp (I)	n. m. pl. cstr. gen.	bullock	EUPT vocalizes a plural construct in 'the bellowing of the ploughman's cattle'; DULAT ảlp I.
160953	ḥrṯ	ḥrṯ  	ḥrṯ/	ḥrṯ	n. m. sg. abs. gen.	ploughman	Primary DULAT noun 'ploughman/farmhand', dependent on alp.
160953	ḥrṯ	ḥrṯ  	ḥrṯ[/	/ḥ-r-ṯ/	vb G act. ptcpl. m. sg. abs. gen.	to plough	Alt. Martijn/Tania active participle used as an agent noun.
160954	zġt	zġt	zġ(t/t	zġt	n. f. sg. cstr. gen.	howl	
# KTU 1.14 III:19							
160955	klb	klb  	klb(I)/	klb (I)	n. m. pl. cstr. gen.	dog	EUPT vocalizes plural construct kalabī in 'the howl of the dogs'; DULAT klb.
160956	ṣpr	ṣpr  	ṣpr(I)/	ṣpr (I)	n. m. sg. abs. gen.	bird	Construct phrase klb ṣpr, literally 'bird-dogs'; EUPT interprets hunting/watchdogs but notes that the etymology of ṣpr is insecure. DULAT retains ṣpr I 'bird'.
160957	w	w 	w	w	conj.	and	
160958	ylak	ylak	!y!l(ʔ&ak[	/l-ʔ-k/	vb G prefc. 3 m. sg.	to send (a message)	
# KTU 1.14 III:20							
160959	mlakm	mlakm  	mlak/m	mlảk	n. m. du. abs. acc.	messenger	Direct object of ylak; EUPT malʔakêma Akk. m. dual.
160960	lk	lk  	l(I)+k	l (I)	prep. + 2 m. sg. suff.	to you	Suffixed preposition (Martijn/Tania).
160961	ˤm	ʿm  	ˤm(I)	ʕm (I)	prep.	to	
160962	krt	krt	krt/	krt	PN m. sg. abs. gen.	Kirta	Object of ˤm 'to/with' (Martijn/Tania; DULAT).
# KTU 1.14 III:21							
160963	mswnh	mswnh  	mswn/+h	mswn	n. m. sg. cstr. acc. + 3 m. sg. suff.	delegate	Suffixed object/apposition 'his delegate' (EUPT Akk. m. sg. construct).
160964	tḥm	tḥm  	tḥm/	tḥm	n. m. sg. cstr. nom.	message	Construct in tḥm pbl mlk 'message of Pabilu, the king' (DULAT; EUPT).
160965	pblmlk	pbl .mlk	pbl/ mlk(I)/	pbl | mlk (I)	PN m. sg. abs. gen. | n. m. sg. abs. gen.	Pabilu | king	Two words joined in one TF token despite the divider: pbl + mlk. DULAT cites tḥm pbl mlk 'message of Pabilu, the king'.
# KTU 1.14 III:22							
160966	qḥ	qḥ  	!!(lqḥ[	/l-q-ḥ/	vb G impv. m. sg.	to take	Imperative introducing the ransom list (Martijn/Tania; DULAT; EUPT).
160967	ksp	ksp  	ksp/	ksp	n. m. sg. abs. acc.	silver	Direct object of qḥ; parallel to 160679/160681.
160968	w	w 	w	w	conj.	and	
160969	yrq	yrq  	yrq/	yrq	n. m. sg. cstr. acc.	greenish-yellow metal/gold	yrq ḫrṣ 'yellow gold', construct expression coordinated with ksp (DULAT; EUPT).
160970	ḫrṣ	ḫrṣ	ḫrṣ/	ḫrṣ	n. m. sg. abs. acc.	gold	Genitive semantics inside yrq ḫrṣ, but the whole unmarked object phrase is accusative as in the parallel at I:52–II:1.
# KTU 1.14 III:23							
160971	yd	yd  	yd(I)/	yd (I)	n. f. sg. cstr. acc.	together with	Grammaticalized yd I: DULAT translates yrq ḫrṣ yd mqmh 'yellow gold together with its source'; EUPT labels it a preposition.
160972	mqmh	mqmh  	mqm/+h	mqm	n. m. sg. cstr. gen. + 3 m. sg. suff.	place, source	'Its source/place', parallel to 160683.
160973	w	w 	w	w	conj.	and	
160974	ˤbdˤlm	ʿbd .ʿlm	ˤbd(I)/ ˤlm(I)/	ʕbd (I) | ʕlm (I)	n. m. sg. cstr. acc. | n. m. sg. abs. gen.	servant | eternity	Two joined words: ˤbd ˤlm 'a perpetual slave', direct object in the ransom list; parallel to II:2.
# KTU 1.14 III:24							
160975	ṯlṯ	ṯlṯ  	ṯlṯ(I)/	ṯlṯ (I)	num. m. sg. abs. acc.	three	Primary EUPT and context-labeling Workbook VII reading 'three horses', matching the parallel ransom list in II:2–3.
160975	ṯlṯ	ṯlṯ  	ṯlṯ(III)/	ṯlṯ (III)	n. m. pl. cstr. acc.	charioteer	Alt. current DULAT direct attestation: ṯlṯ sswm mrkbt 'charioteers of a chariot'.
160976	sswm	sswm  	ssw/m	s:śs/św	n. m. pl. abs. acc.	horse	Primary EUPT/context-labeling cardinal phrase 'three horses'; masculine plural accusative.
160976	sswm	sswm  	ssw/m	s:śs/św	n. m. pl. cstr. acc.	horse	Alt. construct state under DULAT's occupational reading ṯlṯ sswm mrkbt 'charioteers of a chariot'.
160977	mrkbt	mrkbt	mrkb(t/t	mrkbt	n. f. sg. abs. acc.	chariot	Primary EUPT translation/morphology and current DULAT: one chariot in the ransom list.
160977	mrkbt	mrkbt	mrkb(t/t=	mrkbt	n. f. pl. abs. acc.	chariot	Alt. Martijn/Tania plural ending /t=, matching the plural reading adopted in the parallel at II:3.
# KTU 1.14 III:25							
160978	b	b 	b	b	prep.	from	b trbṣ 'from the stable', parallel to II:3.
160979	trbṣ	trbṣ  	trbṣ/	trbṣ	n. m. sg. cstr. gen.	yard, stable	Construct after b and before bn amt; parallel to 160691.
160980	bn	bn  	bn(I)/	bn (I)	n. m. sg. cstr. gen.	son	bn amt 'son of a slave-woman' (DULAT direct attestation), not b + enclitic n.
160981	amt	amt	am(t(I)/t	ảmt (I)	n. f. sg. abs. gen.	female slave	Genitive complement of bn; noun, not /m-t/ 'die'.
# KTU 1.14 III:26							
160982	qḥ	qḥ  	!!(lqḥ[	/l-q-ḥ/	vb G impv. m. sg.	to take	Imperative, with Kirta as vocative.
160983	krt	krt  	krt/	krt	PN m. sg. abs. nom.	Kirta	Vocative addressee of qḥ.
160984	šlmm	šlmm	šlm(II)/m	šlm (II)	n. m. pl. abs. acc.	communion sacrifice	Plural object with -m (Martijn/Tania; EUPT Akk. m. pl.), not enclitic -m.
# KTU 1.14 III:27							
160985	šlmm	šlmm  	šlm(II)/m	šlm (II)	n. m. pl. abs. acc.	communion sacrifice	Repeated plural object with -m (Martijn/Tania; EUPT).
160986	w	w 	w	w	conj.	and	
160987	ng	ng  	!!ng(y[	/n-g(-y)/	vb G impv. m. sg.	to depart	Imperative addressed to the king (Martijn/Tania; DULAT; EUPT G-Imp. 2 m. sg.).
160988	mlk	mlk	mlk(I)/	mlk (I)	n. m. sg. abs. nom.	king	Vocative addressee of ng.
# KTU 1.14 III:28							
160989	l	l 	l(I)	l (I)	prep.	to	
160990	bty	bty  	bt(II)/+y	bt (II)	n. m. sg. cstr. gen. + 1 c. sg. suff.	house	Suffixed bty 'my house' after l.
160991	rḥq	rḥq  	!!rḥq[	/r-ḥ-q/	vb G impv. m. sg.	to go away	Imperative (Martijn/Tania); DULAT also permits adjectival rḥq 'far', retained in the comment rather than as the clause's primary parse.
160992	krt	krt	krt/	krt	PN m. sg. abs. nom.	Kirta	Vocative addressee.
# KTU 1.14 III:29							
160993	l	l 	l(I)	l (I)	prep.	to	
160994	ḥẓry	ḥẓry  	ḥẓr/+y	ḥẓr	n. m. sg. cstr. gen. + 1 c. sg. suff.	mansion	Suffixed ḥẓry 'my mansion' after l.
160995	al	al  	al(I)	ảl (I)	neg. functor	no	
160996	tṣr	tṣr	!t=!ṣr(r[	/ṣ-r(-r)/	vb G prefc. 2 m. sg.	to besiege	Prohibitive al tṣr 'do not besiege'; geminate root normalized from Martijn/Tania !t!ṣr(r[.
# KTU 1.14 III:30							
160997	udm	udm  	udm/	ủdm	TN f. sg. abs. acc.	Udum	Object of al tṣr (EUPT Akk. f. sg.).
160998	rbt	rbt  	rb(I)/t	rb (I)	adj. f. sg. abs. acc.	great	Agrees with accusative Udum (EUPT).
160999	w	w 	w	w	conj.	and	
161000	udm	udm  	udm/	ủdm	TN f. sg. abs. acc.	Udum	Second coordinated object of al tṣr (EUPT).
161001	ṯrrt	ṯrrt	ṯrr(t/t	ṯrrt	adj. f. sg. abs. acc.	powerful	Agrees with accusative Udum (EUPT).
# KTU 1.14 III:31							
161002	udm	udm  	udm/	ủdm	TN f. sg. abs. nom.	Udum	Subject of the nominal clause 'Udum is the gift of El'.
161003	ytnat	ytn[[a]]t    	ytn(t/t	ytnt	n. f. sg. cstr. nom.	gift	DULAT, Martijn, and Tania identify ytnt “gift,” not /y-t-n/ verbal morphology.
161004	il	il  	il(I)/	ỉl (I)	DN m. sg. abs. gen.	El	Genitive complement of ytnt 'gift of El' (DULAT; EUPT).
161005	w	w 	w	w	conj.	and	
161006	ušn	ušn	ušn/	ủšn	n. m. sg. cstr. nom.	present	Coordinated predicate ušn ab adm 'present of the Father of Man'.
# KTU 1.14 III:32							
161007	ab	ab  	ab/	ảb	n. m. sg. cstr. gen.	father	Construct in ab adm 'Father of Man'.
161008	adm	adm  	adm(I)/	ảdm (I)	n. m. sg. abs. gen.	man	Genitive complement in the epithet ab adm.
161009	w	w 	w	w	conj.	and	
161010	ṯṯb	ṯṯb	!!]ṯ]ṯb[	/ṯ-b/	vb Š impv. m. sg.	to send, answer	Martijn/Tania: ṯ is an assimilated variant of the Š-stem formative; imperative addressed to the messengers.
# KTU 1.14 III:33							
161011	mlakm	mlakm  	mlak/m	mlảk	n. m. du. abs. acc.	messenger	Two messengers, direct object/addressee; EUPT Akk. m. dual.
161012	lh	lh  	l(I)+h	l (I)	prep. + 3 m. sg. suff.	to him	Suffixed preposition lh.
161013	lm	lm  	lm(II)	lm (II)	interr. pn.	why, what for	DULAT directly cites lm ank 'what do I wish for?'; EUPT translation likewise 'Why should I take silver and gold?' This is interrogative lm II, not l + enclitic m.
161014	ank	ank	ank	ảnk	pers. pn.	1) i d) with ellipsis of the vb	
# KTU 1.14 III:34							
161015	ksp	ksp 	ksp/	ksp	n. m. sg. abs. acc.	silver	Direct object, repeating the ransom list.
161016	w	w 	w	w	conj.	and	
161017	yrq	yrq  	yrq/	yrq	n. m. sg. cstr. acc.	greenish-yellow metal/gold	Construct expression yrq ḫrṣ, parallel to III:22.
161018	ḫrṣ	ḫrṣ 	ḫrṣ/	ḫrṣ	n. m. sg. abs. acc.	gold	Object phrase, parallel to III:22.
# KTU 1.14 III:35							
161019	ydmqmh	yd .mqmh  	yd(I)/ mqm/+h	yd (I) | mqm	n. f. sg. cstr. acc. | n. m. sg. cstr. gen. + 3 m. sg. suff.	together with | place	Two joined words, yd + mqmh; grammaticalized yd and suffixed mqm, parallel to 160971–160972.
161020	w	w 	w	w	conj.	and	
161021	ˤbd	ʿbd	ˤbd(I)/	ʕbd (I)	n. m. sg. cstr. acc.	servant	Object in ˤbd ˤlm 'a perpetual slave'.
# KTU 1.14 III:36							
161022	ˤlm	ʿlm  	ˤlm(I)/	ʕlm (I)	n. m. sg. abs. gen.	eternity	Genitive in ˤbd ˤlm 'slave in perpetuity'; noun, not ˤl + enclitic m.
161023	ṯlṯ	ṯlṯ  	ṯlṯ(I)/	ṯlṯ (I)	num. m. sg. abs. acc.	three	Primary EUPT and context-labeling Workbook VII cardinal 'three horses', repeating III:24.
161023	ṯlṯ	ṯlṯ  	ṯlṯ(III)/	ṯlṯ (III)	n. m. pl. cstr. acc.	charioteer	Alt. current DULAT occupational reading.
161024	sswm	sswm  	ssw/m	s:śs/św	n. m. pl. abs. acc.	horse	Primary EUPT/context-labeling cardinal phrase; masculine plural accusative.
161024	sswm	sswm  	ssw/m	s:śs/św	n. m. pl. cstr. acc.	horse	Alt. construct state under DULAT's occupational reading.
161025	mrkbt	mrkbt	mrkb(t/t	mrkbt	n. f. sg. abs. acc.	chariot	Primary EUPT translation/morphology and current DULAT: one chariot, repeating III:24.
161025	mrkbt	mrkbt	mrkb(t/t=	mrkbt	n. f. pl. abs. acc.	chariot	Alt. Martijn/Tania plural ending /t=.
# KTU 1.14 III:37							
161026	b	b 	b	b	prep.	from	Introduces b trbṣt bn amt, parallel to III:25.
161027	trbṣt	trbṣt   	trbṣ/&t	trbṣ	n. m. sg. cstr. gen.	yard, stable	Martijn/Tania mark final t as a scribal addition to trbṣ; construct before bn amt.
161028	bn	bn  	bn(I)/	bn (I)	n. m. sg. cstr. gen.	son	bn amt 'son of a slave-woman', not b + enclitic n.
161029	amt	amt	am(t(I)/t	ảmt (I)	n. f. sg. abs. gen.	female slave	Genitive noun, not /m-t/ 'die'.
# KTU 1.14 III:38							
161030	p	p 	p(I)	p (I)	conj. functor	and	
161031	d	d  	d	d	det. or rel. functor	3) the one (who / that)	
161032	in	in  	in/	ỉn	n. m. sg. abs. nom.	lack, absence	DULAT lexical noun ỉn 'lack/absence', functioning as the negative existence expression in d in b bty; EUPT labels it an existence particle.
161033	b	b 	b	b	prep.	in	
161034	bty	bty  	bt(II)/+y	bt (II)	n. m. cstr. gen.	1) house	
161035	ttn	ttn	!t=!(ytn[	/y-t-n/	vb G prefc. 2 m. sg.	to give	Second masculine singular addressed to Kirta (EUPT tâtin), not 3 f. sg.
# KTU 1.14 III:39							
161036	tn	tn  	!!(ytn[	/y-t-n/	vb G impv. m. sg.	to give	Imperative tn ly 'give to me' (Martijn/Tania).
161037	ly	ly  	l(I)+y	l (I)	prep.	to	
161038	mṯt	mṯt  	mṯ(t/t	mṯt	n. f. sg. abs. acc.	damsel	Direct object of tn (EUPT Akk. f. sg.).
161039	ḥry	ḥry	ḥry/	ḥry	PN f. sg. abs. acc.	Ḥurriya	Personal name in apposition to mṯt (DULAT; EUPT; context-labeling PN Workbook II), not ḥr 'intestine' + 1 c. sg. suffix.
# KTU 1.14 III:40							
161040	nˤmt	nʿmt  	nˤm(t(I)/t	nʕmt (I)	adj. f. sg. abs. acc.	graceful	Agrees with accusative mṯt ḥry (EUPT).
161041	špḥ	špḥ  	špḥ/	špḥ	n. m. sg. abs. acc.	family, clan	Accusative in nˤmt špḥ bkrk 'the most graceful of the clan of your firstborn' (DULAT; EUPT allows m./f.).
161042	bkrk	bkrk	bkr/+k	bkr	n. m. sg. cstr. acc. + 2 m. sg. suff.	firstborn	Suffixed construct bkrk 'your firstborn' (DULAT direct attestation; EUPT Akk.).
# KTU 1.14 III:41							
161043	d	d 	d	d	det. or rel. functor	2) which	
161044	k	k  	k(I)	k (I)	prep.	like	
161045	nˤm	nʿm  	nˤm(II)/	nʕm (II)	n. m. sg. cstr. gen.	grace	Construct in k nˤm ˤnt 'like the grace of Anat' (DULAT; EUPT).
161046	ˤnt	ʿnt  	ˤn(t(I)/t	ʕnt (I)	DN f. sg. abs. gen.	Anat	Genitive complement of nˤm (EUPT GN Gen. f. sg.); context-labeling DN Workbook I independently indexes Anat here.
161047	nˤmh	nʿmh	nˤm(II)/+h	nʕm (II)	n. m. sg. cstr. nom. + 3 f. sg. suff.	grace	Nominal predicate nˤmh 'her grace'; suffixed nouns take construct-state morphology.
# KTU 1.14 III:42							
161048	km	km  	km	km	prep./conj./adv.		
161049	tsm	tsm  	tsm/	tsm	n. m. sg. cstr. gen.	beauty	Construct in km tsm ˤṯtrt 'like the beauty of Athtart'.
161050	ˤṯtrt	ʿṯtrt  	ˤṯtr(t(I)/t	ʕṯtrt (I)	DN f. sg. abs. gen.	ʕAṯtartu/Athtart	km tsm ʕṯtrt tsmh 'like the beauty of Athtart is her beauty'. The goddess, not toponym ʕṯtrt II: DULAT and EUPT identify the divine name, and context-labeling DN Workbook I indexes Athtart at III:42. Abs., not cstr.; tsm is the construct head.
161051	tsmh	tsmh	tsm/+h	tsm	n. m. sg. cstr. nom. + 3 f. sg. suff.	beauty	Nominal predicate tsmh 'her beauty' (EUPT Nom. m. sg. St. cs.).
# KTU 1.14 III:43							
161052	d	d 	d	d	det. or rel. functor	the one(s) of	
161053	ˤqh	ʿqh  	ˤq/+h	ʕq	n. m. cstr. nom. + 3 f. sg. suff.	pupil	Suffixed natural-pair noun 'her pupils'; number is not morphographically expressed.
161054	ib	ib  	ib(II)/	ỉb (II)	n. m. cstr. nom.	fruit	Construct before iqni: 'gems/fruits of lapis lazuli' (DULAT).
161055	iqni	iqni  	iqn(u&i/	ỉqnủ	n. m. sg. abs. gen.	lapis-lazuli gem	Genitive complement of ib (EUPT Gen. m. sg.).
161056	ˤpˤph	ʿpʿ[p]h	ˤpˤp/+h	ʕpʕp	n. m. du. cstr. nom. + 3 f. sg. suff.	eyelid	Natural dual 'her eyelids' (EUPT Nom. m. dual construct).
# KTU 1.14 III:44							
161057	sp	sp  	sp/	sp	n. m. du. cstr. nom.	bowl	EUPT reads the paired bowls as dual construct.
161058	ṯrml	ṯrml  	ṯrml/	ṯrml	n. m. sg. abs. gen.	alabaster	Genitive material/complement after sp (EUPT Gen. m. sg.).
161059	tḥgrn	tḥgrn  	!t!ḥgr[+n	/ḥ-g-r/	vb G prefc. + 3 f. pl. suff.	to gird	Martijn/Tania: subject/person is obscure (3 f. sg. or plural proposed); +n refers to the following breasts. EUPT leaves the form unvocalized.
161060	ṯdm	ṯdm	ṯd/m	ṯd	n. m. du. abs. acc.	breast	Very obscure. Martijn/Tania analyze dual -m 'two breasts'; DULAT attests ṯd but does not list this dual form, and EUPT leaves the colon unresolved.
# KTU 1.14 III:45							
161061	ašlw	ašlw  	!(ʔ&a!šlw[	/š-l-w/	vb G prefc. 1 c. sg.	to rest	DULAT direct attestation ašlw b ṣp ˤnh 'I shall rest in the glance of her eyes'.
161062	b	b 	b	b	prep.	in	
161063	ṣp	ṣp 	ṣp(I)/	ṣp (I)	n. m. du. cstr. gen.	look, glance	EUPT reads dual ṣapî, appropriate to the paired eyes.
161064	ˤnh	ʿnh	ˤn(I)/+h	ʕn (I)	n. f. du. cstr. gen. + 3 f. sg. suff.	eye	Natural dual 'her eyes' in DULAT's direct translation.
# KTU 1.14 III:46							
161065	d	d 	d	d	det. or rel. functor	2) which	
161066	b	b 	b	b	prep.	in	
161067	ḥlmy	ḥlmy  	ḥlm(I)/+y	ḥlm (I)	n. m. sg. cstr. gen. + 1 c. sg. suff.	dream	
161068	il	il  	il(I)/	ỉl (I)	DN m. sg. abs. nom.	El	Subject of ytn.
161069	ytn	ytn	ytn[	/y-t-n/	vb G suffc. 3 m. sg.	to grant	Primary past-tense reading in DULAT 'El granted me'; Martijn/Tania explicitly permit ytn[.
161069	ytn	ytn	!y!(ytn[	/y-t-n/	vb G prefc. 3 m. sg.	to grant	Alt. prefix-conjugation analysis retained from the current parse.
# KTU 1.14 III:47							
161070	b	b 	b	b	prep.	in	
161071	ḏrty	ḏrty  	ḏr(t/t+y	ḏrt	n. f. sg. cstr. gen. + 1 c. sg. suff.	vision	Suffixed ḏrty 'my vision' after b.
161072	ab	ab  	ab/	ảb	n. m. sg. cstr. nom.	father	Construct in ab adm 'Father of Man'.
161073	adm	adm	adm(I)/	ảdm (I)	n. m. sg. abs. gen.	man	Genitive complement of ab (EUPT).
# KTU 1.14 III:48							
161074	wld	wld  	w (yld[/	w | /y-l-d/	conj. | vb G inf.	and | to engender	One TF token containing conjunction w + infinitive ld from weak /y-l-d/ (Martijn/Tania; DULAT direct translation).
161075	špḥ	špḥ  	špḥ/	špḥ	n. m. sg. abs. acc.	offspring	Object of the infinitive ld 'engender offspring' (DULAT; EUPT Akk.).
161076	l	l 	l(I)	l (I)	prep.	to	
161077	krt	krt	krt/	krt	PN m. sg. abs. gen.	Kirta	Recipient after l.
# KTU 1.14 III:49							
161078	w	w 	w	w	conj.	and	
161079	ġlm	ġlm  	ġlm/	ġlm	n. m. sg. abs. acc.	prince	Coordinated object in 'and a prince for the servant of El' (DULAT; EUPT Akk.).
161080	l	l 	l(I)	l (I)	prep.	to	
161081	ˤbd	ʿbd  	ˤbd(I)/	ʕbd (I)	n. m. sg. cstr. gen.	servant	Construct after l in l ˤbd il 'for the servant of El'.
161082	il	il	il(I)/	ỉl (I)	DN m. sg. abs. gen.	El	Genitive complement of ˤbd.
# KTU 1.14 III:50							
161083	krt	krt  	krt/	krt	PN m. sg. abs. nom.	Kirta	Subject of yḫṭ 'Kirta awoke' (EUPT Nom.).
161084	yḫṭ	yḫṭ  	!y!ḫṭ[	/ḫ-ṭ/	vb G prefc. 3 m. sg.	to wake up, come to	
161085	w	w 	w	w	conj.	4) declarative and emphatic functor	
161086	ḥlm	ḥlm	ḥlm(I)/	ḥlm (I)	n. m. sg. abs. nom.	dream	Nominal predicate after emphatic/declarative w.
# KTU 1.14 III:51							
161087	ˤbd	ʿbd  	ˤbd(I)/	ʕbd (I)	n. m. sg. cstr. nom.	servant	Construct subject/predicate ˤbd il 'servant of El' (EUPT Nom.).
161088	il	il  	il(I)/	ỉl (I)	DN m. sg. abs. gen.	El	Genitive complement of ˤbd.
161089	w	w 	w	w	conj.	and	
161090	hdrt	hdrt	hdr(t/t	hdrt	n. f. sg. abs. nom.	revelation	Nominal predicate coordinated with ḥlm.
# KTU 1.14 III:52							
161091	yrxtxḥxṣ	yr[[x]]t[[x]]ḥ[[x]]ṣ    	!y!r]t]ḥṣ[	/r-ḥ-ṣ/	vb Gt prefc. 3 m. sg.	to wash oneself	Martijn and Tania restore yrtḥṣ; the form repeats the reflexive action found elsewhere.
161092	w	w 	w	w	conj.	1) copulative conj.	
161093	yadm	yadm	!y!(]n](ʔ&adm[	/ʔ-d-m/	vb N prefc. 3 m. sg.	to rouge oneself	N-stem with reconstructed formative nun; this normalizes Martijn/Tania's older !(n notation while preserving the same analysis.
# KTU 1.14 III:53							
161094	yrḥṣ	yrḥṣ  	!y!rḥṣ[	/r-ḥ-ṣ/	vb G prefc. 3 m. sg.	to wash	
161095	ydh	ydh  	yd(I)/+h	yd (I)	n. f. du. cstr. acc. + 3 m. sg. suff.	hand	Natural dual direct object 'his hands' (EUPT Akk. f. dual construct).
161096	amth	amth	am(t(II)/t~h	ảmt (II)	n. f. sg. abs. acc. + dir. -h	elbow	Directional h in 'up to the elbow' (Martijn/Tania; EUPT Term. f. sg.), not a possessive suffix. The older ~h(II) notation is normalized to canonical ~h.
# KTU 1.14 III:54							
161097	uṣbˤthˤd	uṣbʿth .ʿd  	uṣbˤ(t/t=+h ˤd(I)	ủṣbʕ | ʕd (I)	n. f. pl. cstr. acc. + 3 m. sg. suff. | prep.	fingers | up to	Two lexical words joined by TF: uṣbˤth + ˤd, 'his fingers/arms up to the shoulder' (DULAT; Martijn/Tania; compare II:13).
161098	ṯkm	ṯkm	ṯkm/	ṯkm	n. m. sg. abs. gen.	shoulder	Complement of ˤd 'up to the shoulder' (DULAT; EUPT Gen.).
# KTU 1.14 III:55							
161099	ˤrb	ʿrb  	ˤrb[	/ʕ-r-b/ (I)	vb G suffc. 3 m. sg.	1) to enter	
161100	b	b 	b	b	prep.	in	
161101	ẓl	ẓl  	ẓl(I)/	ẓl (I)	n. m. sg. cstr. gen.	shade	Construct in b ẓl ḫmt 'in the shade of the tent'.
161102	ḫmt	ḫmt  	ḫm(t/t	ḫmt	n. f. sg. abs. gen.	tent	Genitive complement of ẓl.
161103	lqḥ	lqḥ	lqḥ[	/l-q-ḥ/	vb G suffc. 3 m. sg.	to get hold of	
# KTU 1.14 III:56							
161104	imr	imr  	imr(I)/	ỉmr (I)	n. m. sg. cstr. acc.	lamb	Direct object in imr dbḥ 'a sacrificial lamb' (EUPT Akk. construct).
161105	dbḥ	dbḥ  	dbḥ/	dbḥ	n. m. sg. abs. gen.	sacrifice	Genitive qualifier of imr.
161106	b	b 	b	b	prep.	1) spatial location c) goal of movement or action	
161107	ydh	ydh	yd(I)/+h	yd (I)	n. f. du. cstr. gen. + 3 m. sg. suff.	hand	Natural dual 'in his hands'; b governs genitive.
# KTU 1.14 III:57							
161108	lla	lla  	ll(u&a/	llủ	n. m. sg. abs. acc.	suckling lamb	Second object of lqḥ (EUPT Akk. m. sg.).
161109	klatnm	klatnm	kla(t/tn~m(I)	klảt(n)	n. f. du. abs. acc. + encl. -m	both	Feminine dual klảt(n); dual m dissimilates to n before enclitic -m (Martijn/Tania; EUPT; parallel 160735).
# KTU 1.14 III:58							
161110	klt	klt  	kl(t(II)/t	klt (II)	n. f. sg. cstr. acc.	measure	DULAT direct attestation klt lḥmh d nzl 'a measure of his bread of offering'; EUPT instead maps the consonants to klt I 'all'.
161111	lḥmh	lḥmh  	lḥm/+h	lḥm	n. m. sg. cstr. gen. + 3 m. sg. suff.	bread, grain	Suffixed genitive complement 'his bread' (EUPT St. cs.).
161112	d	d 	d	d	det. or rel. functor	1) the one(s) of a) det. of quality	
161113	nzl	nzl	nzl/	nzl	n. m. sg. abs. gen.	offering	Genitive after relational d in 'bread of offering' (DULAT; EUPT).
# KTU 1.14 III:59							
161114	lqḥ	lqḥ  	lqḥ[	/l-q-ḥ/	vb G suffc. 3 m. sg.	to get hold of	
161115	msrr	msrr     	msrr/	msrr	n. m. sg. cstr. acc.	entrails	Direct object of lqḥ and construct before the sacrificial bird (DULAT; EUPT Akk.).
161116	ṣr	ṣr  	(ˤṣr(I)/	ʕṣr (I)	n. f. sg. cstr. gen.	bird	Initial ˤ is omitted in the written surface. DULAT's exact attestation and the parallel at I:59 read msrr ˤṣr dbḥ 'entrails of a sacrificial bird'; Tyre is contextually impossible.
161117	dbḥ	dbḥ	dbḥ/	dbḥ	n. m. sg. abs. gen.	sacrifice	Genitive qualifier of ˤṣr 'sacrificial bird'.
# KTU 1.14 IV:1							
161118	yṣq	yṣq  	yṣq[	/y-ṣ-q/	vb G suffc. 3 m. sg.	to pour (out), serve	Narrative suffix conjugation: yṣq b gl ḥtṯ yn 'he poured wine into a silver cup' (DULAT; EUPT G-SK 3 m. sg.; Martijn/Tania).
161119	b	b 	b	b	prep.	into	
161120	gl	gl  	gl(II)/	gl (II)	n. m. sg. cstr. gen.	cup	b gl ḥtṯ 'into a cup of silver'.
161121	ḥtṯ	ḥtṯ  	ḥtṯ/	ḥtṯ	n. m. sg. abs. gen.	silver	
161122	yn	yn	yn/	yn	n. m. sg. abs. acc.	wine	
# KTU 1.14 IV:2							
161123	b	b 	b	b	prep.	into	
161124	gl	gl  	gl(II)/	gl (II)	n. m. sg. cstr. gen.	cup	b gl ḫrṣ 'into a cup of gold'.
161125	ḫrṣ	ḫrṣ  	ḫrṣ/	ḫrṣ	n. m. sg. abs. gen.	gold	
161126	nbt	nbt  	nb(t/t	nbt	n. f. sg. abs. acc.	honey	
161127	w	w 	w	w	conj.	and	
161128	ˤly	ʿly	ˤly[	/ʕ-l-y/	vb G suffc. 3 m. sg.	to go up	Narrative suffix conjugation (EUPT G-SK 3 m. sg.).
# KTU 1.14 IV:3							
161129	l	l 	l(I)	l (I)	prep.	to	
161130	ẓr	ẓr  	ẓr(I)/	ẓr (I)	n. m. sg. cstr. gen.	upon	Compound l ẓr mgdl 'upon/on top of the tower'.
161131	mgdl	mgdl  	mgdl/	mgdl	n. m. sg. abs. gen.	tower	
161132	rkb	rkb	rkb[	/r-k-b/	vb G suffc. 3 m. sg.	to mount	Narrative suffix conjugation (EUPT G-SK 3 m. sg.).
# KTU 1.14 IV:4							
161133	ṯkmm	ṯkmm  	ṯk/m~m	ṯkm	n. m. du. cstr. acc. + encl. -m	shoulder	EUPT reads “the two shoulders of the wall.”
161134	ḥmt	ḥmt  	ḥm(t(I)/t	ḥmt (I)	n. f. sg. abs. gen.	wall	
161135	nša	nša	nš(ʔ[&a	/n-š-ʔ/	vb G suffc. 3 m. sg.	to raise	Weak-final suffix conjugation (EUPT G-SK 3 m. sg.).
# KTU 1.14 IV:5							
161136	ydh	ydh  	yd(I)/+h	yd (I)	n. f. du. cstr. acc. + 3 m. sg. suff.	hand	ydh 'his two hands', object of nša (EUPT Akk. f. du.).
161137	šmmh	šmmh  	šm(m(I)/m~h	šmm (I)	n. m. pl. tant. abs. acc. + dir. -h	heavens	Directional -h after the plural: 'toward heaven' (EUPT Term. m. pl.); not a possessive suffix.
161138	dbḥ	dbḥ	dbḥ[	/d-b-ḥ/	vb G suffc. 3 m. sg.	to sacrifice	EUPT G-SK 3 m. sg.; the following l-phrase supplies the offering.
# KTU 1.14 IV:6							
161139	l	l 	l(I)	l (I)	prep.	to	
161140	ṯr	ṯr  	ṯr(I)/	ṯr (I)	n. m. sg. cstr. acc.	bull	ṯr abh il 'a bull for his father El'.
161141	abh	abh  	ab/+h	ảb	n. m. sg. cstr. gen. + 3 m. sg. suff.	father	
161142	il	il  	il(I)/	ỉl (I)	DN m. sg. abs. gen.	El	
161143	šrd	šrd	šrd[:d	/š-r-d/	vb D suffc. 3 m. sg.	to honour	EUPT reads D-SK 3 m. sg.
# KTU 1.14 IV:7							
161144	bˤl	bʿl  	bˤl(II)/	bʕl (II)	DN m. sg. abs. acc.	Baal	EUPT reads the divine name Baal.
161145	b	b 	b	b	prep.	with	
161146	dbḥh	dbḥh  	dbḥ/+h	dbḥ	n. m. sg. cstr. gen. + 3 m. sg. suff.	sacrifice	b dbḥh 'with his sacrifice'.
161147	bn	bn 	bn(I)/	bn (I)	n. m. sg. cstr. acc.	son	bn dgn 'the son of Dagan', appositional object referring to Baal.
161148	dgn	dgn	dgn(II)/	dgn (II)	DN m. sg. abs. gen.	Dagan	Divine name in the filiation bn dgn.
# KTU 1.14 IV:8							
161149	b	b[ ] 	b	b	prep.	at	
161150	mṣdh	[m]ṣdh    	mṣd(I)/+h	mṣd (I)	n. m. sg. cstr. gen. + 3 m. sg. suff.	feast of game	
161151	yrd	yrd  	yrd[	/y-r-d/	vb G suffc. 3 m. sg.	to go down, descend	Narrative suffix conjugation (EUPT G-SK 3 m. sg.; Martijn/Tania).
161152	krt	krt	krt/	krt	PN sg. abs. nom.	Kirta	
# KTU 1.14 IV:9							
161153	l	l 	l(I)	l (I)	prep.	from	
161154	ggt	ggt  	gg(I)/t=	gg (I)	n. m. pl. abs. gen.	roof	DULAT lists ggt as the plural of masculine gg (I) and cites yrd krt l ggt; EUPT likewise reads “from the roofs.”
161155	ˤdb	ʿdb  	ˤdb[	/ʕ-d-b/	vb G suffc. 3 m. sg.	to prepare	ˤdb akl 'he prepared food' (DULAT; EUPT G-SK 3 m. sg.).
161156	akl	akl  	akl(II)/	ảkl (II)	n. m. sg. abs. acc.	food	
161157	l	l 	l(I)	l (I)	prep.	from	
161158	qryt	qryt	qry(t/t	qryt	n. f. sg. abs. gen.	city	akl l qryt 'food from the city/cities'.
# KTU 1.14 IV:10							
161159	ḥtt	ḥtt  	ḥ(ṭ&t(t/t	ḥṭt	n. f. sg. abs. acc.	wheat	CUC writes ḥtt for expected ḥṭt; context and EUPT ḥiṭṭata identify wheat, not DULAT ḥtt 'terror'.
161160	l	l 	l(I)	l (I)	prep.	from	
161161	bt	bt  	b(t(I)/t	bt (I)	n. f. sg. cstr. gen.	daughter	bt ḫbr 'Daughter-of-Ḫubur' (TN; EUPT ON Bêtu-Ḫabūri).
161162	ḫbr	ḫbr	ḫbr/	ḫbr	TN sg. abs. gen.	Ḫubur	
# KTU 1.14 IV:11							
161163	yip	yip  	!y!(ʔ&ip(y[	/ʔ-p-y/	vb G prefc. 3 m. sg. juss.	to bake	Weak-final /ʔ-p-y/: yip lḥm 'let him bake bread' (DULAT direct attestation; EUPT G-PKK; Martijn/Tania).
161164	lḥm	lḥm  	lḥm/	lḥm	n. m. sg. abs. acc.	bread	DULAT reads the noun “bread,” not /l-ḥ-m/ “eat.”
161165	d	d 	d	d	det. or rel. functor	which	
161166	ḫmš	ḫmš	ḫmš(II)/	ḫmš (II)	adj. m. sg. abs. gen.	fifth	Substantivized ordinal in lḥm d ḫmš (DULAT; EUPT).
# KTU 1.14 IV:12							
161167	mġd	m[ġ]d    	mġd/	mġd	n. m. sg. cstr. acc.	food, provisions	Construct before the following measure phrase (EUPT Akk. m. sg. St.cs.).
161168	ṯdṯ	ṯdṯ  	ṯdṯ/	ṯdṯ	adj. m. sg. abs. gen.	sixth	Primary DULAT ordinal reading: ṯdṯ yrḫm 'the sixth month'.
161168	ṯdṯ	ṯdṯ  	ṯdṯ/	ṯdṯ	num. m. sg. cstr. gen.	six-count	Alt. EUPT collective numeral: 'a six-count of months'.
161169	yrḫm	yrḫ[m]	yrḫ/m	yrḫ	n. m. pl. abs. gen.	month	ṯdṯ yrḫm 'six months'. Pl. ending, not a pronominal suffix: EUPT vocalises 'maġdâ ṯadūṯi ya⸢ra⸣[ḫīma]' / 'Verpflegung für sechs Mona[te]'. Gen. pl. after the numeral.
# KTU 1.14 IV:13							
161170	ˤdn	ʿdn  	ˤdn(III)/	ʕdn (III)	n. m. sg. cstr. nom.	party, troops	Construct in ˤdn ngb 'the provisioning-party/troops of victualling' (DULAT direct attestation).
161171	ngb	ngb  	ngb/	ngb	n. m. sg. abs. gen.	victualling	DULAT nominal reading; EUPT alternatively parses nugiba as Gpass suffc. 3 m. sg. 'was provisioned'.
161172	w	w[ ] 	w	w	conj.	and	
161173	yṣu	[yṣu  ]  	!y!(yṣ(ʔ[&u	/y-ṣ-ʔ/	vb G prefc. 3 m. sg. juss.	to go out	w yṣu ṣbu 'and let the army march out' (EUPT G-PKK).
161174	ṣbu	[ṣbu]	ṣbu(I)/	ṣbủ (I)	n. m. sg. cstr. nom.	army	ṣbu ṣba 'the army of armies' (a huge host), parallel to II:33.
# KTU 1.14 IV:14							
161175	ṣba	ṣba  	ṣb(u(I)&a/	ṣbủ (I)	n. m. sg. abs. gen.	army	Army, not ṣbủ II 'setting': the clause parallels DULAT ṣbu ṣbi ngb. Surface a is treated as allographic written material before the unwritten genitive ending, not as an accusative case vowel.
161176	ngb	ngb[  ]  	ngb/	ngb	n. m. sg. abs. gen.	victualling	DULAT nominal reading; EUPT alternatively parses a Gpass verb.
161177	w	[w ] 	w	w	conj.	and	
161178	yṣu	[yṣu  ]  	!y!(yṣ(ʔ[&u	/y-ṣ-ʔ/	vb G prefc. 3 m. sg. juss.	to go out	Parallel to IV:13.
161179	ˤdn	[ʿdn]	ˤdn(III)/	ʕdn (III)	n. m. sg. abs. nom.	party, troops	
# KTU 1.14 IV:15							
161180	mˤ	mʿ  	mˤ(II)	mʕ (II)	adv.	as one, together	Primary DULAT direct attestation yṣi ˤdn mˤ 'let the troops go out as one'.
161180	mˤ	mʿ  	mˤ(I)	mʕ (I)	adj. m. sg. abs. nom.	strong, great	Alt. EUPT maˤˤu, adjective.
161181	ṣbuh	ṣbuh  	ṣbu(I)/+h	ṣbủ (I)	n. m. sg. cstr. nom. + 3 m. sg. suff.	army	ṣbuh ul mad 'his army (was) an immense force'.
161182	ul	ul[  ]  	ul/	ủl	n. m. sg. abs. nom.	(military) force	
161183	mad	[mad]	m(ʔ&ad[	/m-ʔ-d/	vb G suffc. 3 m. sg.	to be immense, numerous	DULAT verbal predicate; EUPT labels maˀadu an adjective but has the same lexical sense.
# KTU 1.14 IV:16							
161184	ṯlṯ	ṯlṯ  	ṯlṯ(III)/	ṯlṯ (III)	n. m. pl. cstr. nom.	charioteer	Primary DULAT direct attestation: ṯlṯ mat rbt 'the charioteers are hundreds of myriads'.
161184	ṯlṯ	ṯlṯ  	ṯlṯ(I)/	ṯlṯ (I)	num. m. sg. abs. nom.	three	Alt. EUPT: 'three hundred myriads'.
161185	mat	mat  	m(ʔ&a(t/t=	mỉt	n. f. pl. abs. nom.	hundred	DULAT, EUPT, Martijn, and Tania read plural “hundreds.”
161186	rbt	rbt	rb(t/t=	rb(b)t	num. f. pl. abs. gen.	ten thousand	Plural 'myriads' governed by 'hundreds' (DULAT; Martijn/Tania; EUPT Gen. f. pl.).
# KTU 1.14 IV:17							
161187	hlk	hlk  	hlk[:w	/h-l-k/	vb G suffc. 3 m. pl.	to go, march	Primary EUPT halakū, G-SK 3 m. pl.: 'they marched by the thousand'.
161187	hlk	hlk  	hlk[/	/h-l-k/	vb G act. ptcpl. m. pl. abs. nom.	to go, march	Alt. participial reading, parallel to II:39.
161188	l	l 	l(I)	l (I)	prep.	by	
161189	aplpm	a[[p]]lpm    	alp(II)/m	ảlp (II)	num. pl. abs. gen.	thousand	DULAT and EUPT read numeral ảlp (II), “by the thousand.”
161190	ḫḏḏ	ḫḏḏ	ḫḏḏ/	ḫḏ(ḏ)	n. m. sg. abs. acc.	downpour, squall	km ḫḏḏ 'like a downpour'.
# KTU 1.14 IV:18							
161191	w	w 	w	w	conj.	and	
161192	l	l  	l(I)	l (I)	prep.	by	EUPT reads the preposition before rbt, “by/in tens of thousands”; negative and affirmative l are rejected.
161193	rbtkm	rbt .km 	rb(t/t= km	rb(b)t | km	num. f. pl. abs. gen. | prep.	ten thousand | like	DULAT, EUPT, Martijn, and Tania read rbt km yr, “by ten-thousands, like the early rain.”
161194	yr	yr	yr/	yr	n. m. sg. abs. gen.	early rain	
# KTU 1.14 IV:19							
161195	aṯr	aṯr  	aṯr(I)	ảṯr (I)	prep.	behind, after	Primary EUPT/Martijn-Tania reading: aṯr ṯn ṯn hlk 'two by two they marched'.
161195	aṯr	aṯr  	!!(ʔ&aṯr[/	/ʔ-ṯ-r/	vb G inf.	to go, follow	Alt. DULAT direct attestation: 'two by two they go/follow'.
161196	ṯn	ṯn  	ṯn(I)/	ṯn (I)	num.	two	EUPT reads Gen. m. dual ṯn (I), “after two”; the bow and crimson-cloth homonyms are contextually excluded.
161197	ṯn	ṯn  	ṯn(I)/	ṯn (I)	num.	two	EUPT reads Nom. m. dual ṯn (I), “two went”; the bow and crimson-cloth homonyms are contextually excluded.
161198	hlk	hlk	hlk[	/h-l-k/	vb G suffc. 3 m. du.	to go, march	EUPT halakā, G-SK 3 m. du.
# KTU 1.14 IV:20							
161199	aṯr	aṯr  	aṯr(I)	ảṯr (I)	prep.	behind, after	Primary EUPT/Martijn-Tania reading: aṯr ṯlṯ klhm 'in threes, all of them'.
161199	aṯr	aṯr  	!!(ʔ&aṯr[/	/ʔ-ṯ-r/	vb G inf.	to go, follow	Alt. DULAT direct attestation: 'they go in threes, all of them'.
161200	ṯlṯ	ṯlṯ  	ṯlṯ(I)/	ṯlṯ (I)	num.	three	Set of three.
161201	klhm	klhm	kl/+hm	kl	n. m. sg. cstr. nom. + 3 m. pl. suff.	all (of them)	
# KTU 1.14 IV:21							
161202	aḥd	aḥd  	aḥd(II)/	ảḥd (II)	adj. m. sg. abs. nom.	solitary, only one	DULAT direct attestation and EUPT Nom. m. sg.: 'the one left alone'.
161203	bth	bth  	bt(II)/+h	bt (II)	n. m. sg. cstr. acc. + 3 m. sg. suff.	house	
161204	ysgr	ysgr	!y!sgr[	/s-g-r/	vb G prefc. 3 m. sg.	to shut, close	EUPT G-PKL 3 m. sg.
# KTU 1.14 IV:22							
161205	almnt	almnt  	almn(t/t	ảlmnt	n. f. sg. abs. nom.	widow	
161206	škr	škr	!!škr(I)[/	/š-k-r/ (I)	vb G inf.	to hire out	Paronomastic infinitive before tškr.
# KTU 1.14 IV:23							
161207	tškr	tškr  	!t!škr[	/š-k-r/ (I)	vb G prefc. 3 f. sg.	to hire out	EUPT reads G-PKL 3 f. sg. with ảlmnt “widow” as subject.
161208	zbl	zbl  	zbl(III)/	zbl (III)	n. m. sg. abs. nom.	the sick one	DULAT zbl III 'one carried', not zbl I 'prince'.
161209	ˤršm	ʿršm	ˤrš/~m	ʕrš	n. f. sg. abs. acc. + encl. -m	bed, stretcher	DULAT and Huehnergard classify ʕrš as feminine.
# KTU 1.14 IV:24							
161210	yšu	yšu  	!y!(nš(ʔ[&u	/n-š-ʔ/	vb G prefc. 3 m. sg. juss.	to lift, carry	'yšu: let him carry' (juss.).
161211	ˤwr	ʿwr	ˤwr/	ʕwr	n. m. sg. abs. nom.	blind man	
# KTU 1.14 IV:25							
161212	mzl	mzl  	!!mzl[/	/m-z-l/	vb G inf.	to grope one's way	Paronomastic infinitive mzl ymzl (DULAT /m-z-l/; EUPT; Martijn/Tania).
161213	ymzl	ymzl	!y!mzl[	/m-z-l/	vb G prefc. 3 m. sg. juss.	to grope one's way	Primary DULAT/EUPT G-stem reading.
161213	ymzl	ymzl	!y!mzl[:d	/m-z-l/	vb D prefc. 3 m. sg. juss.	to grope one's way	Alt. Martijn/Tania D-stem analysis.
# KTU 1.14 IV:26							
161214	w	w 	w	w	conj.	and	
161215	ybl	ybl  	!y!(ybl[:pass	/y-b-l/	vb Gpass prefc. 3 m. sg.	to be taken, brought	Primary DULAT direct attestation and EUPT Gp-PKK: 'the newlywed was brought/taken'.
161215	ybl	ybl  	!y!(ybl[	/y-b-l/	vb G prefc. 3 m. sg.	to carry, bring, take	Alt. active reading discussed by EUPT and used by Martijn/Tania.
161216	trḫ	trḫ  	trḫ/	trḫ	n. m. sg. abs. nom.	newlywed, groom	
161217	ḥdṯ	ḥdṯ	ḥdṯ(I)/	ḥdṯ (I)	adj. m. sg. abs. nom.	new, newly wed	
# KTU 1.14 IV:27							
161218	ybˤr	ybʿr  	!y!bˤr(II)[:d	/b-ʕ-r/ (II)	vb D prefc. 3 m. sg. juss.	to send away	DULAT /b-ʕ-r/ II and parallel II:48: 'let him hand his wife to another'.
161219	l	l 	l(I)	l (I)	prep.	to	
161220	ṯn	ṯn  	ṯn(II)/	ṯn (II)	num. or adj. m. sg. abs. gen.	another, second	DULAT direct attestation l ṯn 'to another'; EUPT labels an indefinite pronoun.
161221	aṯth	aṯth	aṯ(t/t+h	ảṯt	n. f. sg. cstr. acc. + 3 m. sg. suff.	wife	
# KTU 1.14 IV:28							
161222	w	w 	w	w	conj.	and	
161223	l	l 	l(I)	l (I)	prep.	to	
161224	nkr	nkr  	nkr/	nkr	adj. m. sg. abs. gen.	stranger, foreigner	
161225	mddt	mddt	mdd(t(I)/t	mddt (I)	n. f. sg. abs. acc.	beloved	DULAT mddt I and EUPT Akk. f. sg.: '(his) beloved', not mddt II 'dispenser'.
# KTU 1.14 IV:29							
161226	km	km 	km	km	prep.	like	
161227	irby	irby  	irby/	ỉrby	n. m. sg. abs. gen.	locust	km irby 'like locusts'.
161228	tškn	tškn	!t!škn[	/š-k-n/	vb G prefc. 3 m. pl.	to settle	Plural subject understood from the simile (EUPT taškunū).
# KTU 1.14 IV:30							
161229	šd	šd  	šd(I)/	šd (I)	n. m. sg. abs. acc.	open field	
161230	k	k 	k(I)	k (I)	prep.	like	Comparative particle, not a suffix.
161231	ḥsn	ḥsn  	ḥsn/	ḥsn	n. m. sg. abs. gen.	grasshoppers	
161232	pat	pat	p(i&at/	pỉt	n. m. pl. cstr. gen.	boundary, fringe	pat mdbr 'the fringes of the desert'; DULAT pỉt n. m./f. lists pảt as the plural. EUPT alternatively vocalises a singular accusative.
# KTU 1.14 IV:31							
161233	mdbr	mdbr  	mdbr/	mdbr	n. m. sg. abs. gen.	desert	
161234	tlkn	tlkn	!t!(hlk[n	/h-l-k/	vb G prefc. 3 m. pl.	to go, go away	DULAT direct attestation; EUPT talikūna, G-PKL 3 m. pl.
# KTU 1.14 IV:32							
161235	ym	ym  	ym(I)/	ym (I)	n. m. sg. abs. acc.	day	
161236	w	w 	w	w	conj.	and	
161237	ṯn	ṯn  	ṯn(II)/	ṯn (II)	num. m. sg. abs. acc.	second	Ordinal in the day-count (EUPT Akk. m. sg.).
161238	aḫr	aḫr	aḫr	ảḫr	adv.	afterwards	
# KTU 1.14 IV:33							
161239	špšm	špšm  	špš/~m	špš	n. f. sg. abs. + encl. -m	sun	Temporal locative 'at sunrise/sunset', with enclitic -m (EUPT Lok. f. sg.; Martijn/Tania).
161240	b	b 	b	b	prep.	on	
161241	ṯlṯ	ṯlṯ	ṯlṯ(II)/	ṯlṯ (II)	num. m. sg. abs. gen.	third	Ordinal in b ṯlṯ 'on the third (day)' (DULAT ordinal; EUPT Gen. m. sg.).
# KTU 1.14 IV:34							
161242	ymġy	ymġ[y ]  	!y!mġy[	/m-ġ-y/	vb G prefc. 3 m. sg.	to come, arrive	EUPT G-PKL 3 m. sg.; DULAT direct attestation ymġy l qdš ảṯrt.
161243	l	l 	l(I)	l (I)	prep.	to	
161244	qdš	qdš	qdš(II)/	qdš (II)	n. m. sg. cstr. gen.	sanctuary	qdš aṯrt ṣrm 'the sanctuary of Athirat of Tyre'; DULAT qdš II is the common noun, not qdš III the divine name.
# KTU 1.14 IV:35							
161245	aṯrt	aṯrt   	aṯr(t(II)/t	ảṯrt (II)	DN f. sg. cstr. gen.	Athirat/Asherah	DULAT direct attestation identifies the goddess in qdš ảṯrt ṣrm; not ảṯrt I 'nape'.
161246	ṣrm	ṣrm  	ṣr/~m	ṣr	TN sg. abs. gen. + encl. -m	Tyre	Primary DULAT TN and EUPT singular + enclitic -m. EUPT also discusses dual, plural, and gentilic alternatives; Martijn/Tania prefer a plural place-name analysis.
161247	w	w 	w	w	conj.	and	
161248	l	l 	l(I)	l (I)	prep.	to	
161249	ilt	ilt	il(t(I)/t	ỉlt (I)	n. f. sg. cstr. gen.	the Goddess	Common-noun epithet referring to Athirat (DULAT), not a separate divine name.
# KTU 1.14 IV:36							
161250	ṣdynm	ṣdynm  	ṣdyn/~m	ṣdyn	TN sg. abs. gen. + encl. -m	Sidon	Primary DULAT TN and EUPT singular + enclitic -m. EUPT also discusses dual, plural, and gentilic alternatives; Burns notes the contested gentilic proposal.
161251	ṯm	ṯm	ṯm	ṯm	adv.	there	
# KTU 1.14 IV:37							
161252	ydr	ydr   	!y!(ndr[	/n-d-r/	vb G prefc. 3 m. sg.	to make a vow, promise	Assimilated root-initial /n/ in the prefix conjugation (DULAT; EUPT G-PKL).
161253	krt	krt  	krt/	krt	PN sg. abs. nom.	Kirta	
161254	ṯˤ	ṯʿ	ṯˤ(II)/	ṯʕ (II)	n. m. sg. abs. nom.	hero, noble	DULAT cites the phrase “Kirta the hero.”
# KTU 1.14 IV:38							
161255	iṯiṯt	i[[ṯ]]iṯt    	i(I) iṯ(I)&t	ỉ (I) | ỉṯ (I)	interj. | n. m. sg. abs. nom.	verily | presence, existence	DULAT reads ỉ ỉṯt ảṯrt, “verily, as Athirat is present”; EUPT instead parses a G suffix-conjugation 3 f. sg. of /ʔ-ṯ-y/, a root absent from DULAT.
161256	aṯrt	aṯrt  	aṯr(t(II)/t	ảṯrt (II)	DN f. sg. cstr. nom.	Athirat/Asherah	
161257	ṣrm	ṣrm	ṣr/~m	ṣr	TN sg. abs. gen. + encl. -m	Tyre	As at IV:35.
# KTU 1.14 IV:39							
161258	w	w 	w	w	conj.	and	
161259	ilt	ilt  	il(t(I)/t	ỉlt (I)	n. f. sg. cstr. nom.	the Goddess	Co-referential common-noun epithet of Athirat (DULAT/EUPT).
161260	ṣdynm	ṣdynm	ṣdyn/~m	ṣdyn	TN sg. abs. gen. + encl. -m	Sidon	As at IV:36.
# KTU 1.14 IV:40							
161261	hm	hm  	hm(II)	hm (II)	conj.	if	DULAT hm II; EUPT's homonym numbering differs.
161262	ḥry	ḥry  	ḥry/	ḥry	PN f. sg. abs. acc.	Ḥurriya	DULAT PN and Burns onomastic catalogue; object of iqḥ, not ḥr I 'intestines'.
161263	bty	bty	bt(II)/+y	bt (II)	n. m. sg. cstr. acc. + 1 c. sg. suff.	house	bty 'my house', second object/complement of iqḥ.
# KTU 1.14 IV:41							
161264	iqḥ	iqḥ  	!(ʔ&i!(lqḥ[	/l-q-ḥ/	vb G prefc. 1 c. sg.	to take home, marry	DULAT direct attestation and EUPT G-PKL 1 c. sg.
161265	ašˤrb	ašʿrb  	!(ʔ&a!]š]ˤrb(I)[	/ʕ-r-b/ (I)	vb Š prefc. 1 c. sg.	to cause to enter	DULAT and EUPT Š-PKL 1 c. sg.
161266	ġlmt	ġlmt	ġlm(t(I)/t	ġlmt (I)	n. f. sg. abs. acc.	damsel	DULAT and EUPT read the common noun “damsel,” not a divine name.
# KTU 1.14 IV:42							
161267	ḥẓry	ḥẓry  	ḥẓr/+y	ḥẓr	n. m. sg. cstr. acc. + 1 c. sg. suff.	mansion	
161268	ṯnh	ṯnh  	ṯn(I)/+h=	ṯn (I)	num. m. du. cstr. acc. + 3 f. sg. suff.	double, twofold	Substantivized cardinal: 'her double in silver' (DULAT; Tropper; EUPT Akk. m. du.).
161269	wspm	wspm 	(k&wsp/~m	ksp	n. m. sg. abs. gen. + encl. -m	silver	Primary DULAT/EUPT singular + enclitic -m; written w substitutes for expected k in kspm.
161269	wspm	wspm 	(k&wsp/m	ksp	n. m. pl. abs. gen.	silver	Alt. plural 'silver pieces' discussed by EUPT and Tropper; the same scribal w-for-k is retained.
# KTU 1.14 IV:43							
161270	atn	atn  	!(ʔ&a!(ytn[	/y-t-n/	vb G prefc. 1 c. sg.	to give, hand over, grant, bestow	DULAT direct attestation; EUPT G-PKKe 1 c. sg.
161271	w	w  	w	w	conj.	and	
161272	ṯlṯtih	ṯlṯt[[i]]h    	ṯlṯ(IV)/t+h	ṯlṯ (IV)	num. + 3 f. sg. suff.	triple	DULAT reads ṯlṯ (IV), “her triple in gold,” at 1.14 IV:43; EUPT likewise reads wa ṯalāṯataha ḫurāṣima, “her threefold amount in gold.”
161273	ḫrṣm	ḫrṣm	ḫrṣ/~m	ḫrṣ	n. m. sg. abs. gen. + encl. -m	gold	Primary DULAT/EUPT singular + enclitic -m, genitive after the substantivized numeral.
161273	ḫrṣm	ḫrṣm	ḫrṣ/m	ḫrṣ	n. m. pl. abs. gen.	gold	Alt. plural 'gold pieces' discussed by EUPT and Tropper.
# KTU 1.14 IV:44							
161274	ylk	ylk 	!y!(hlk[	/h-l-k/	vb G prefc. 3 m. sg.	to go	
161275	ym	ym  	ym(I)/	ym (I)	n. m. sg. abs. acc.	day	
161276	w	w 	w	w	conj.	and	
161277	ṯn	ṯn  	ṯn(II)/	ṯn (II)	num. m. sg. abs. acc.	second	Ordinal in the day-count.
161278	a	[[a]]  	?	?	?	?	
# KTU 1.14 IV:45							
161279	ṯlṯ	ṯlṯ  	ṯlṯ(II)/	ṯlṯ (II)	num. m. sg. abs. acc.	third	Ordinal in the day-count.
161280	rbˤ	rbʿ  	rbˤ/	rbʕ	num. m. sg. abs. acc.	fourth	Ordinal in the day-count.
161281	ym	ym 	ym(I)/	ym (I)	n. m. sg. abs. acc.	day	
# KTU 1.14 IV:46							
161282	aḫr	aḫr  	aḫr	ảḫr	prep.	after, at	Temporal aḫr špšm 'after/at sunset' (EUPT).
161283	špšm	špšm  	špš/~m	špš	n. f. sg. abs. gen. + encl. -m	sun	Temporal locative with enclitic -m.
161284	b	b 	b	b	prep.	on	
161285	rbˤ	rbʿ	rbˤ/	rbʕ	num. m. sg. abs. gen.	fourth	Temporal b rbˤ 'on the fourth (day)'.
# KTU 1.14 IV:47							
161286	ymġy	ymġy  	!y!mġy[	/m-ġ-y/	vb G prefc. 3 m. sg.	to come, arrive	
161287	l	l 	l(I)	l (I)	prep.	to	
161288	udm	udm  	udm/	ủdm	TN f. sg. abs. gen.	Udum	
161289	rbt	rbt	rb(I)/t	rb (I)	adj. f. sg. abs. gen.	great	
# KTU 1.14 IV:48							
161290	w	w 	w	w	conj.	and	
161291	udm	udm  	udm/	ủdm	TN f. sg. abs. gen.	Udum	Coordinated complement of l from IV:47.
161292	ṯrrt	[ṯr]rt	ṯrr(t/t	ṯrrt	adj. f. sg. abs. gen.	powerful	
# KTU 1.14 IV:49							
161293	ygrnn	[[y]]grnn    	gr(y[:d~nn	/g-r(-y)/	vb D suffc. 3 m. sg. + energic -nn	to attack	EUPT reads garrâninna, D-SK 3 m. sg., and understands an object pronoun within the energized ending.
161293	ygrnn	[[y]]grnn    	gr(y[~nn	/g-r(-y)/	vb G suffc. 3 m. sg. + energic -nn	to attack	Alt. DULAT G-stem, parallel to the imperative at III:6.
161294	ˤrm	ʿrm	ˤr(I)/~m	ʕr (I)	n. f. sg. abs. acc. + encl. -m	city	Primary EUPT singular accusative + emphatic -m.
161294	ˤrm	ʿrm	ˤr(I)/m	ʕr (I)	n. f. pl. abs. acc.	city	Alt. DULAT/Martijn-Tania plural 'cities'.
# KTU 1.14 IV:50							
161295	yšrna	[[y]]šrna      	šr(II)[~n&a	/š-r/ (II)	vb G suffc. 3 m. sg. + energic -n	to besiege	DULAT /š-r/ (II) and the parallel šrn at III:6 support “besiege”; EUPT instead reconstructs weak-final /š-r-w/.
161296	pdrm	pdrm	pdr(I)/m	pdr (I)	n. m. pl. abs. acc.	town	Primary DULAT/Martijn-Tania plural 'towns', object of yšrna.
161296	pdrm	pdrm	pdr(I)/~m	pdr (I)	n. m. sg. abs. acc. + encl. -m	town	Alt. EUPT singular + emphatic -m; DULAT's lexeme is masculine, despite EUPT's feminine tag.
# KTU 1.14 IV:51							
161297	sˤt	sʿt  	sˤ[/t=	/s-ʕ/	vb G pass. ptcpl. f. pl. abs. nom.	to sweep, remove	Primary Martijn/Tania passive participle, parallel to III:7; /t= is the feminine plural formative.
161297	sˤt	sʿt  	sˤ[t===	/s-ʕ/	vb G suffc. 3 f. sg.	to sweep, remove	Alt. EUPT G-SK 3 f. sg. saˤât.
161298	b	b 	b	b	prep.	in, from	
161299	šdm	šdm  	šd(I)/m	šd (I)	n. m. pl. abs. gen.	cultivated field	Plural after b.
161300	ḥṭbt	ḥṭb<t>	ḥṭb(t/t=	ḥṭbt	n. f. pl. abs. nom.	wood-cutter	DULAT lexical noun ḥṭbt, coordinated with ḥpšt. EUPT instead proposes a G active participle f. sg.; DULAT has no corresponding verbal root, so no unsupported verbal morphology is fabricated.
# KTU 1.14 IV:52							
161301	w	w 	w	w	conj.	and	
161302	b	b 	b	b	prep.	in, from	
161303	grnm	grnm  	grn(I)/m	grn (I)	n. m. pl. abs. gen.	threshing-floor	DULAT identifies grnm here as the masculine plural morphological variant of grnt after b.
161304	ḥpšt	ḥpšt	ḥpš(t/t=	ḥpšt	n. f. pl. abs. nom.	woman gathering straw	DULAT lexical noun ḥpšt, coordinated with ḥṭbt. EUPT instead proposes an active participle f. sg.; DULAT lacks that verbal root.
# KTU 1.14 V:1							
161305	sˤt	sʿt  	sˤ[/t=	/s-ʕ/	vb G pass. ptcpl. f. pl. abs. nom.	to sweep	Primary Martijn/Tania passive participle, parallel to III:9.
161305	sˤt	sʿt  	sˤ[t===	/s-ʕ/	vb G suffc. 3 f. sg.	to sweep	Alt. EUPT G-SK 3 f. sg. saˤât.
161306	b	b 	b	b	prep.	in	
161307	npk	npk  	npk(I)/	nb/pk (I)	n. m. sg. abs. gen.	fountain	Genitive after b; DULAT nb/pk I. Belmonte instead treats the spelling here as a toponym, but the context does not independently establish a place-name reading.
161308	šibt	šibt  	šib(t/t=	šỉbt	n. f. pl. abs. nom.	water bearer	Primary DULAT lexical noun šỉbt; lexical final -t is also encoded as the feminine plural ending.
161308	šibt	šibt  	š(ʔ&ib[/t=	/š-ʔ-b/	vb G act. ptcpl. f. pl. abs. nom.	to draw water	Alt. Martijn/Tania active participle used as an agent noun; EUPT agrees on participial POS but vocalizes feminine singular.
161308	šibt	šibt  	š(ʔ&ib[/t	/š-ʔ-b/	vb G act. ptcpl. f. sg. abs. nom.	to draw water	Alt. EUPT šāʔibatu, singular feminine active participle 'the woman who draws water'.
161309	w	w 	w	w	conj.	and	
161310	b	b 	b	b	prep.	in	
# KTU 1.14 V:2							
161311	mqr	mqr  	mqr/	m/bqr	n. m. sg. abs. gen.	spring	Genitive after b; DULAT m/bqr and the parallel III:9 bqr preserve the m/b variant.
161312	mmlatḥx	mmlat[[ḥx ]]	!m!ml(ʔ&a[:d/t=	/m-l-ʔ/	vb D act. ptcpl. f. pl. abs. nom.	to fill	Martijn and Tania read a D active participle used as an agent noun.
161312	mmlatḥx	mmlat[[ḥx ]]	!m!ml(ʔ&a[:d/t	/m-l-ʔ/	vb D act. ptcpl. f. sg. abs. nom.	to fill	Alt. EUPT mumalliʔatu, D active participle feminine singular.
# KTU 1.14 V:3							
161313	dm	dm  	dm[	/d-m/	vb G suffc. 3 m. sg.	to remain still	Narrative suffix conjugation in the resumed day-count (EUPT G-SK 3 m. sg.); verb, not dm II 'blood'.
161314	ym	ym  	ym(I)/	ym (I)	n. m. sg. abs. acc.	day	
161315	w	w 	w	w	conj.	and	
161316	ṯn	ṯn 	ṯn(II)/	ṯn (II)	num. m. sg. abs. acc.	second	Ordinal in the day-count, parallel to III:10.
161317	ṯlṯ	[[ṯlṯ]]	?	?	?	?	
# KTU 1.14 V:4							
161318	ṯlṯ	ṯlṯ  	ṯlṯ(II)/	ṯlṯ (II)	num. m. sg. abs. acc.	third	Ordinal continuation of the day-count.
161319	rbˤ	rbʿ  	rbˤ/	rbʕ	num. m. sg. abs. acc.	fourth	Ordinal continuation of the day-count.
161320	ym	ym	ym(I)/	ym (I)	n. m. sg. abs. acc.	day	
# KTU 1.14 V:5							
161321	ḫmš	ḫmš  	ḫmš(I)/	ḫmš (I)	num. m. sg. abs. acc.	five	Cardinal continuation of the day-count.
161322	ṯdṯ	ṯdṯ  	ṯdṯ/	ṯdṯ	num. m. sg. abs. acc.	sixth	Ordinal continuation of the day-count (DULAT; EUPT).
161323	ym	ym	ym(I)/	ym (I)	n. m. sg. abs. acc.	day	
# KTU 1.14 V:6							
161324	mk	mk  	mk(II)	mk (II)	deictic functor	behold!	
161325	špšm	špšm  	špš/~m	špš	n. f. sg. abs. + encl. -m	sun	Temporal locative with enclitic -m, parallel to III:14.
161326	b	b 	b	b	prep.	on	
161327	šbˤ	šbʿ	šbˤ(I)/	šbʕ (I)	num. m. sg. abs. gen.	seventh	Temporal b šbˤ 'on the seventh', parallel to III:15.
# KTU 1.14 V:7							
161328	w	w 	w	w	conj.	and	
161329	l	l  	l(II)	l (II)	adv.	no	Formula w l yšn, parallel to III:15.
161330	yšn	yšn  	!y!(yšn[	/y-š-n/	vb G prefc. 3 m. sg.	to sleep, fall asleep	
161331	pbl	pbl	pbl/	pbl	PN m. sg. abs. nom.	Pabilu	
# KTU 1.14 V:8							
161332	mlk	mlk  	mlk(I)/	mlk (I)	n. m. sg. abs. nom.	king	
161333	l	l 	l(I)	l (I)	prep.	to	
161334	qr	q[r]    	qr(II)/	qr (II)	n. m. sg. cstr. gen.	noise	EUPT reads a construct noun “noise” in the emended q[r] ṯigqt, excluding qr “spring” and “wall.”
161335	ṯigqt	ṯi[[g]]qt  	ṯi(g&q(t/t	ṯỉgt	n. f. sg. cstr. gen.	neighing	The edited reading has q where DULAT's lexeme ṯỉgt has g; compare the parallel at III:16.
# KTU 1.14 V:9							
161336	ibrh	ibrh  	ibr(I)/+h	ỉbr (I)	n. m. pl. cstr. gen. + 3 m. sg. suff.	bull, stallion	Suffixed construct 'his bulls/stallions', parallel to III:16.
161337	l	l 	l(I)	l (I)	prep.	to	EUPT reads the preposition governing ql, “because of the noise”; negative and affirmative l are rejected.
161338	ql	ql  	ql(I)/	ql (I)	n. m. sg. cstr. gen.	roar	Nominal auditory phrase, parallel to III:17 and EUPT; not /q-l/ 'fall'.
161339	nhqt	nhqt	nhq(t/t	nhqt	n. f. sg. cstr. gen.	braying	
# KTU 1.14 V:10							
161340	ḥmrh	ḥmr[h  ]  	ḥmr(I)/+h	ḥmr (I)	n. m. pl. cstr. gen. + 3 m. sg. suff.	donkey	Suffixed construct 'his donkeys', parallel to III:17.
161341	lgˤt	[lgʿ]t    	l(I) gˤ(t/t	l (I) | gʕt	prep. | n. f. sg. cstr. gen.	to | bellowing	Parallel to III:18.
161342	alp	alp	alp(I)/	ảlp (I)	n. m. pl. cstr. gen.	bullock	Plural construct in 'the bellowing of the ploughman's cattle', parallel to III:18.
# KTU 1.14 V:11							
161343	ḥrṯ	ḥrṯ 	ḥrṯ/	ḥrṯ	n. m. sg. abs. gen.	ploughman	Primary DULAT noun, dependent on alp; parallel to III:18.
161343	ḥrṯ	ḥrṯ 	ḥrṯ[/	/ḥ-r-ṯ/	vb G act. ptcpl. m. sg. abs. gen.	to plough	Alt. Martijn/Tania active participle used as an agent noun.
161344		[  ]  	?	?	?	?	
161345	l	[l]  	l(I)	l (I)	prep.	to	
161346	zġt	zġt   	zġ(t/t	zġt	n. f. sg. cstr. gen.	howl	
161347	klb	klb	klb(I)/	klb (I)	n. m. pl. cstr. gen.	dog	Plural construct, parallel to III:19.
# KTU 1.14 V:12							
161348	ṣpr	[ṣ]pr [ ]  	ṣpr(I)/	ṣpr (I)	n. m. sg. abs. gen.	bird	Parallel klb ṣpr, “bird-dogs,” at III:19.
161349	apnk	[ap]nk	apnk	ảpnk	adv. functor of illation	then	Independent DULAT lexeme ảpnk, not ảp plus a suffix.
# KTU 1.14 V:13							
161350	pbl	[p]bl    	pbl/	pbl	PN m. sg. abs. nom.	Pabilu	
161351	mlkgm	[mlk .g]m    	mlk(I)/ g/~m	mlk (I) | g	n. m. sg. abs. nom. | n. m. sg. abs. acc. + encl. -m	king | loud voice	Two lexical words joined across the divider: mlk + gm; EUPT takes gm as an emphatic accusative 'aloud'.
161352	l	l 	l(I)	l (I)	prep.	to	
161353	aṯt	aṯt	aṯ(t/t+h	ảṯt	n. f. sg. cstr. gen. + 3 m. sg. suff.	woman	MERGE WITH THE NEXT: aṯt+h = aṯth 'his wife'; one lexical word split by TF.
# KTU 1.14 V:14							
161354	h	[h  ]  	aṯ(t/t+h	ảṯt	n. f. sg. cstr. gen. + 3 m. sg. suff.	woman	MERGE WITH THE PREVIOUS.
161355	k	[k]  	k(III)	k (III)	Subordinating or completive functor	in compounds, with exclamatory function	DULAT k III supplies the exclamatory formula k yṣḥ; EUPT likewise treats the clause as Pabilu's exclamation.
161356	yṣḥ	yṣ[ḥ ]  	!y!ṣḥ[	/ṣ-ḥ/	vb G prefc. 3 m. sg.	to exclaim	
161357	šmˤ	šmʿ  	!!šmˤ[	/š-m-ʕ/	vb G impv. 2 f. sg.	to hear	Imperative addressed to Pabilu's wife (EUPT G-Imp. 2 f. sg.).
161358	mˤ	mʿ	mˤ(II)	mʕ (II)	adv.	as one, together	DULAT adverb; EUPT interprets it here as a discourse particle 'now/indeed'.
# KTU 1.14 V:15							
161359	l	[l ] 	l(I)	l (I)	prep.	to	DULAT cites the fragment [l n]mˤt aṯt with prepositional l; the negative and affirmative homonyms have no support here.
161360	n	[n]  	nˤm(t(I)/t	nʕmt (I)	adj. f. sg. abs. nom.	lovely	MERGE WITH THE NEXT: n+ˤmt = nˤmt 'lovely'; one adjective split by TF. EUPT reconstructs the vocative phrase '[lovely] my wife'.
161361	ˤmt	ʿmt  	nˤm(t(I)/t	nʕmt (I)	adj. f. sg. abs. nom.	lovely	MERGE WITH THE PREVIOUS.
161362	aṯty	aṯty	aṯ(t/t+y	ảṯt	n. f. sg. cstr. nom. + 1 c. sg. suff.	woman	Vocative 'my wife' (EUPT).
# KTU 1.14 V:16							
161363	xxxxxl	[xxxxx]l    	?	?	?	?	
161364	tḥm	tḥm	tḥm/	tḥm	n. m. sg.	message	The surrounding reconstruction is uncertain; EUPT likewise leaves the noun's case unspecified.
# KTU 1.14 V:17							
161365	xxxx	[xxxx  ]  	?	?	?	?	
161366	krttk	[k]rt .tk	krt/ tk/	krt | tk	PN m. sg. abs. gen. | n. m. sg. abs. gen.	Kirta | centre, middle	DULAT cites krt tk; the syntax remains uncertain.
# KTU 1.14 V:18							
161367	xxxxxn	[xx]x[xx]n	?	?	?	?	
# KTU 1.14 V:19							
161368	xxxxh	[xxxx]h  	?	?	?	?	
161369	l	l 	l(I)	l (I)	prep.	to	
161370	ˤdb	ʿdb	!!ˤdb[/	/ʕ-d-b/	vb G inf.	to prepare	EUPT parses the infinitive.
# KTU 1.14 V:20							
161371	xxxxbn	[xxxx]bn    	?	?	?	?	
161372	ydh	ydh	yd(I)/+h	yd (I)	n. f. sg. cstr. gen. + 3 m. sg. suff.	hand	
# KTU 1.14 V:21							
161373	xxxxx	[xxxxx]  	?	?	?	?	
161374	blišlḥ	bl .išlḥ	bl(I) !(ʔ&i!šlḥ(I)[	bl (I) | /š-l-ḥ/ (I)	adv. or emph. functor | vb G prefc. 1 c. sg.	surely | to send	Primary DULAT exact attestation at CAT 1.14 V:21: affirmative bl išlḥ 'I am going to send'. Two lexical words are joined across the divider.
161374	blišlḥ	bl .išlḥ	bl(II) !(ʔ&i!šlḥ(I)[	bl (II) | /š-l-ḥ/ (I)	prep. | vb G prefc. 1 c. sg.	without | to send	Alt. EUPT negative reading 'I shall not send'; bl II supplies the privative/negative interpretation.
# KTU 1.14 V:22							
161375	xxxxxnh	[xxxxx]nh    	?	?	?	?	
161376	gm	gm	g/~m	g	n. m. sg. abs. acc. + encl. -m	loud voice	Emphatic accusative 'aloud' (EUPT), with enclitic -m.
# KTU 1.14 V:23							
161377	l	[l  ]  	l(I)	l (I)	prep.	to	
161378	xxxx	[xxxx   ]  	?	?	?	?	
161379	k	[k]  	k(III)	k (III)	Subordinating or completive functor	in compounds, with exclamatory function	Repeated exclamatory formula k yṣḥ; compare V:14.
161380	yṣḥ	yṣḥ	!y!ṣḥ[	/ṣ-ḥ/	vb G prefc. 3 m. sg.	to exclaim	
# KTU 1.14 V:24							
161381	xxxxx	[xxxxx  ]  	?	?	?	?	
161382	kbd	[k]bd    	kbd(II)/	kbd (II)	n. m. sg. cstr.	total	DULAT cites kbd ˤr, “the total of the city.”
161383	ˤr	ʿr	ˤr(I)/	ʕr (I)	n. f. sg. abs. gen.	city	
# KTU 1.14 V:25							
161384	xxxxxxbbx	[xxxxxx]bb[[x]]	?	?	?	?	
# KTU 1.14 V:26							
161385	xxxxxxlmy	x[xxxxx]lmy	?	?	?	?	
# KTU 1.14 V:27							
161386	btxxxxxp	bt[xxxxx]p	?	?	?	?	
# KTU 1.14 V:28							
161387	hxxxxx	h[xxxxx  ]  	?	?	?	?	
161388	dbḥ	[d]bḥ	dbḥ/	dbḥ	n. m. sg.	sacrifice	
# KTU 1.14 V:29							
161389	tdxxxx	td[xxxx  ]  	?	?	?	?	
161390	idk	[id]k	idk	ỉdk	narrative adv. functor	then	
# KTU 1.14 V:30							
161391	pnm	pnm[  ]  	pn(m/m	pnm	n. m. pl. abs. acc.	face	Object in the idiom pnm al ttn 'do not set out'; EUPT Akk. m. pl.
161392	al	[al  ]  	al(II)	ảl (II)	pos. functor	surely	Journey formula pnm al ttn: positive/asseverative ảl II, not prohibitive ảl I (DULAT; EUPT).
161393	ttn	[tt]n	!t!(ytn[	/y-t-n/	vb G prefc. 2 m. du.	to give	Prefix conjugation addressed to the two messengers (EUPT 2 m. du.); root-initial y is not written.
# KTU 1.14 V:31							
161394	ˤm	ʿm  	ˤm(I)	ʕm (I)	prep.	to	
161395	krt	k[rt  ]  	krt/	krt	PN m. sg. abs. gen.	Kirta	
161396	mswn	[ms]wn	mswn/	mswn	n. m. sg. abs. acc.	delegate	DULAT noun mswn; EUPT parses accusative singular but notes the competing contextual interpretation 'night-quarters/camp'.
# KTU 1.14 V:32							
161397	w	w 	w	w	conj.	and	
161398	rgm	rg[m  ]  	!!rgm[	/r-g-m/	vb G impv. 2 m. du.	to say	Imperative addressed to the two messengers (EUPT G-Imp. 2 m. du.).
161399	l	[l ] 	l(I)	l (I)	prep.	to	
161400	krt	[krt  ]  	krt/	krt	PN m. sg. abs. gen.	Kirta	
161401	ṯˤ	ṯʿ	ṯˤ(II)/	ṯʕ (II)	n. m. sg. abs. gen.	hero	
# KTU 1.14 V:33							
161402	tḥm	tḥm[  ]  	tḥm/	tḥm	n. m. sg. cstr. nom.	message	Construct in tḥm pbl mlk, parallel to III:21.
161403	pblmlk	[pbl .mlk]	pbl/ mlk(I)/	pbl | mlk (I)	PN m. sg. abs. gen. | n. m. sg. abs. gen.	Pabilu | king	Two lexical words joined across the divider: pbl + mlk, parallel to III:21.
# KTU 1.14 V:34							
161404	qḥ	qḥ  	!!(lqḥ[	/l-q-ḥ/	vb G impv. m. sg.	to take	Imperative introducing the ransom list, parallel to III:22.
161405	ksp	k[sp  ]  	ksp/	ksp	n. m. sg. abs. acc.	silver	
161406	w	[w ] 	w	w	conj.	and	
161407	yrq	[yr]q	yrq/	yrq	n. m. sg. cstr. acc.	greenish-yellow metal/gold	Construct expression yrq ḫrṣ 'yellow gold', parallel to III:22.
# KTU 1.14 V:35							
161408	ḫrṣ	ḫrṣ[  ]  	ḫrṣ/	ḫrṣ	n. m. sg. abs. acc.	gold	Object phrase yrq ḫrṣ, parallel to III:22.
161409	yd	[yd  ]  	yd(I)/	yd (I)	n. f. sg. cstr. acc.	together with	Grammaticalized yd I; DULAT and EUPT take it as 'together with'.
161410	mqmh	[mqm]h	mqm/+h	mqm	n. m. sg. cstr. gen. + 3 m. sg. suff.	place, source	'Its source/place', parallel to III:23.
# KTU 1.14 V:36							
161411	ˤbd	ʿbd[  ]  	ˤbd(I)/	ʕbd (I)	n. m. sg. cstr. acc.	servant	Construct in ˤbd ˤlm 'a perpetual slave', object in the ransom list.
161412	ˤlm	[ʿlm  ]  	ˤlm(I)/	ʕlm (I)	n. m. sg. abs. gen.	eternity	DULAT and EUPT read ʕlm (I) “eternity,” not ʕl plus enclitic -m.
161413	ṯlṯ	[ṯlṯ]	ṯlṯ(I)/	ṯlṯ (I)	num. m. sg. abs. acc.	three	Primary EUPT/contextual reading 'three horses', parallel to III:24.
161413	ṯlṯ	[ṯlṯ]	ṯlṯ(III)/	ṯlṯ (III)	n. m. pl. cstr. acc.	charioteer	Alt. DULAT direct-attestation reading 'charioteers of horses/a chariot'.
# KTU 1.14 V:37							
161414	sswm	ss[wm  ]  	ssw/m	s:śs/św	n. m. pl. abs. acc.	horse	Primary cardinal phrase 'three horses', parallel to III:24.
161414	sswm	ss[wm  ]  	ssw/m	s:śs/św	n. m. pl. cstr. acc.	horse	Alt. construct state under DULAT's occupational reading.
161415	mrkbt	[mrkbt]	mrkb(t/t	mrkbt	n. f. sg. abs. acc.	chariot	Primary EUPT and DULAT singular reading, parallel to III:24.
161415	mrkbt	[mrkbt]	mrkb(t/t=	mrkbt	n. f. pl. abs. acc.	chariot	Alt. Martijn/Tania plural ending /t=.
# KTU 1.14 V:38							
161416	b	b 	b	b	prep.	from	
161417	trbṣ	t[rbṣ  ]  	trbṣ/	trbṣ	n. m. sg. cstr. gen.	yard, stable	Construct after b and before bn amt, parallel to III:25.
161418	bn	[bn  ]  	bn(I)/	bn (I)	n. m. sg. cstr. gen.	son	bn amt 'son of a slave-woman', not b plus enclitic n.
161419	amt	[amt]	am(t(I)/t	ảmt (I)	n. f. sg. abs. gen.	female slave	EUPT reads the noun ảmt, “female slave,” not /m-t/ “die.”
# KTU 1.14 V:39							
161420	qḥ	[qḥ  ]  	!!(lqḥ[	/l-q-ḥ/	vb G impv. m. sg.	to take	Imperative, with Kirta as vocative.
161421	krt	[krt  ]  	krt/	krt	PN m. sg. abs. nom.	Kirta	Vocative addressee of qḥ.
161422	šlmm	[šlmm]	šlm(II)/m	šlm (II)	n. m. pl. abs. acc.	communion sacrifice	Plural object with -m, parallel to III:26; not enclitic -m.
# KTU 1.14 V:40							
161423	šlmm	š[lmm  ]  	šlm(II)/m	šlm (II)	n. m. pl. abs. acc.	communion sacrifice	Repeated plural object with -m.
161424	al	[al  ]  	al(I)	ảl (I)	neg. functor	no	EUPT reads the prohibitive negative in al ṭsr, “do not besiege”; affirmative al (II) is rejected.
161425	ṭsr	[ṭsr]	!ṭ!(ṣ&sr(r[	/ṣ-r(-r)/	vb G prefc. 2 m. sg.	to besiege	Prohibitive al ṭsr; ṭ is written where the parallel III:29 has the expected preformative-plus-root sequence tṣ.
# KTU 1.14 V:41							
161426	udm	[udm  ]  	udm/	ủdm	TN f. sg. abs. acc.	Udum	EUPT reads the prohibition “do not besiege Udum.”
161427	rbt	[rbt  ]  	rb(I)/t	rb (I)	adj. f. sg. abs. acc.	great	
161428	w	[w ] 	w	w	conj.	and	
161429	udm	[udm]	udm/	ủdm	TN f. sg. abs. acc.	Udum	Second coordinated object of al ṭsr.
# KTU 1.14 V:42							
161430	ṯrrt	[ṯrrt  ]  	ṯrr(t/t	ṯrrt	adj. f. sg. abs. acc.	powerful	
161431	udm	[udm  ]  	udm/	ủdm	TN f. sg. abs. nom.	Udum	
161432	ytnt	[ytnt]	ytn(t/t	ytnt	n. f. sg. cstr. nom.	gift	DULAT ytnt in ytnt il; noun, not /y-t-n/ verbal morphology.
# KTU 1.14 V:43							
161433	il	[il  ]  	il(I)/	ỉl (I)	DN m. sg. abs. gen.	El	
161434	w	[w ] 	w	w	conj.	and	
161435	ušn	[ušn  ]  	ušn/	ủšn	n. m. sg. cstr. nom.	present	Coordinated predicate ušn ab adm, parallel to III:31.
161436	ab	[ab  ]  	ab/	ảb	n. m. sg. cstr. gen.	father	Construct in ab adm 'Father of Man'.
161437	adm	[adm]	adm(I)/	ảdm (I)	n. m. sg. abs. gen.	man	
# KTU 1.14 V:44							
161438	rḥq	[rḥq  ]  	!!rḥq[	/r-ḥ-q/	vb G impv. m. sg.	to go away	Imperative addressed to the king.
161439	mlk	[mlk  ]  	mlk(I)/	mlk (I)	n. m. sg. abs. nom.	king	Vocative addressee of rḥq.
161440	l	[l ] 	l(I)	l (I)	prep.	to	
161441	bty	[bty]	bt(II)/+y	bt (II)	n. m. sg. cstr. gen. + 1 c. sg. suff.	house	Suffixed bty 'my house'.
# KTU 1.14 V:45							
161442	ng	[ng  ]  	!!ng(y[	/n-g(-y)/	vb G impv. m. sg.	to depart	Imperative addressed to Kirta, parallel to III:27.
161443	krt	[kr]t    	krt/	krt	PN m. sg. abs. nom.	Kirta	Vocative addressee of ng.
161444	l	l 	l(I)	l (I)	prep.	to	
161445	ḥẓry	ḥẓry	ḥẓr/+y	ḥẓr	n. m. sg. cstr. gen. + 1 c. sg. suff.	mansion	Suffixed ḥẓry 'my mansion'.
# KTU 1.14 VI:1							
161446	ˤm	[ʿ]m    	ˤm(I)	ʕm (I)	prep.	to	
161447	krt	[krt  ]  	krt/	krt	PN m. sg. abs. gen.	Kirta	
161448	mswnh	[mswnh]	mswn/+h	mswn	n. m. sg. cstr. acc. + 3 m. sg. suff.	delegate	DULAT lists mswnh as the suffixed form of mswn 'delegate' and cites the phrase with Kirta at III:21; EUPT instead interprets the word contextually as 'his camp'.
# KTU 1.14 VI:2							
161449	tšan	tša[n  ]  	!t!(nš(ʔ[&an	/n-š-ʔ/	vb G prefc. 3 m. du.	to raise	The two messengers raise their voice; EUPT G-PKL 3 m. du. tiššaʔāni.
161450	ghm	[ghm  ]  	g/+hm=	g	n. m. sg. cstr. acc. + 3 c. du. suff.	loud voice	The two messengers' voice; dual suffix as in KTU 1.5 II:17 and VI:3.
161451	w	[w ] 	w	w	conj.	and	
161452	tṣḥn	[tṣḥn]	!t!ṣḥ[n	/ṣ-ḥ/	vb G prefc. 3 m. du.	to exclaim	EUPT G-PKL 3 m. du.; final n belongs to the dual verbal form, not a pronominal suffix.
# KTU 1.14 VI:3							
161453	tḥm	tḥm[  ]  	tḥm/	tḥm	n. m. sg. cstr. nom.	message	Construct in tḥm pbl mlk.
161454	pbl	[pbl  ]  	pbl/	pbl	PN m. sg. abs. gen.	Pabilu	
161455	mlk	[mlk]	mlk(I)/	mlk (I)	n. m. sg. abs. gen.	king	
# KTU 1.14 VI:4							
161456	qḥ	qḥ  	!!(lqḥ[	/l-q-ḥ/	vb G impv. m. sg.	to take	Imperative introducing the ransom list, parallel to III:22 and V:34.
161457	ksp	k[sp  ]  	ksp/	ksp	n. m. sg. abs. acc.	silver	
161458	w	[w ] 	w	w	conj.	and	
161459	yrq	[yrq]	yrq/	yrq	n. m. sg. cstr. acc.	greenish-yellow metal/gold	Construct expression yrq ḫrṣ 'yellow gold'.
# KTU 1.14 VI:5							
161460	ḫrṣ	ḫrṣ  	ḫrṣ/	ḫrṣ	n. m. sg. abs. acc.	gold	Object phrase yrq ḫrṣ.
161461	yd	y[d  ]  	yd(I)/	yd (I)	n. f. sg. cstr. acc.	together with	Grammaticalized yd I, 'together with'.
161462	mqmh	[mqmh]	mqm/+h	mqm	n. m. sg. cstr. gen. + 3 m. sg. suff.	place, source	'Its source/place', parallel to III:23 and V:35.
# KTU 1.14 VI:6							
161463	w	w 	w	w	conj.	and	
161464	ˤbd	ʿbd  	ˤbd(I)/	ʕbd (I)	n. m. sg. cstr. acc.	servant	Construct in ˤbd ˤlm 'a perpetual slave'.
161465		[ ] 	?	?	?	?	
161466	ˤlm	[ʿlm  ]  	ˤlm(I)/	ʕlm (I)	n. m. sg. abs. gen.	eternity	DULAT and EUPT read ʕlm (I) “eternity,” not ʕl plus enclitic -m.
161467	ṯlṯ	[ṯlṯ]	ṯlṯ(I)/	ṯlṯ (I)	num. m. sg. abs. acc.	three	Primary EUPT/contextual reading 'three horses'.
161467	ṯlṯ	[ṯlṯ]	ṯlṯ(III)/	ṯlṯ (III)	n. m. pl. cstr. acc.	charioteer	Alt. DULAT occupational reading.
# KTU 1.14 VI:7							
161468	sswm	sswm  	ssw/m	s:śs/św	n. m. pl. abs. acc.	horse	Primary cardinal phrase 'three horses'.
161468	sswm	sswm  	ssw/m	s:śs/św	n. m. pl. cstr. acc.	horse	Alt. construct state under DULAT's occupational reading.
161469	mrkbt	m[rkbt]	mrkb(t/t	mrkbt	n. f. sg. abs. acc.	chariot	Primary EUPT and DULAT singular reading.
161469	mrkbt	m[rkbt]	mrkb(t/t=	mrkbt	n. f. pl. abs. acc.	chariot	Alt. Martijn/Tania plural ending /t=.
# KTU 1.14 VI:8							
161470	b	b 	b	b	prep.	from	
161471	trbṣ	trbṣ  	trbṣ/	trbṣ	n. m. sg. cstr. gen.	yard, stable	Construct after b and before bn amt.
161472	bn	[bn  ]  	bn(I)/	bn (I)	n. m. sg. cstr. gen.	son	bn amt 'son of a slave-woman'.
161473	amt	[amt]	am(t(I)/t	ảmt (I)	n. f. sg. abs. gen.	female slave	Genitive noun, not /m-t/ 'die'.
# KTU 1.14 VI:9							
161474	qḥ	qḥ  	!!(lqḥ[	/l-q-ḥ/	vb G impv. m. sg.	to take	Imperative, with Kirta as vocative.
161475	krt	krt   	krt/	krt	PN m. sg. abs. nom.	Kirta	Vocative addressee of qḥ.
161476	šlmm	š[lmm]	šlm(II)/m	šlm (II)	n. m. pl. abs. acc.	communion sacrifice	Plural object with -m, not enclitic -m.
# KTU 1.14 VI:10							
161477	šlmm	šl[mm ]  	šlm(II)/m	šlm (II)	n. m. pl. abs. acc.	communion sacrifice	Repeated plural object with -m.
161478	al	al  	al(I)	ảl (I)	neg. functor	no	EUPT reads the prohibitive negative in al tṣr, “do not besiege”; affirmative al (II) is rejected.
161479	tṣr	tṣr	!t=!ṣr(r[	/ṣ-r(-r)/	vb G prefc. 2 m. sg.	to besiege	Prohibitive al tṣr, parallel to III:29; not /n-ṣ-r/ 'sob'.
# KTU 1.14 VI:11							
161480	udm	udm   	udm/	ủdm	TN f. sg. abs. acc.	Udum	
161481	rbt	rbt   	rb(I)/t	rb (I)	adj. f. sg. abs. acc.	great	
161482	w	w 	w	w	conj.	and	
161483	udm	u[dm]	udm/	ủdm	TN f. sg. abs. acc.	Udum	Second coordinated object of al tṣr.
# KTU 1.14 VI:12							
161484	ṯrrt	[ṯ]rrt   	ṯrr(t/t	ṯrrt	adj. f. sg. abs. acc.	powerful	
161485	udm	udm  	udm/	ủdm	TN f. sg. abs. nom.	Udum	
161486	ytnt	ytn[t]	ytn(t/t	ytnt	n. f. sg. cstr. nom.	gift	DULAT ytnt in ytnt il; noun, not /y-t-n/ verbal morphology. EUPT independently agrees on nominal construct morphology.
# KTU 1.14 VI:13							
161487	il	il  	il(I)/	ỉl (I)	DN m. sg. abs. gen.	El	
161488	ušn	ušn   	ušn/	ủšn	n. m. sg. cstr. nom.	present	Coordinated predicate ušn ab adm.
161489	ab	ab [ ]  	ab/	ảb	n. m. sg. cstr. gen.	father	Construct in ab adm 'Father of Man'.
161490	adm	[ad]m	adm(I)/	ảdm (I)	n. m. sg. abs. gen.	man	
# KTU 1.14 VI:14							
161491	rḥq	rḥq   	!!rḥq[	/r-ḥ-q/	vb G impv. m. sg.	to go away	Imperative addressed to the king.
161492	mlk	mlk  	mlk(I)/	mlk (I)	n. m. sg. abs. nom.	king	Vocative addressee of rḥq.
161493	l	l 	l(I)	l (I)	prep.	to	
161494	bty	bty	bt(II)/+y	bt (II)	n. m. sg. cstr. gen. + 1 c. sg. suff.	house	Suffixed bty 'my house'.
# KTU 1.14 VI:15							
161495	ng	ng  	!!ng(y[	/n-g(-y)/	vb G impv. m. sg.	to depart	Imperative addressed to Kirta.
161496	krt	krt  	krt/	krt	PN m. sg. abs. nom.	Kirta	Vocative addressee of ng.
161497	l	l 	l(I)	l (I)	prep.	to	
161498	ḥẓry	ḥẓr[y]	ḥẓr/+y	ḥẓr	n. m. sg. cstr. gen. + 1 c. sg. suff.	mansion	Suffixed ḥẓry 'my mansion'.
# KTU 1.14 VI:16							
161499	w	w 	w	w	conj.	and	
161500	yˤny	yʿny   	!y!ˤny(I)[	/ʕ-n-y/ (I)	vb G prefc. 3 m. sg.	to answer	
161501	krt	krt  	krt/	krt	PN m. sg. abs. nom.	Kirta	
161502	ṯˤ	ṯʿ	ṯˤ(II)/	ṯʕ (II)	n. m. sg. abs. nom.	hero	
# KTU 1.14 VI:17							
161503	lm	lm  	lm(II)	lm (II)	interr. pn.	why, what for	DULAT directly cites lm ank 'what do I wish for?'; EUPT likewise reads an interrogative adverb.
161504	ank	ank  	ank	ảnk	pers. pn.	I	
161505	ksp	ksp	ksp/	ksp	n. m. sg. abs. acc.	silver	Object in Kirta's rhetorical refusal.
# KTU 1.14 VI:18							
161506	w	w 	w	w	conj.	and	
161507	yrq	yrq   	yrq/	yrq	n. m. sg. cstr. acc.	greenish-yellow metal/gold	Construct expression yrq ḫrṣ.
161508	ḫrṣ	ḫrṣ	ḫrṣ/	ḫrṣ	n. m. sg. abs. acc.	gold	Object phrase yrq ḫrṣ.
# KTU 1.14 VI:19							
161509	yd	yd  	yd(I)/	yd (I)	n. f. sg. cstr. acc.	together with	Grammaticalized yd I, 'together with'.
161510	mqmh	mqmh  	mqm/+h	mqm	n. m. sg. cstr. gen. + 3 m. sg. suff.	place, source	'Its source/place'.
161511	w	w 	w	w	conj.	and	
161512	ˤbd	ʿbd	ˤbd(I)/	ʕbd (I)	n. m. sg. cstr. acc.	servant	Construct in ˤbd ˤlm 'a perpetual slave'.
# KTU 1.14 VI:20							
161513	ˤlm	ʿlm  	ˤlm(I)/	ʕlm (I)	n. m. sg. abs. gen.	eternity	
161514	ṯlṯ	ṯlṯ  	ṯlṯ(I)/	ṯlṯ (I)	num. m. sg. abs. acc.	three	Primary EUPT/contextual reading 'three horses'.
161514	ṯlṯ	ṯlṯ  	ṯlṯ(III)/	ṯlṯ (III)	n. m. pl. cstr. acc.	charioteer	Alt. DULAT occupational reading.
161515	sswm	sswm	ssw/m	s:śs/św	n. m. pl. abs. acc.	horse	Primary cardinal phrase 'three horses'.
161515	sswm	sswm	ssw/m	s:śs/św	n. m. pl. cstr. acc.	horse	Alt. construct state under DULAT's occupational reading.
# KTU 1.14 VI:21							
161516	mrkbt	mrkbt  	mrkb(t/t	mrkbt	n. f. sg. abs. acc.	chariot	Primary EUPT and DULAT singular reading.
161516	mrkbt	mrkbt  	mrkb(t/t=	mrkbt	n. f. pl. abs. acc.	chariot	Alt. Martijn/Tania plural ending /t=.
161517	b	b 	b	b	prep.	from	
161518	trbṣ	trbṣ	trbṣ/	trbṣ	n. m. sg. cstr. gen.	yard, stable	Construct after b and before bn amt.
# KTU 1.14 VI:22							
161519	bn	bn  	bn(I)/	bn (I)	n. m. sg. cstr. acc.	son	bn amt 'son of a slave-woman', EUPT Akk. m. sg. construct.
161520	amt	amt 	am(t(I)/t	ảmt (I)	n. f. sg. abs. gen.	female slave	Genitive noun, not /m-t/ 'die'.
161521	p	p 	p(I)	p (I)	conj. functor	and	EUPT reads the clause-initial conjunction pa, “rather/and”; adverbial p (II) and the noun “mouth” are rejected.
161522	d	d  	d	d	det. or rel. functor	the one (which)	
161523	in	in	in/	ỉn	n. m. sg. abs. nom.	lack, absence	DULAT noun ỉn in the negative-existence expression d in b bty; EUPT labels it an existence particle.
# KTU 1.14 VI:23							
161524	b	b 	b	b	prep.	in	
161525	bty	bty  	bt(II)/+y	bt (II)	n. m. sg. cstr. gen. + 1 c. sg. suff.	house	Suffixed bty 'my house'.
161526	ttn	ttn  	!t=!(ytn[	/y-t-n/	vb G prefc. 2 m. sg.	to give	Second masculine singular addressed to Pabilu (EUPT G-PKK 2 m. sg.).
161527	tn	tn	!!(ytn[	/y-t-n/	vb G impv. m. sg.	to give	Imperative tn ly 'give to me' (Martijn/Tania; EUPT).
# KTU 1.14 VI:24							
161528	ly	ly  	l(I)+y	l (I)	prep. + 1 c. sg. suff.	to me	
161529	mṯt	mṯt  	mṯ(t/t	mṯt	n. f. sg. abs. acc.	damsel	
161530	ḥry	ḥry	ḥry/	ḥry	PN f. sg. abs. acc.	Ḥurriya	Personal name in apposition to mṯt (DULAT; EUPT; Burns PN Workbook), not ḥr 'intestine' plus suffix.
# KTU 1.14 VI:25							
161531	nˤmt	nʿmt  	nˤm(t(I)/t	nʕmt (I)	adj. f. sg. abs. acc.	graceful	
161532	šbḥ	šbḥ  	šbḥ/	šbḥ	n. m. sg. abs. acc.	family, clan	DULAT identifies šbḥ at this line as an allophone of špḥ; EUPT reads accusative singular.
161533	bkrk	bkrk	bkr/+k	bkr	n. m. sg. cstr. acc. + 2 m. sg. suff.	firstborn	Suffixed construct bkrk 'your firstborn' (EUPT Akk.).
# KTU 1.14 VI:26							
161534	d	d 	d	d	det. or rel. functor	which	
161535	k	k 	k(I)	k (I)	prep.	like	Comparative particle, not a suffix.
161536	nˤm	nʿm  	nˤm(II)/	nʕm (II)	n. m. sg. cstr. gen.	grace	Construct in k nˤm ˤnt 'like the grace of Anat'.
161537	ˤnt	ʿnt	ˤn(t(I)/t	ʕnt (I)	DN f. sg. abs. gen.	Anat	EUPT and Burns identify the divine name Anat.
# KTU 1.14 VI:27							
161538	nˤmh	nʿmh  	nˤm(II)/+h	nʕm (II)	n. m. sg. cstr. nom. + 3 f. sg. suff.	grace	Nominal predicate nˤmh 'her grace'.
161539	km	km  	km	km	prep.	like	
161540	tsm	tsm	tsm/	tsm	n. m. sg. cstr. gen.	beauty	Construct in km tsm ˤṯtrt 'like the beauty of Athtart'.
# KTU 1.14 VI:28							
161541	ˤṯtrt	ʿṯtrt  	ˤṯtr(t(I)/t	ʕṯtrt (I)	DN f. sg. abs. gen.	ʕAṯtartu/Athtart	km tsm ʕṯtrt tsmh 'like the beauty of Athtart is her beauty' — the same formula as III:42 (161050). The goddess, not the toponym ʕṯtrt (II): EUPT reads ˁaṯtarti, tagged GN (Gottesname), at its VI:27 (EUPT's line numbering runs one behind KTU here).
161542	tsmh	tsmh	tsm/+h	tsm	n. m. sg. cstr. nom. + 3 f. sg. suff.	beauty	Nominal predicate tsmh 'her beauty' (EUPT Nom. m. sg. construct).
# KTU 1.14 VI:29							
161543	d	d 	d	d	det. or rel. functor	the one(s) of	
161544	ˤqh	ʿqh  	ˤq/+h	ʕq	n. m. sg. cstr. nom. + 3 f. sg. suff.	pupil	Primary DULAT listed singular suffixed form; the natural pair is not marked in the consonants.
161544	ˤqh	ʿqh  	ˤq/+h	ʕq	n. m. du. cstr. nom. + 3 f. sg. suff.	pupil	Alt. EUPT Gen. m. dual construct, interpreted here as the paired pupils in the nominal clause.
161545	ib	ib  	ib(II)/	ỉb (II)	n. m. sg. cstr. nom.	gem	Primary DULAT ỉb II 'gem', not ỉb I 'enemy'; DULAT lists the surface as singular/construct.
161545	ib	ib  	ib(II)/	ỉb (II)	n. m. du. cstr. nom.	gem	Alt. EUPT dual reading 'two lapis-lazuli gems'.
161546	iqni	iqni	iqn(u&i/	ỉqnủ	n. m. sg. abs. gen.	lapis-lazuli gem	
# KTU 1.14 VI:30							
161547	ˤpˤph	ʿpʿph  	ˤpˤp/+h	ʕpʕp	n. m. pl. cstr. nom. + 3 f. sg. suff.	eyelid	Primary DULAT form table: ʕpʕph is plural construct with suffix.
161547	ˤpˤph	ʿpʿph  	ˤpˤp/+h	ʕpʕp	n. m. du. cstr. nom. + 3 f. sg. suff.	eyelid	Alt. EUPT natural-dual analysis of the paired eyeballs/eyelids.
161548	sp	sp  	sp/	sp	n. m. sg. cstr. nom.	bowl	Primary DULAT surface form sp is singular construct in the phrase ʕpʕph sp ṯrml.
161548	sp	sp  	sp/	sp	n. m. du. cstr. nom.	bowl	Alt. EUPT reads the paired bowls as dual construct despite the unwritten dual ending.
161549	ṯrml	ṯrml	ṯrml/	ṯrml	n. m. sg. abs. gen.	alabaster	Genitive material/complement after sp.
# KTU 1.14 VI:31							
161550	d	d 	d	d	det. or rel. functor	2) which	DULAT, Martijn, and Tania read the relative clause d b ḥlmy il ytn, “which El granted in my dream.”
161551	b	b 	b	b	prep.	in	
161552	ḥlmy	ḥlmy  	ḥlm(I)/+y	ḥlm (I)	n. m. sg. cstr. gen. + 1 c. sg. suff.	dream	b ḥlmy 'in my dream'; the final y is the 1 c. sg. suffix.
161553	il	il  	il(I)/	ỉl (I)	DN m. sg. abs. nom.	El	
161554	ytn	ytn	ytn[	/y-t-n/	vb G suffc. 3 m. sg.	to grant	Primary DULAT and Martijn/Tania suffix-conjugation reading: 'which El granted in my dream'.
161554	ytn	ytn	!y!(ytn[	/y-t-n/	vb G prefc. 3 m. sg.	to grant	Alt. EUPT prefix-conjugation reading.
# KTU 1.14 VI:32							
161555	b	b 	b	b	prep.	in	
161556	ḏrty	ḏrty  	ḏr(t/t+y	ḏrt	n. f. sg. cstr. gen. + 1 c. sg. suff.	vision	b ḏrty 'in my vision'; lexical feminine -t plus 1 c. sg. suffix.
161557	ab	ab  	ab/	ảb	n. m. sg. cstr. nom.	father	
161558	adm	adm	adm(I)/	ảdm (I)	n. m. sg. abs. gen.	man	
# KTU 1.14 VI:33							
161559	wld	wld  	w (yld[/	w | /y-l-d/	conj. | vb G inf.	and | to engender	EUPT reads conjunction w plus infinitive ld, “and to engender an offspring for Kirta”; compare III:48.
161560	špḥ	špḥ 	špḥ/	špḥ	n. m. sg. abs. acc.	offspring	
161561	l	l 	l(I)	l (I)	prep.	to	EUPT reads the preposition before the personal name Kirtu; negative and affirmative l are rejected.
161562	krk	kr{k}	kr&kt/	krt	PN sg. abs. gen.	Kirta	MERGE WITH THE NEXT: krk+t = PN krt with a superfluous k (span kr{k}), &k per the redundant-sign convention (cf. 157103 aṯ&tr(t(II)/t). špḥ l krt 'an offspring for Kirta'; EUPT splits the name across the line break, 'li kirvi 34'ti'. Not krk (I) 'pick'.
# KTU 1.14 VI:34							
161563	t	t  	kr&kt/	krt	PN sg. abs. gen.	Kirta	MERGE WITH THE PREVIOUS.
161564	w	w 	w	w	conj.	and	
161565	ġlm	ġlm  	ġlm/	ġlm	n. m. sg. abs. acc.	prince	Coordinated object of wld: 'and a prince for the servant of El' (DULAT; repeated from III:49).
161566	l	l 	l(I)	l (I)	prep.	to	
161567	ˤbd	ʿbd	ˤbd(I)/	ʕbd (I)	n. m. sg. cstr. gen.	servant	
# KTU 1.14 VI:35							
161568	il	il  	il(I)/	ỉl (I)	DN m. sg. abs. gen.	El	
161569	ttbˤ	ttbʿ  	!t!tbˤ[	/t-b-ʕ/	vb G prefc. 3 m. du.	to depart	Dual subject mlakm: 'the two messengers depart' (DULAT; EUPT).
161570	mlakm	mlakm	mlak/m	mlảk	n. m. du. abs. nom.	messenger	Dual subject of ttbˤ.
# KTU 1.14 VI:36							
161571	l	l 	l(II)	l (II)	adv.	not	Negates yṯb in the messenger-journey formula.
161572	yṯb	yṯb  	!y=!(yṯb[	/y-ṯ-b/	vb G prefc. 3 m. du.	to linger	Primary DULAT/EUPT prefix-conjugation reading with dual messenger subject: 'they do not linger'.
161572	yṯb	yṯb  	yṯb[	/y-ṯ-b/	vb G suffc. 3 m. du.	to linger	Alt. suffix-conjugation analysis discussed by EUPT; the unmarked dual form is formally ambiguous.
161573	idk	idk  	idk	ỉdk	narrative adv. functor	then	
161574	pnm	pnm	pn(m/m	pnm	n. m. pl. tant. abs. acc.	face	Accusative in idk pnm 'then (they turn) their faces', introducing the journey formula.
# KTU 1.14 VI:37							
161575	l	l 	l(III)	l (III)	functor	certainly	Asseverative l in the fixed journey formula l ytn ˤmm 'certainly they set out toward …'.
161576	ytn	ytn  	!y=!(ytn[	/y-t-n/	vb G prefc. 3 m. du.	to give	Primary prefix-conjugation reading with dual messenger subject (DULAT; EUPT strongly prefers PK).
161576	ytn	ytn  	ytn[	/y-t-n/	vb G suffc. 3 m. du.	to give	Alt. formally possible suffix-conjugation reading noted by EUPT.
161577	ˤmm	ʿmm  	ˤm(I)~m	ʕm (I)	prep. + encl. -m	to	Directional ˤm with enclitic -m; EUPT notes that the second m could alternatively be dittographic.
161578	pbl	pbl	pbl/	pbl	PN m. sg. abs. gen.	Pabilu	Goal after directional ˤmm.
# KTU 1.14 VI:38							
161579	mlk	mlk  	mlk(I)/	mlk (I)	n. m. sg. abs. gen.	king	
161580	tšan	tšan	!t!(nš(ʔ[&an	/n-š-ʔ/	vb G prefc. 3 m. du.	to raise	Dual messenger subject; irregular metathesis and redundant final an follow the established analysis in VI:2.
# KTU 1.14 VI:39							
161581	ghm	ghm  	g/+hm=	g	n. m. du. cstr. acc. + 3 m. du. suff.	voice	
161582	w	w 	w	w	conj.	and	
161583	tṣḥn	tṣḥn	!t!ṣḥ[n	/ṣ-ḥ/	vb G prefc. 3 m. du.	to exclaim	Dual messenger subject; final n is the dual prefix-conjugation ending.
# KTU 1.14 VI:40							
161584	tḥm	tḥm  	tḥm/	tḥm	n. m. sg. cstr. nom.	message	
161585	krt	krt  	krt/	krt	PN m. sg. abs. gen.	Kirta	
161586	ṯˤ	ṯʿ	ṯˤ(II)/	ṯʕ (II)	n. m. sg. abs. gen.	hero	
# KTU 1.14 VI:41							
161587	hwt	hwt  	hw(t(I)/t	hwt (I)	n. f. sg. cstr. nom.	word	Lexical feminine -t; construct head in 'word of the handsome youth of El'.
161588	nˤmn	nʿmn [ ] 	nˤmn(I)/	nʕmn (I)	adj. m. sg. abs. gen.	handsome	Genitive modifier agreeing with ġlm (EUPT).
161589	ġlm	[ġlm ] 	ġlm/	ġlm	n. m. sg. cstr. gen.	boy	
161590	il	[il]	il(I)/	ỉl (I)	DN m. sg. abs. gen.	El	
