id	surface form	sign span	morphological parsing	DULAT	POS	gloss	comments
# KTU 1.4 I:1							
156904		[                  ]                  	?	?	?	?	
# KTU 1.4 I:2							
156905	y	[                   ]y	?	?	?	?	
# KTU 1.4 I:3							
156906		[                  ]                  	?	?	?	?	
# KTU 1.4 I:4							
156907	any	[any  ]  	(ʔ&any[/	/ʔ-n-y/	vb G act. ptcpl. m. sg. abs. nom.	to sigh	The relative clause 'who cries aloud'; DULAT: ảny G inf./ptcpl.
156908	l	[l ] 	l(III)	l (III)	functor	certainly	l yṣḥ 'does cry out' (asseverative l).
156909	yṣḥ	[yṣ]ḥ    	!y!ṣḥ[	/ṣ-ḥ/	vb G prefc. 3 m. sg.	to exclaim	
156910	ṯr	ṯr	ṯr(I)/	ṯr (I)	n. m. sg. cstr. acc.	bull	Addressee of yṣḥ: 'he cries to Bull El his father' (// 1.3 V:35).
# KTU 1.4 I:5							
156911	il	[il ] 	il(I)/	ỉl (I)	DN m. sg. abs. gen.	ʾIlu/Ilu/El	
156912	abh	[abh  ]  	ab/+h	ảb	n. m. sg. cstr. acc. + 3 m. sg. suff.	father	'his father'.
156913	il	[i]l  	il(I)/	ỉl (I)	DN m. sg. abs. acc.	ʾIlu/Ilu/El	il mlk 'El the king'.
156914	mlk	mlk	mlk(I)/	mlk (I)	n. m. sg. abs. acc.	king	
# KTU 1.4 I:6							
156915	d	[d ] 	d	d	det. or rel. functor	the one(s) of	d yknnh 'who created him'.
156916	yknnh	[yknnh  ]  	!y!knn[:l+h	/k-n/	vb L prefc. 3 m. sg. + 3 m. sg. suff.	to establish	Pôlel/L of /k-n/; 'who formed him'.
156917	yṣḥ	[yṣ]ḥ    	!y!ṣḥ[	/ṣ-ḥ/	vb G prefc. 3 m. sg.	to exclaim	
156918	aṯ	aṯ	aṯr(t(II)/t	ảṯrt (II)	DN f. sg. abs. acc.	Asherah	MERGE WITH THE NEXT: aṯ+rt = aṯrt, split I:6/7; addressee of yṣḥ.
# KTU 1.4 I:7							
156919	rt	[rt  ]  	aṯr(t(II)/t	ảṯrt (II)	DN f. sg. abs. acc.	Asherah	MERGE WITH THE PREVIOUS.
156920	w	[w ] 	w	w	conj.	and	
156921	bnh	[bnh  ]  	bn(I)/+h	bn (I)	n. m. pl. cstr. acc. + 3 f. sg. suff.	son	'and her sons'.
156922		 	?	?	?	?	
156923	ilt	i{.}lt	il(t(I)/t	ỉlt (I)	n. f. sg. abs. nom.	goddess	
# KTU 1.4 I:8							
156924	w	[w ] 	w	w	conj.	and	
156925	ṣbrt	[ṣbrt  ]  	ṣbr(t/t	ṣbrt	n. f. sg. cstr. acc.	clan	ṣbrt aryh 'the assembly of her kin'.
156926	aryh	[ary]h	ary(I)/+h	ảry (I)	n. m. pl. cstr. gen. + 3 f. sg. suff.	fellow	
# KTU 1.4 I:9							
156927	wn	[wn  ]  	w~n	w	conj. + encl. -n	and	DULAT: wn 'and, but'; w + emphatic -n.
156928	in	[in  ]  	in	ỉn	n. m. sg. abs. nom.	lack of	in bt 'there is no house'.
156928	in	[in  ]  	in	ỉn	neg. existential functor	there is not	DULAT ỉn n., functions as neg. existential particle (EUPT: Existenzpart. neg.).
156929	bt	[bt  ]  	bt(II)/	bt (II)	n. m. sg. abs. nom.	house	
156930	l	[l ] 	l(I)	l (I)	prep.	to	
156931	bˤl	[bʿl]	bˤl(II)/	bʕl (II)	DN m. sg. abs. gen.	Baʿlu/Baal	'no house for Baal'.
# KTU 1.4 I:10							
156932	km	[km  ]  	km	km	prep.	like	km ilm 'like the gods'.
156933	ilm	[ilm  ]  	il(I)/m	ỉl (I)	n. m. pl. abs. gen.	god	
156934	w	[w ] 	w	w	conj.	and	
156935	ḥẓr	[ḥẓr]	ḥẓr/	ḥẓr	n. m. sg. abs. nom.	mansion	'and a court like the sons of Athirat'.
# KTU 1.4 I:11							
156936	k	[k ] 	k(I)	k (I)	prep.	like	
156937	bn	[bn  ]  	bn(I)/	bn (I)	n. m. sg. cstr. gen.	son	k bn aṯrt 'like the sons of Athirat'.
156938	aṯrt	aṯr[t]	aṯr(t(II)/t	ảṯrt (II)	DN f. sg. abs. gen.	ʾAṯiratu/Athirat/Asherah/El’s wife	
# KTU 1.4 I:12							
156939	mṯb	m[ṯ]b    	mṯb/	mṯb	n. m. sg. cstr. nom.	1) residence	mṯb il 'the dwelling of El'.
156940	il	il  	il(I)/	ỉl (I)	DN m. sg. abs. gen.	ʾIlu/Ilu/El	
156941	mẓll	mẓll	mẓll/	mẓll	n. m. sg. cstr. nom.	shelter	
# KTU 1.4 I:13							
156942	bnh	bnh  	bn(I)/+h	bn (I)	n. m. pl. cstr. nom.	4) special uses b) pl. cstr./suff. bn “sons of” > family	mẓll bnh 'the shelter of his sons'.
156943	mṯb	mṯb  	mṯb/	mṯb	n. m. sg. cstr. nom.	residence	mṯb rbt aṯrt ym 'the dwelling of Lady Athirat of the Sea'.
156944	rbt	rbt	rb(t(I)/t	rbt (I)	n. f. sg. cstr. gen.	Lady	
# KTU 1.4 I:14							
156945	aṯrt	aṯrt  	aṯr(t(II)/t	ảṯrt (II)	DN f. sg. abs. gen.	ʾAṯiratu/Athirat/Asherah/El’s wife	
156946	ym	ym  	ym(II)/	ym (II)	n. m. sg. abs. gen.	sea	rbt aṯrt ym 'Lady Athirat of the Sea'.
156947	mṯb	mṯb	mṯb/	mṯb	n. m. sg. cstr. nom.	residence	
# KTU 1.4 I:15							
156948	klt	klt  	kl(t(I)/t=	klt (I)	n. f. pl. cstr. gen.	1) bride	klt knyt 'the honoured brides' (the daughters).
156949	knyt	knyt	kny(t/t=	knyt	adj. f. pl. abs. gen.	glorious	
156949	knyt	knyt	kny[/t=	?	vb G pass. ptcpl. f. pl. abs. gen.	?	Tania: G passive participle 'honored/purchased'; DULAT reads adj. knyt 'glorious'.
# KTU 1.4 I:16							
156950	mṯb	mṯb  	mṯb/	mṯb	n. m. sg. cstr. nom.	residence	
156951	pdry	pdry  	pdry/	pdry	DN f. sg. abs. gen.	Pidray	
156952	bt	b<t>  	b(t(I)/t	bt (I)	n. f. sg. cstr. gen.	daughter	Split bt + ar 'daughter of Light' (cf. 1.5 V:10 pdry bt ar). | Migrated from legacy reviewed tokenization.
156953	ar	ar	ar/	ả/ỉr	n. m. sg. abs. gen.	light	Split bt + ar 'daughter of Light' (cf. 1.5 V:10 pdry bt ar). | Migrated from legacy reviewed tokenization.
# KTU 1.4 I:17							
156954	mẓll	mẓll  	mẓll/	mẓll	n. m. sg. cstr. nom.	shelter	
156955	ṭly	ṭly  	ṭly/	ṭly	DN f. sg. abs. gen.	Tallay	
156956	bt	bt 	b(t(I)/t	bt (I)	n. f. sg. cstr. gen.	daughter	
156957	rb	rb	rb/	rb(b)	n. m. sg. abs. gen.	1) drizzle b) bt rb “daugh- ter of drizzle”	bt rb 'daughter of Drizzle'.
# KTU 1.4 I:18							
156958	mṯb	mṯb  	mṯb/	mṯb	n. m. sg. cstr. nom.	residence	
156959	arṣy	arṣy  	arṣy/	ảrṣy	DN f. sg. abs. gen.	Arṣay/Arsay	
156960	bt	bt  	b(t(I)/t	bt (I)	n. f. sg. cstr. gen.	daughter	
156961	yˤbdr	yʿbdr	yˤbdr/	yʕbdr	DN sg. abs. gen.	Yaʿibdarru/'(Daughter) of the Wide World'/attribute of ảrṣy, daughter of the god bʕl (etym. unc.)	bt yʕbdr 'daughter of Yaʿibdar' (epithet of Arsay).
# KTU 1.4 I:19							
156962	ap	ap  	ap(I)	ảp (I)	adv./conj.	also, even, besides	ap mṯn rgmm 'moreover, a second matter'; ảp (I), not ảp (II) 'nose'.
156963	mṯn	mṯn  	mṯn/	mṯn	n. m. sg. cstr. acc.	repetition	mṯn rgmm 'a repeated word, a second matter'.
156964	rgmm	rgmm	rgm/m	rgm	n. m. pl. abs. gen.	2) matter	
# KTU 1.4 I:20							
156965	argmk	argmk  	!(ʔ&a!rgm[+k	/r-g-m/	vb G prefc. 1 c. sg. + 2 m. sg. suff.	to say	'I will tell you'.
156966	šskn	šskn 	!!]š]skn[	/s-k-n/	vb Š impv. m. sg.	to take care of	DULAT: šskn mʕ mgn 'do prepare a gift'.
156967	mˤ	mʿ	mˤ(I)	mʕ (I)	adv.	please!	mʕ (I) 'please', not mʕ (II) 'as one'.
# KTU 1.4 I:21							
156968	mgn	mgn  	mgn(I)/	mgn (I)	n. m. sg. abs. acc.	gift	'a gift for Lady Athirat of the Sea'.
156969	rbt	rbt  	rb(t(I)/t	rbt (I)	n. f. sg. cstr. gen.	Lady	
156970	aṯrt	aṯrt 	aṯr(t(II)/t	ảṯrt (II)	DN f. sg. abs. gen.	ʾAṯiratu/Athirat/Asherah/El’s wife	
156971	ym	ym	ym(II)/	ym (II)	n. m. sg. abs. gen.	sea	
# KTU 1.4 I:22							
156972	mġẓ	mġẓ  	mġẓ/	mġẓ	n. m. sg. cstr. acc.	present	
156973	qnyt	qnyt  	qny[/t	/q-n-y/	vb G act. ptcpl. f. sg. cstr. gen.	to acquire	qnyt ilm 'Creatress of the gods' (epithet of Athirat); DULAT cites /q-n-y/ here.
156974	ilm	ilm	il(I)/m	ỉl (I)	n. m. pl. abs. gen.	god	
# KTU 1.4 I:23							
156975	hyn	hyn  	hyn/	hyn	DN m. sg. abs. nom.	Hayyānu/alt. name of the god kṯr (Kothar)	Alternative name of Kôṯaru (Kothar) the craftsman.
156976	ˤly	ʿly  	ˤly[	/ʕ-l-y/	vb G suffc. 3 m. sg.	to go up, rise	'Hayyānu goes up to the bellows'.
156977	l	l 	l(I)	l (I)	prep.	to	
156978	mpḫm	mpḫm	mpḫ/m	mpḫ	n. m. du. abs. gen.	bellows of the forge	DULAT: mpḫ 'bellows of the forge'.
# KTU 1.4 I:24							
156979	bd	bd  	bd(IV)	bd (IV)	prep.	into the hands of, (intended) for	bd ḫss 'in the hands of Khasis'; bd (IV), not b+d.
156980	ḫss	ḫss  	ḫss/	ḫss	DN m. sg. abs. gen.	Ḫasisu/Khasis	Epithet of Kothar (kṯr w ḫss).
156981	mṣbṭm	mṣbṭm	mṣbṭ/m	mṣbṭ	n. m. du. abs. nom.	handle	DULAT: mṣbṭ 'handle/tongs'.
# KTU 1.4 I:25							
156982	yṣq	yṣq  	!y!(yṣq[	/y-ṣ-q/	vb G prefc. 3 m. sg.	to pour (out), serve	'he casts silver'.
156983	ksp	ksp  	ksp/	ksp	n. m. sg. abs. acc.	silver	
156984	yšl	yšl	!y!šlḥ(II)[	/š-l-ḥ/ (II)	vb G prefc. 3 m. sg.	to melt, smelt	MERGE WITH THE NEXT: yšl+ḥ = yšlḥ, split across lines I:25/26; DULAT form yšlḥ /š-l-ḥ/ (II).
# KTU 1.4 I:26							
156985	ḥ	ḥ  	!y!šlḥ(II)[	/š-l-ḥ/ (II)	vb G prefc. 3 m. sg.	to melt, smelt	MERGE WITH THE PREVIOUS.
156986	ḫrṣ	ḫrṣ  	ḫrṣ/	ḫrṣ	n. m. sg. abs. acc.	1) gold a) in general	'lays out gold'.
156987	yṣq	yṣq  	!y!(yṣq[	/y-ṣ-q/	vb G prefc. 3 m. sg.	to pour (out)	
156988	ksp	ksp	ksp/	ksp	n. m. sg. abs. acc.	silver	
# KTU 1.4 I:27							
156989	l	l 	l(I)	l (I)	prep.	to	l alpm 'by the thousands'.
156990	alpm	alpm  	alp(II)/m	ảlp (II)	num. pl. abs. gen.	(one, a) thousand	
156990	alpm	alpm  	alp(II)/m	ảlp (II)	n. m. pl. abs. gen.	(one, a) thousand	EUPT: noun 'thousands'.
156991	ḫrṣ	ḫrṣ  	ḫrṣ/	ḫrṣ	n. m. sg. abs. acc.	1) gold a) in general	
156992	yṣq	yṣq	!y!(yṣq[	/y-ṣ-q/	vb G prefc. 3 m. sg.	to pour (out)	
# KTU 1.4 I:28							
156993	m	m  	~m	-m (II)	encl. morph.	?	yṣq-m 'he casts' (emphatic -m).
156994	l	l 	l(I)	l (I)	prep.	to	
156995	rbbtx	rbbt .[[x ]] 	?	?	?	?	'gold he casts by the myriads'. | EUPT: noun 'myriads'. | DULAT: NOT FOUND | Migrated from legacy reviewed tokenization.
156996	x	[[x ]] 	?	?	?	?	
156997	x	[[x]]	?	?	?	?	
# KTU 1.4 I:29							
156998	yṣq	yṣq  	!y!(yṣq[	/y-ṣ-q/	vb G prefc. 3 m. sg.	to pour (out)	
156999	ḫym	ḫym  	ḫym/	ḫym	n. m. sg. abs. acc.	canopy	TCS: 'He casts HYM and TBTH'.
157000	w	w 	w	w	conj.	and	
157001	tbṯḫ	tbṯḫ	tbṯḫ/	tbṯḫ	n. m. sg. abs. acc.	bed	
# KTU 1.4 I:30							
157002	kt	kt  	k(t(II)/t	kt (II)	n. f. sg. cstr. acc.	stage	kt il 'a throne-stand for El'.
157003	il	il  	il(I)/	ỉl (I)	DN m. sg. abs. gen.	ʾIlu/Ilu/El	
157004	dt	dt  	d+t	d	det./rel. functor + encl. -t	1) the one(s) of c) specifying value	'(a stand) of twenty thousand (shekels)'.
157005	rbtm	rbtm	rb(b(t/t~m	rb(b)t	n. num. f. du. + encl. -m	ten thousand	rbtm 'two myriads = twenty thousand'.
# KTU 1.4 I:31							
157006	kt	kt  	k(t(II)/t	kt (II)	n. f. sg. cstr. acc.	stage	
157007	il	il  	il(I)/	ỉl (I)	DN m. sg. abs. gen.	ʾIlu/Ilu/El	
157008	nbt	nbt  	nb[t===	/n-b/	vb G suffc. 3 f. sg.	to be smelted, coated with	DULAT (I:31): kt il nbt b ksp 'a divine platform coated in silver'.
157008	nbt	nbt  	nb[t===:pass	/n-b/	vb Gpass suffc. 3 f. sg.	to be smelted, coated with	EUPT: Gp (passive), 'was named/set'.
157008	nbt	nbt  	nb(t/t	nbt	n. f. sg. abs. acc.	honey	Noun reading: 'a casting (?) in silver'.
157009	b	b 	b	b	prep.	1) spatial location e) material	
157010	ksp	ksp	ksp/	ksp	n. m. sg. abs. gen.	1) silver c) treatment	
# KTU 1.4 I:32							
157011	šmrḫt	šmrḫt  	]š]mrḫ[t	/m-r-ḫ/	vb Š suffc. 3 f. sg.	to be coated	DULAT form šmrḫt /m-r-ḫ/; 'overlaid with ruddy gold'.
157012	b	b 	b	b	prep.	in	
157013	dm	dm  	dm(II)/	dm (II)	n. m. sg. cstr. gen.	blood	dm ḫrṣ 'redness of gold' = ruddy gold.
157014	ḫrṣ	ḫrṣ	ḫrṣ/	ḫrṣ	n. m. sg. abs. gen.	1) gold b) in craftwork	
# KTU 1.4 I:33							
157015	kḥṯ	kḥṯ  	kḥṯ/	kḥṯ	n. m. sg. cstr. acc.	throne	kḥṯ il 'a chair for El'.
157016	il	il  	il(I)/	ỉl (I)	DN m. sg. abs. gen.	ʾIlu/Ilu/El	
157017	nḫt	nḫt	nḫ(t/t	nḫt	n. f. sg. cstr. acc.	divan	
# KTU 1.4 I:34							
157018	bẓr	bẓr 	bẓr/	bẓr	n. m. sg. abs. gen.	refined gold	nḫt bẓr 'a divan of fine gold' (DULAT).
157019	hdm	hdm  	hdm/	hdm	n. m. sg. abs. acc.	footstool	hdm il 'a footstool for El'.
157020	id	id	i(l(I)/ d	ỉl (I); d	DN m. sg. abs. gen.; det. or rel. functor	ʾIlu/Ilu/El; the one(s) of	DULAT reads hdm il(!) d pršả (l omitted by the scribe); not ỉd 'when'.
# KTU 1.4 I:35							
157021	d	d 	d	d	det. or rel. functor	2) which	
157022	prša	prša  	prš[&a:pass	/p-r-š/	vb Gpass suffc. 3 m. sg.	to extend, apply a coat of a material, resurface	DULAT: 'which is covered with tin'.
157023	b	b 	b	b	prep.	in	
157024	br	br	br/	br(r)	n. m. sg. abs. gen.	1) tin c) transport	DULAT br(r); a metal.
# KTU 1.4 I:36							
157025	nˤl	nʿl  	nˤl/	nʕl	n. m. sg. cstr. acc.	portable platform	nˤl il 'a footstool for El'.
157026	il	il  	il(I)/	ỉl (I)	DN m. sg. abs. gen.	ʾIlu/Ilu/El	
157027	d	d  	d	d	det. or rel. functor	1) the one(s) of a) det. of quality	
157028	qblbl	qblbl	qblbl/	qblbl	n. m. sg. abs. nom.	junction	Meaning uncertain; DULAT 'junction'.
# KTU 1.4 I:37							
157029	ˤln	ʿln  	ˤl(I)~n	ʕl (I)	prep. + encl. -n	1) spatial location or pre-eminence a) upon	ʕl + -n; 'on it'.
157030	yblhm	yblhm  	ybl(II)/+hm	ybl (II)	n. m. pl. cstr. nom. + 3 m. pl. suff.	rod	'upon (it), their rods (were) of gold' (DULAT ybl (II)).
157031	ḫrṣ	ḫrṣ	ḫrṣ/	ḫrṣ	n. m. sg. abs. gen.	1) gold b) in craftwork	
# KTU 1.4 I:38							
157032	ṯlḥn	ṯlḥn  	ṯlḥn/	ṯlḥn	n. m. sg. cstr. acc.	table	ṯlḥn il 'a table for El'.
157033	il	il  	il(I)/	ỉl (I)	DN m. sg. abs. gen.	ʾIlu/Ilu/El	
157034	d	d 	d	d	det. or rel. functor	2) which	
157035	mla	mla	ml(ʔ&a[	/m-l-ʔ/	vb G suffc. 3 m. sg.	to be full	'which is filled with creatures'.
# KTU 1.4 I:39							
157036	mnm	mnm  	mn(II)/~m	mn (II)	n. m. sg. abs. gen. + encl. -m	species (of animal)	DULAT cites mn (II) here: 'a table filled with species (of animals)'.
157037	dbbm	dbbm  	dbb(I)/m	dbb (I)	n. m. pl. abs. nom.	beast	
157038	d	d	d	d	det. or rel. functor	the one(s) of	
# KTU 1.4 I:40							
157039	msdt	m{.}sdt    	msd(t/t=	msdt	n. f. pl. cstr. nom.	foundation(s)	DULAT: dbbm d msdt arṣ 'beasts of the foundations of the earth'.
157040	arṣ	arṣ	arṣ/	ảrṣ	n. f. sg. cstr. gen.	3) lower world	
# KTU 1.4 I:41							
157041	ṣˤ	ṣʿ  	ṣˤ(I)/	ṣʕ (I)	n. m. sg. cstr. acc.	plate / wide bowl / platter	ṣˤ il 'a bowl for El'.
157042	il	il  	il(I)/	ỉl (I)	DN m. sg. abs. gen.	ʾIlu/Ilu/El	
157043	dqt	dqt  	dq(t(II)/t	dqt (II)	n. f. sg. abs. acc.	manufacture, moulding	// sknt k ḥwt yman ('shaped like the land of Yaman').
157044	k	k 	k(I)	k (I)	prep.	like	
157045	amr	amr	amr(III)/	ảmr (III)	TN sg. abs. gen.	Amurru	// sknt k ḥwt yman.
# KTU 1.4 I:42							
157046	sknt	sknt  	skn(t/t	sknt	n. f. sg. abs. acc.	form	TCS: 'fashioned (?) like ...'.
157047	k	k 	k(I)	k (I)	prep.	like	
157048	ḥwt	ḥwt  	ḥw(t/t	ḥwt	n. f. sg. cstr. gen.	1) country	k ḥwt yman 'like the land of Yaman'.
157049	yman	yman	yman/	ymản	TN sg. abs. gen.	Ionia	DULAT: TN (Ionia?).
# KTU 1.4 I:43							
157050	d	d 	d	d	det. or rel. functor	2) which	
157051	bh	bh  	b+h	b	prep. + 3 m. sg. suff.	in	'on which (are) wild bulls by the myriad'.
157052	rumm	rumm  	rum/m	rủm	n. m. pl. abs. nom.	wild bull	
157053	l	l 	l(I)	l (I)	prep.	to	
157054	rbbt	rbbt	rbb(t/t	rb(b)t	num.	ten thousand	
157054	rbbt	rbbt	rbb(t/t=	rb(b)t	n. f. pl. abs. gen.	ten thousand	EUPT: noun 'myriads'.
# KTU 1.4 II:1							
157055	xb	[x]b  	?	?	?	?	
157056	xxx	x[xx ] 	?	?	?	?	
157057	xxx	[xxx ] 	?	?	?	?	
157058	xxx	[xxx]	?	?	?	?	
# KTU 1.4 II:2							
157059	l	l 	l(I)	l (I)	prep.	to	
157060	abn	abn [      ]      	abn/	ảbn	n. m. sg. abs. gen.	3) weight	
# KTU 1.4 II:3							
157061	aḫdt	aḫdt  	(ʔ&aḫd[t===	/ʔ-ḫ-d(/ḏ)/	vb G suffc. 3 f. sg.	to collect, to take (back), grasp, seize, hold	Athirat: 'she grasps her spindle in her hand' (DULAT).
157062	plkh	plkh [ ]  	plk/+h	plk	n. m. sg. cstr. acc. + 3 f. sg. suff.	spindle	
157063	b	[b ] 	b	b	prep.	in	
157064	ydh	[ydh]	yd(I)/+h	yd (I)	n. f. sg. cstr. gen. + 3 f. sg. suff.	hand	
# KTU 1.4 II:4							
157065	plk	plk  	plk/	plk	n. m. sg. cstr. acc.	spindle	
157066	tˤlt	tʿlt  	tˤl(t/t	tʕlt	n. f. sg. abs. gen.	superior power	plk tˤlt 'the spindle of majesty (?)' (DULAT).
157067	b	b 	b	b	prep.	in	
157068	ymnh	ymnh	ymn(I)/+h	ymn (I)	n. m. sg. cstr. gen. + 3 f. sg. suff.	1) right (side) a) right (hand)	
# KTU 1.4 II:5							
157069	npynh	npynh  	npyn/+h	npyn	n. m. sg. cstr. acc. + 3 f. sg. suff.	tunic	
157070	mks	mks  	mks/	mks	n. m. sg. cstr. acc.	blanket	
157071	bšrh	bšrh	bšr/+h	bšr	n. m. sg. cstr. gen. + 3 f. sg. suff.	1) flesh	mks bšrh 'the covering of her flesh'.
# KTU 1.4 II:6							
157072	tmtˤ	tmtʿ  	!t!mtˤ[	/m-t-ʕ/	vb G prefc. 3 f. sg.	to remove, shed	'she dips her garment in the sea'.
157073	mdh	mdh  	md(I)/+h	md (I)	n. f. sg. cstr. acc. + 3 f. sg. suff.	cape	EUPT genders m.
157074	b	b 	b	b	prep.	in	
157075	ym	ym  	ym(II)/	ym (II)	n. m. sg. abs. gen.	1) sea	
157076	ṯn	ṯn	ṯn(I)/	ṯn (I)	num. cstr. acc.	2) double	ṯn npynh 'her double tunic / a second time' (DULAT ṯn (I)).
# KTU 1.4 II:7							
157077	npynh	npynh  	npyn/+h	npyn	n. m. sg. cstr. gen. + 3 f. sg. suff.	tunic	
157078	b	b 	b	b	prep.	in	
157079	nhrm	nhrm	nhr/m	nhr	n. m. du. abs. gen.	1) river	'in the two rivers'.
# KTU 1.4 II:8							
157080	štt	štt  	št[t	/š-t/	vb G suffc. 3 f. sg.	to place, set, set up, leave	'she sets a pot on the fire'.
157081	ḫptr	ḫptr  	ḫptr/	ḫptr	n. m. sg. abs. acc.	cooking pot	
157082	l	l 	l(I)	l (I)	prep.	to	
157083	išt	išt	iš(t/t	ỉšt	n. f. sg. abs. gen.	1) fire	
# KTU 1.4 II:9							
157084	ḫbrṯ	ḫbrṯ  	ḫbrṯ/	ḫbrṯ	n. f. sg. abs. acc.	stewpot	KTU: ḫbrt; DULAT ḫbrṯ.; EUPT genders m.
157085	l	l 	l(I)	l (I)	prep.	to	
157086	ẓr	ẓr  	ẓr(I)/	ẓr (I)	n. m. sg. cstr. gen.	upon	
157087	pḥmm	pḥmm	pḥm/m	pḥm	n. m. pl. abs. gen.	1) ember	l ẓr pḥmm 'on top of the coals'.
# KTU 1.4 II:10							
157088	tˤpp	tʿpp  	!t!ˤpp[	/ʕ-p/	vb G prefc. 3 f. sg.	to fly	DULAT /ʕ-p/ (note 'to fly'); 'she beseeches Bull El the Benign'.
157089	ṯr	ṯr  	ṯr(I)/	ṯr (I)	n. m. sg. cstr. acc.	bull	ṯr il 'Bull El'.
157090	il	il  	il(I)/	ỉl (I)	DN m. sg. abs. acc.	ʾIlu/Ilu/El	
157091	d	d 	d	d	det. or rel. functor	the one(s) of	
157092	pid	pid	pid/	pỉd	n. m. sg. abs. gen.	heart	d pid 'the Benevolent'.
# KTU 1.4 II:11							
157093	tġzy	tġzy  	!t!ġ(ẓ&zy[	/ġ-ẓ-y/	vb G prefc. 3 f. sg.	to win over	DULAT cites tġẓy here; tablet z for ẓ.
157094	bny	bny  	bny/	bny	n. m. sg. cstr. acc.	architect	bny bnwt 'the Creator of Creatures' (El).
157095	bnwt	bnwt	bn&w(t(II)/t=	bnt (II)	n. f. pl. abs. gen.	2) creature	
# KTU 1.4 II:12							
157096	b	b 	b	b	prep.	in	
157097	nši	nši  	!!nš(ʔ[/&i	/n-š-ʔ/	vb G inf. cstr. gen.	to raise	b nši ˤnh 'as she lifts her eyes' (inf. cstr.).
157098	ˤnh	ʿnh  	ˤn(I)/+h	ʕn (I)	n. f. du. cstr. gen. + 3 f. sg. suff.	1) eye a) ʕn bʕl qdm ydh the eye(/s) of DN precede(s) his hands	
157099	w	w 	w	w	conj.	3) in the correlation protasis-apodosis	
157100	tphn	tphn	!t!ph(y[~n	/p-h-y/	vb G prefc. 3 f. sg.	to see	'and she beholds'.
# KTU 1.4 II:13							
157101	hlk	hlk  	hlk(I)/	hlk (I)	n. m. sg. cstr. acc.	walk	hlk bˤl 'the approach of Baal'.
157102	bˤl	bʿl  	bˤl(II)/	bʕl (II)	DN m. sg. abs. gen.	Baʿlu/Baal	
157103	aṯtrt	aṯ{t}rt	aṯ&tr(t(II)/t	ảṯrt (II)	DN f. sg. abs. nom.	Asherah	DULAT: ảṯ{t}rt — scribal extra t; subject of the next clause.
# KTU 1.4 II:14							
157104	k	k 	k(II)	k (II)	emph. functor	yes	
157105	tˤn	tʿn  	!t!ˤn[	/ʕ-n/	vb G prefc. 3 f. sg.	to see	DULAT /ʕ-n/ 'to see' (not /ʕ-n-y/ 'answer'); Athirat sees Baal's approach.
157106	hlk	hlk  	hlk(I)/	hlk (I)	n. m. sg. cstr. acc.	walk, course	
157107	btlt	btlt	btl(t/t	btlt	n. f. sg. cstr. gen.	virgin	hlk btlt ˤnt 'the gait of Virgin Anat'.
# KTU 1.4 II:15							
157108	ˤnt	ʿnt  	ˤn(t(I)/t	ʕnt (I)	DN f. sg. cstr. gen.	ʿAnatu/Anat	
157109	tdrq	tdrq  	tdrq/	tdrq	n. m. sg. cstr. acc.	nimble step	
157110	ybmt	ybmt	ybm(t/t	ybmt	n. f. sg. cstr. gen.	widow sister-in-law	ybmt limm 'Wanton/Sister-in-law of the peoples' (epithet of Anat).
# KTU 1.4 II:16							
157111	limm	[limm]    	lim(I)/m	lỉm (I)	n. m. pl. abs. gen.	people	
157112	bh	bh  	b+h	b	prep. + 3 f. sg. suff.	in	'in her, the feet shake'.
157113	pˤnm	pʿnm	pˤn/m	pʕn	n. f. du. abs. nom.	foot	
# KTU 1.4 II:17							
157114	tṭṭ	[tṭṭ  ]  	!t!(nṭṭ[	/n-ṭ-ṭ/	vb G prefc. 3 f. du.	to shake	Fear formula (= 1.3 III etc.).
157115	bˤdn	[bʿ]dn    	bˤd~n	bʕd	prep. + encl. -n	behind	bˤdn ksl 'behind, the loins'.
157116	ksl	ksl	ksl/	ksl	n. f. sg. abs. nom.	back	
# KTU 1.4 II:18							
157117	tṯbr	[tṯbr  ]  	!t!](n]ṯbr[	/ṯ-b-r/	vb N prefc. 3 f. sg.	to break	'her loins are broken'.
157118	ˤln	[ʿln  ]  	ˤl(I)~n	ʕl (I)	prep. + encl. -n	upon	
157119	pnh	[p]nh    	pn(m/+h	pnm	n. m. pl. tant. cstr. nom. + 3 f. sg. suff.	face	'above, her face (sweats)'.
157120	tdˤ	tdʿ	!t!(ydˤ(II)[:w	/y-d-ʕ/ (II)	vb G prefc. 3 m. pl.	to sweat	DULAT /y-d-ʕ/ (II) 'to sweat'; subject pnh (pl. tant.).
# KTU 1.4 II:19							
157121	tġṣ	tġṣ  	!t!(nġṣ[	/n-ġ-ṣ/	vb G prefc. 3 f. pl.	to contract	'the joints of her loins contract'.
157122	pnt	pnt[  ]  	pn(t/t=	pnt	n. f. pl. cstr. nom.	knuckle	
157123	kslh	[k]slh	ksl/+h	ksl	n. f. sg. cstr. gen. + 3 f. sg. suff.	back	
# KTU 1.4 II:20							
157124	anš	anš  	anš/	ảnš	n. m. pl. abs. nom.	muscle, tendon	DULAT: anš dt ẓrh 'the muscles of her back' (// 1.3 III:35).
157124	anš	anš  	(ʔ&anš[	/ʔ-n-š/	vb G suffc. 3 m. sg.	to languish, fall ill	Verb reading: '(her back) went weak'.
157125	dt	dt  	d~t	d	det. / rel. functor + encl. -t	the one(s) of	
157126	ẓrh	ẓr[h]	ẓr(I)/+h	ẓr (I)	n. m. sg. cstr. gen. + 3 f. sg. suff.	back	
# KTU 1.4 II:21							
157127	tšu	tšu  	!t!(nš(ʔ[&u	/n-š-ʔ/	vb G prefc. 3 f. sg.	to raise	'she raises her voice and cries'.
157128	gh	gh  	g/+h	g	n. m. sg. cstr. acc. + 3 f. sg. suff.	(loud) voice	
157129	w	w 	w	w	conj.	and	
157130	tṣḥ	tṣḥ  	!t!ṣḥ[	/ṣ-ḥ/	vb G prefc. 3 f. sg.	to exclaim	
157131	ik	ik	ik	ỉk	interr. functor	how?	
# KTU 1.4 II:22							
157132	mġy	mġy  	mġy[	/m-ġ-y/	vb G suffc. 3 m. sg.	to come, arrive	'how has Mightiest Baal arrived?'
157133	aliyn	aliyn  	aliyn/	ảlỉyn	adj. m. sg. abs. nom.	The Very / Most Powerful	
157134	bˤl	bʿl	bˤl(II)/	bʕl (II)	DN m. sg. abs. nom.	Baʿlu/Baal	
# KTU 1.4 II:23							
157135	ik	ik  	ik	ỉk	interr. functor	how?	
157136	mġyt	mġyt  	mġy[t	/m-ġ-y/	vb G suffc. 3 f. sg.	to come	Subject Virgin Anat; 3 f. sg., not 1 c. sg.
157137	btlt	b[t]lt	btl(t/t	btlt	n. f. sg. cstr. nom.	virgin	
# KTU 1.4 II:24							
157138	ˤnt	ʿnt  	ˤn(t(I)/t	ʕnt (I)	DN f. sg. abs. nom.	ʿAnatu/Anat	
157139	mḫṣy	mḫṣy  	mḫṣ[/+y	/m-ḫ-ṣ/	vb G act. ptcpl. m. pl. cstr. nom. + 1 c. sg. suff.	to wound, beat, crush, kill	'(are they) my smiters?' (Athirat fears).
157140	hm	hm[  ]  	hm(I)	hm (I)	pers. pn. 3 m. pl.	1) they	
157141	mḫṣ	[m]ḫṣ	mḫṣ[/	/m-ḫ-ṣ/	vb G act. ptcpl. m. pl. cstr. nom.	to wound, beat, crush, kill	mḫṣ bny 'the smiters of my sons'.
# KTU 1.4 II:25							
157142	bny	bny  	bn(I)/+y	bn (I)	n. m. pl. cstr. gen. + 1 c. sg. suff.	4) special uses b) pl. cstr./suff. bn “sons of” > family	
157143	hm	hm [ ]  	hm(II)	hm (II)	conj./interr. functor	if	
157144	mkly	[mkly  ]  	mkly[/	/k-l-y/	vb D act. ptcpl. m. pl. cstr. nom.	to finish (off), destroy, drain	mkly ṣbrt 'the destroyers of the band'.
157145	ṣbrt	[ṣ]brt	ṣbr(t/t	ṣbrt	n. f. sg. cstr. gen.	clan	EUPT genders m.
# KTU 1.4 II:26							
157146	aryy	aryy [ ]  	ary(I)/+y	ảry (I)	n. m. pl. cstr. gen. + 1 c. sg. suff.	fellow	ṣbrt aryy 'the band of my kin'.
157147	ẓl	[ẓl]    	ẓl(I)/	ẓl (I)	n. m. sg. cstr. acc.	2) reflection	ẓl ksp 'the gleam of silver' (anticipating the gifts she spies).
157148	ksp	ksp  	ksp/	ksp	n. m. sg. abs. gen.	1) silver a) 4.738	
157149	aṯrt	[a]ṯrt	aṯr(t(II)/t	ảṯrt (II)	DN f. sg. abs. nom.	Asherah	DULAT lists ảṯrt (I) 'nape' for the form; here the DN.
# KTU 1.4 II:27							
157150	k	k 	k(III)	k (III)	subordinating / completive functor	when	
157151	tˤn	tʿn  	!t!ˤn[	/ʕ-n/	vb G prefc. 3 f. sg.	to see, look (at), watch, spy	'when she sees the gleam of silver'.
157152	ẓl	ẓl  	ẓl(I)/	ẓl (I)	n. m. sg. cstr. acc.	shade	
157153	ksp	ksp  	ksp/	ksp	n. m. sg. abs. gen.	silver	
157154	w	w 	w	w	conj.	and	
157155	nr	nr	nr/	nr	n. m. sg. cstr. acc.	1) sheen	nr ḫrṣ 'the glitter of gold'.
# KTU 1.4 II:28							
157156	ḫrṣ	ḫrṣ  	ḫrṣ/	ḫrṣ	n. m. sg. abs. gen.	1) gold a) in general	
157157	šmḫ	šmḫ  	šmḫ[	/š-m-ḫ/	vb G suffc. 3 f. sg.	to be glad	'Lady Athirat of the Sea rejoices'.
157157	šmḫ	šmḫ  	!!šmḫ[/	/š-m-ḫ/	vb G inf.	to be glad, rejoice	EUPT: G-Inf. (narrative infinitive).
157158	rbt	rbt  	rb(t(I)/t	rbt (I)	n. f. sg. cstr. nom.	Lady	
157159	aṯrt	aṯ[rt]	aṯr(t(II)/t	ảṯrt (II)	DN f. sg. abs. gen.	ʾAṯiratu/Athirat/Asherah/El’s wife	
# KTU 1.4 II:29							
157160	ym	ym  	ym(II)/	ym (II)	n. m. sg. abs. gen.	sea	
157161	gm	gm  	g/~m	g	n. m. sg. + encl. -m	(loud) voice	gm l ġlmh 'aloud to her lad'.
157162	l	l 	l(I)	l (I)	prep.	to	
157163	ġlmh	ġlmh  	ġlm/+h	ġlm	n. m. sg. cstr. gen. + 3 f. sg. suff.	1) boy	
157164	k	k 	k(II)	k (II)	emph. functor	yes	Split k + tṣḥ written together: 'does she cry'. | Migrated from legacy reviewed tokenization.
157165	tṣḥ	[tṣḥ]	!t!ṣḥ[	/ṣ-ḥ/	vb G prefc. 3 f. sg.	to exclaim, shout	Split k + tṣḥ written together: 'does she cry'. | Migrated from legacy reviewed tokenization.
# KTU 1.4 II:30							
157166	ˤn	ʿn  	!!ˤn[	/ʕ-n/	vb G impv. m. sg.	to see, look (at), watch, spy	'Look, O skilled fisherman!'
157167	mkṯr	mkṯr  	mkṯr/	mkṯr	n. m. sg. cstr. nom.	expert	Vocative: 'O expert of the source of the sea' (DULAT II:30).
157168	apq	apq[ ] 	apq/	ảpq	n. m. sg. cstr. gen.	spring	DULAT (II:30): mkṯr apq[ym] 'expert of the source of the sea'. | Migrated from legacy reviewed tokenization.
157169	ym	[ym]	ym(II)/	ym (II)	n. m. sg. abs. gen.	sea	DULAT (II:30): mkṯr apq[ym] 'expert of the source of the sea'. | Migrated from legacy reviewed tokenization.
# KTU 1.4 II:31							
157170	dgy	dgy  	dgy/	dgy	n. m. sg. cstr. nom.	triton	dgy rbt aṯrt ym 'O fisherman of Lady Athirat of the Sea'.; EUPT/construct: bound to the following genitive.
157171	rbt	rbt  	rb(t(I)/t	rbt (I)	n. f. sg. cstr. gen.	Lady	
157172	aṯrt	aṯr[t  ]  	aṯr(t(II)/t	ảṯrt (II)	DN f. sg. cstr. gen.	ʾAṯiratu/Athirat/Asherah/El’s wife	
157173	ym	[ym]	ym(II)/	ym (II)	n. m. sg. abs. gen.	sea	
# KTU 1.4 II:32							
157174	qḥ	qḥ  	!!(lqḥ[	/l-q-ḥ/	vb G impv. m. sg.	to get hold of, take, grasp	'take a net in your hand'.
157175	rṯt	rṯt  	rṯ(t/t	rṯt	n. f. sg. abs. acc.	net	EUPT genders m.
157176	bdk	bdk  	bd(IV)+k	bd (IV)	prep. + 2 m. sg. suff.	1) into the hands of	bd (IV) 'into the hands of'.
157177	t	t[         ]           	?	?	?	?	Isolated/broken sign.
# KTU 1.4 II:33							
157178	rbt	rbt  	rb(t(II)/t	rbt (II)	n. f. sg. abs. acc.	seine	DULAT rbt (II) 'seine'.
157179	ˤl	ʿl  	ˤl(I)	ʕl (I)	prep.	1) spatial location or pre-eminence b) in	
157180	ydm	ydm[               ]               	yd(I)/m	yd (I)	n. f. du. abs. gen.	hand	ˤl ydm 'upon (your) hands'.
# KTU 1.4 II:34							
157181	b	b 	b	b	prep.	in	
157182	mdd	mdd  	mdd(I)/	mdd (I)	n. m. sg. cstr. gen.	beloved	mdd il ym 'the Beloved of El, Yammu'.
157183	il	il  	il(I)/	ỉl (I)	DN m. sg. cstr. gen.	ʾIlu/Ilu/El	
157184	ym	y[m            ]            	ym(II)/	ym (II)	DN m. sg. abs. gen.	day	mdd il ym 'the Beloved of El, Yammu' (// 1.3 III:38).
# KTU 1.4 II:35							
157185	b	b 	b	b	prep.	in	
157186	ym	ym  	ym(I)/	ym (I)	n. m. sg. cstr. gen.	day	Broken context (b ym il dn).
157187	il	il  	il(I)/	ỉl (I)	DN m. sg. cstr. gen.	ʾIlu/Ilu/El	
157188	d	d[               ]               	d	d	det. or rel. functor	the one(s) of	Migrated from legacy reviewed tokenization.
157189	n	[n]	~n	-n (I)	encl. morph.		DULAT: NOT FOUND | Migrated from legacy reviewed tokenization.
157189	n	[n]		-n (IV)	vb	him/her/it	DULAT: NOT FOUND | Migrated from legacy reviewed tokenization.
# KTU 1.4 II:36							
157190	hr	hr  	hr(I)/	hr (I)	n. m. sg. cstr. gen.	mountain	
157191	il	il  	il(I)/	ỉl (I)	DN m. sg. abs. gen.	ʾIlu/Ilu/El	
157192	y	y[                     ]                     	y	y	voc. functor	oh!	
# KTU 1.4 II:37							
157193	aliyn	aliyn  	aliyn/	ảlỉyn	adj. m. sg. abs. nom.	The Very / Most Powerful	
157194	bˤl	[bʿl                   ]                   	bˤl(II)/	bʕl (II)	DN m. sg. abs. nom.	Baʿlu/Baal	
# KTU 1.4 II:38							
157195	btlt	btlt  	btl(t/t	btlt	n. f. sg. cstr. nom.	virgin	
157196	ˤnt	[ʿnt                      ]                      	ˤn(t(I)/t	ʕnt (I)	DN f. sg. abs. nom.	ʿAnatu/Anat	
# KTU 1.4 II:39							
157197	mh	mh  	m&h	m(h)	interr. / indef. pn.	2) anything	
157198	kx	kx[                       ]                       	?	?	?	?	
# KTU 1.4 II:40							
157199	w	w 	w	w	conj.	and	
157200	at	at[                            ]                            	at(I)	ảt (I)	pers. pn. 2 m. sg.	you	
# KTU 1.4 II:41							
157201	aṯrt	aṯr[t                             ]                             	aṯr(t(II)/t	ảṯrt (II)	DN f. sg. abs. nom.	Asherah	Broken context; DULAT form aṯrt (I) 'nape' also possible.
# KTU 1.4 II:42							
157202	b	b 	b	b	prep.	in	
157203	im	im[                            ]                            	im	ỉm	conj.	if	
# KTU 1.4 II:43							
157204	bl	bl  	bl(I)	bl (I)	adv. / emph. functor	no	
157205	lx	lx[                          ]                          	?	?	?	?	
# KTU 1.4 II:44							
157206	mlk	mlk[                             ]                             	mlk(I)/	mlk (I)	n. m. sg. abs. nom.	king	
# KTU 1.4 II:45							
157207	dt	dt [                              ]                              	d~t	d	det. / rel. functor + encl. -t	the one(s) of	
# KTU 1.4 II:46							
157208	b	b 	b	b	prep.	in	
157209	ṭ	ṭ[                               ]                               	?	?	?	?	
# KTU 1.4 II:47							
157210	gt	gt [                              ]                              	g(t/t	gt	n. f. sg. abs.	gittu	
# KTU 1.4 II:48							
157211	yx	yx[                               ]                               	?	?	?	?	
# KTU 1.4 III:1							
157212	xh	[           ]xh	?	?	?	?	
# KTU 1.4 III:2							
157213	tdn	[           ]tdn	!t!dn[	/d-n/	vb G prefc. 3 m. sg.	to judge	
# KTU 1.4 III:3							
157214		[             ]             	?	?	?	?	Migrated from legacy reviewed tokenization.
157215	mdd	[m]dd	mdd(I)/	mdd (I)	n. m. sg. abs.	beloved	
# KTU 1.4 III:4							
157216	xn	[           ]xn    	?	?	?	?	
157217	kb	kb	kb(I)/	kb (I)	adj. m. abs.	sewn, scalloped, stuffed	
# KTU 1.4 III:5							
157218	x	[         ]x    	?	?	?	?	
157219	al	al  	al(I)	ảl (I)	neg. functor	no	
157220	yns	yns	!y!ns[	/n-s/	vb G prefc. 3 m. sg.	to flee	
# KTU 1.4 III:6							
157221	x	[        ]x    	?	?	?	?	
157222	ysdk	ysdk 	ysd/+k	ysd	n. m. sg. cstr. + 2 m. sg. suff.	?	DULAT cites ysd (entry '?') here.
# KTU 1.4 III:7							
157223	xxxxx	[xxxxx  ]  	?	?	?	?	
157224	w	w  	w	w	conj.	and	
157225	dr	dr  	dr/	dr	n. m. sg. cstr.	circle	
157226	dr	dr	dr/	dr	n. m. sg. abs. gen.	circle	w dr dr 'the (eternal) assembly'.
# KTU 1.4 III:8							
157227	xxxx	[xxxx  ]  	?	?	?	?	
157228		 	?	?	?	?	
157229	ḥyk	ḥyk  	ḥy(m&/+k	ḥym	n. m. pl. tant. cstr. + 2 m. sg. suff.	life	'your life'.
157230	w	w 	w	w	conj.	and	
157231	rḥ	rḥ  	rḥ(I)/	rḥ (I)	n. f. sg. abs.	2) gust	
157232	d	d	d	d	det. or rel. functor	the one(s) of	
# KTU 1.4 III:9							
157233	xxxxy	[xxx]xy    	?	?	?	?	
157234	ilm	ilm  	il(I)/m	ỉl (I)	n. m. pl. abs. nom.	god	
157234	ilm	ilm  	il(I)/~m	ỉl (I)	n. m. sg. abs. nom + encl. -m	god	bn ilm mt: il + encl. -m (sg. 'El/god'); EUPT reads sg. il + EP -m.
157235	d	d 	d	d	det. or rel. functor	4) in compound conjunctions	
157236	mlk	mlk	mlk(I)/	mlk (I)	n. m. sg. abs. nom.	king	
157236	mlk	mlk	mlk[	/m-l-k/	vb G suffc. 3 m. sg.	to reign, rule	DULAT cites /m-l-k/ + d here: 'the one who reigns'.
# KTU 1.4 III:10							
157237	yṯb	y[ṯ]b    	!y!ṯb[	/ṯ-b/	vb G prefc. 3 m. sg.	to return, turn round, go back, make one’s way, go through	DULAT files yṯb here s.v. /ṯ-b/; 'Mightiest Baal makes reply'.
157238	aliyn	aliyn  	aliyn/	ảlỉyn	adj. m. sg. abs. nom.	The Very / Most Powerful	
157239	bˤl	bʿl	bˤl(II)/	bʕl (II)	DN m. sg. abs. nom.	Baʿlu/Baal	
# KTU 1.4 III:11							
157240	ytˤdd	ytʿdd  	!y!]t]ˤdd[	/ʕ-d(-d)/	vb tD prefc. 3 m. sg.	to declare, communicate	DULAT /ʕ-d(-d)/ tD; 'the Rider of Clouds takes his stand'.
157241	rkb	rkb  	rkb(I)/	rkb (I)	n. m. sg. cstr. nom.	Charioteer	rkb ˤrpt 'Rider of the Clouds' (epithet of Baal).
157242	ˤrpt	ʿrpt	ˤrp(t/t=	ʕrpt	n. f. pl. tant. abs. gen.	cloud(s)	
# KTU 1.4 III:12							
157243	qm	qm  	qm[/	/q-m/	vb G act. ptcpl. m. sg. abs. nom.	to stand up	'a foe rises and reviles him'.
157244	ydd	ydd  	!y!(ndd[	/n-d-d/	vb G prefc. 3 m. sg.	to go, move	DULAT (III:12): ydd w yqlṣn 'he prepared to resist me'.
157244	ydd	ydd  	ydd(I)/	ydd (I)	adj. m. sg. abs. nom.	beloved	ydd = the Beloved-of-El (Mot), Baal's foe.
157245	w	w 	w	w	conj.	and	
157246	yqlṣn	yqlṣn	!y!qlṣ[~n	/q-l-ṣ/	vb G prefc. 3 m. sg. + energic -n	to resist, stand up to, oppose	
157246	yqlṣn	yqlṣn	!y!qlṣ[~n:d	/q-l-ṣ/	vb D prefc. 3 m. sg. + energic -n	to resist, stand up to, oppose	EUPT: D-stem (unwritten gemination; both viable).
# KTU 1.4 III:13							
157247	yqm	yqm  	!y!qm[	/q-m/	vb G prefc. 3 m. sg.	to stand up	
157248	w	w 	w	w	conj.	3) in the correlation protasis-apodosis	
157249	ywpṯn	ywpṯn  	!y!wpṯ[~n	/w-p-ṯ/	vb G prefc. 3 m. sg. + energic -n	to spit	'rises and spits at him'.
157249	ywpṯn	ywpṯn  	!y!wpṯ[~n:d	/w-p-ṯ/	vb D prefc. 3 m. sg. + energic -n	to spit	EUPT: D-stem (unwritten gemination; both viable).
157250	b	b 	b	b	prep.	in	
157251	tk	tk	tk/	tk	n. m. sg. cstr. gen.	1) in	
157251	tk	tk	tk	tk	prep.	in the midst of	DULAT: tk n. 'centre', also used as prep. (EUPT: Präp.).
# KTU 1.4 III:14							
157252	pḫr	pḫr  	pḫr(I)/	pḫr (I)	n. m. sg. cstr. gen.	1) assembly a) Assembly	b tk pḫr bn ilm 'in the midst of the assembly of the gods'.
157253	bn	bn  	bn(I)/	bn (I)	n. m. pl. cstr. gen.	son	
157254	ilm	ilm  	il(I)/m	ỉl (I)	n. m. pl. abs. gen.	god	
157254	ilm	ilm  	il(I)/~m	ỉl (I)	n. m. sg. abs. gen + encl. -m	god	bn ilm mt: il + encl. -m (sg. 'El/god'); EUPT reads sg. il + EP -m.
157255	štt	štt	št[t===:pass	/š-t/	vb Gpass suffc. 3 f. sg.	to place, set, set up, leave	DULAT: 'an unclean offering was placed on my table' (subject pglt).
157255	štt	štt	št[t===	/š-t/	vb G suffc. 3 f. sg.	to place, set, set up, leave	EUPT: G active, 'she set/placed'.
# KTU 1.4 III:15							
157256	pglt	p[gl]t    	pgl(t/t	pglt	n. f. sg. abs. nom.	unclean offering	
157257	b	b 	b	b	prep.	in	
157258	ṯlḥny	ṯlḥny  	ṯlḥn/+y	ṯlḥn	n. m. sg. cstr. gen. + 1 c. sg. suff.	table	'at my table'.
157259	qlt	qlt	ql(t(I)/t	qlt (I)	n. f. sg. abs. nom.	vileness	DULAT cites qlt (I) here: 'there was placed vileness in the cup I drink'.
# KTU 1.4 III:16							
157260	b	b 	b	b	prep.	in	
157261	ks	ks  	ks(I)/	ks (I)	n. m. sg. abs. gen.	cup	
157262	ištynh	ištynh	!(ʔ&i!šty[~n+h	/š-t-y/	vb G prefc. 1 c. sg. + energic-n + suff.	to drink	'in a cup I drank it'.
# KTU 1.4 III:17							
157263	dm	dm  	dm(I)	dm (I)	functor	since	
157264	ṯn	ṯn  	ṯn(I)/	ṯn (I)	num. cstr. acc.	1) the numeral two b) ge	ṯn dbḥm šna bˤl 'two sacrifices Baal hates'.
157265	dbḥm	dbḥm  	dbḥ/m	dbḥ	n. m. du. abs. acc.	1) sacrifice	
157266	šna	šna  	šn(ʔ&a[	/š-n-ʔ/	vb G suffc. 3 m. sg.	to hate, loathe	DULAT form šnả G suffc.
157267	bˤl	bʿl  	bˤl(II)/	bʕl (II)	DN m. sg. abs. nom.	Baʿlu/Baal	
157268	ṯlṯ	ṯlṯ	ṯlṯ(I)/	ṯlṯ (I)	num. cstr. acc.	1) the numeral three a) elliptical syntagms	'three the Rider of Clouds (hates)'.
# KTU 1.4 III:18							
157269	rkb	rkb  	rkb(I)/	rkb (I)	n. m. sg. cstr. nom.	Charioteer	
157270	ˤrpt	ʿrpt  	ˤrp(t/t=	ʕrpt	n. f. pl. tant. abs. gen.	cloud(s)	
157271	dbḥ	dbḥ	dbḥ/	dbḥ	n. m. sg. cstr. acc.	1) sacrifice	dbḥ bṯt 'a sacrifice of shame'.
# KTU 1.4 III:19							
157272	bṯt	bṯt  	bṯ(t(I)/t	bṯt (I)	n. f. sg. abs. gen.	shame	
157273	w	w 	w	w	conj.	and	
157274	dbḥ	dbḥ { }  	dbḥ/	dbḥ	n. m. sg. abs. acc.	sacrifice	
157275	w	{w } 	w	w	conj.	and	
157276	dbḥ	{dbḥ}	dbḥ/	dbḥ	n. m. sg. cstr. acc.	sacrifice	
# KTU 1.4 III:20							
157277	dnt	dnt  	dn(t(I)/t	dnt (I)	n. f. sg. abs. gen.	lechery, fornication	Baal's hated feasts (III:17-21).
157278	w	w 	w	w	conj.	and	
157279	dbḥ	dbḥ  	dbḥ/	dbḥ	n. m. sg. cstr. acc.	sacrifice	
157280	tdmm	tdmm	tdmm/	tdmm	n. m. sg. cstr. gen.	lascivious	dbḥ tdmm amht 'a sacrifice of the debauchery of handmaids'.
# KTU 1.4 III:21							
157281	amht	amht  	am&h(t/t=	ảmt (I)	n. f. pl. abs. gen.	1) female slave	'the lewdness of handmaids'.
157282	k	k 	k(III)	k (III)	subordinating / completive functor	when, if, because, since, as, that	'for therein is shame'.
157283	bh	bh  	b+h	b	prep. + 3 m. sg. suff.	in	'in it'.
157284	bṯt	bṯt  	bṯ(t(I)/t	bṯt (I)	n. f. sg. abs. nom.	shame	
157285	l	l 	l(III)	l (III)	functor	certainly	
157286	tbṭ	tbṭ	!t!(nbṭ[	/n-b-ṭ/	vb G prefc. 3 f. sg.	to appear, arise, be obvious	'shame indeed appears'.
# KTU 1.4 III:22							
157287	w	w 	w	w	conj.	and	
157288	bh	bh  	b+h	b	prep. + 3 m. sg. suff.	in	
157289	tdmmt	tdmmt  	tdmm(t/t	tdmmt	n. f. sg. abs. nom.	lasciviousness	
157290	amht	amht	am&h(t/t=	ảmt (I)	n. f. pl. abs. nom.	(female) slave	'and in it the lewdness of handmaids'.
# KTU 1.4 III:23							
157291	aḫr	aḫr  	aḫr	ảḫr	adv./conj.	3) after	'after Mightiest Baal arrives'.
157292	mġy	mġy  	mġy[	/m-ġ-y/	vb G suffc. 3 m. sg.	to come, arrive	
157293	aliyn	aliyn  	aliyn/	ảlỉyn	adj. m. sg. abs. nom.	The Very / Most Powerful	
157294	bˤl	bʿl	bˤl(II)/	bʕl (II)	DN m. sg. abs. nom.	Baʿlu/Baal	
# KTU 1.4 III:24							
157295	mġyt	mġyt  	mġy[t	/m-ġ-y/	vb G suffc. 3 f. sg.	to come	Subject Virgin Anat; 3 f. sg.
157296	btlt	btlt  	btl(t/t	btlt	n. f. sg. cstr. nom.	virgin	
157297	ˤnt	ʿnt	ˤn(t(I)/t	ʕnt (I)	DN f. sg. abs. nom.	ʿAnatu/Anat	
# KTU 1.4 III:25							
157298	tmgnn	tmgnn  	!t!mgn[:d~n	/m-g-n/	vb D prefc. 3 m. du. + energic -n	to wine and dine, regale, welcome	Baal and Anat regale Athirat; DULAT cites tmgnn here.
157299	rbt	rbt  	rb(t(I)/t	rbt (I)	n. f. sg. cstr. acc.	Lady	
157300	aṯrt	aṯrt 	aṯr(t(II)/t	ảṯrt (II)	DN f. sg. abs. gen.	ʾAṯiratu/Athirat/Asherah/El’s wife	
157301	ym	ym	ym(II)/	ym (II)	n. m. sg. abs. gen.	sea	
# KTU 1.4 III:26							
157302	tġẓyn	tġẓyn  	!t!ġẓy[:d~n	/ġ-ẓ-y/	vb D prefc. 3 m. du. + energic -n	1) to win over	
157303	qnyt	qnyt 	qny[/t	/q-n-y/	vb G act. ptcpl. f. sg. cstr. acc.	to acquire	qnyt ilm 'Creatress of the gods'.
157304	ilm	ilm	il(I)/m	ỉl (I)	n. m. pl. abs. gen.	god	
# KTU 1.4 III:27							
157305	w	w 	w	w	conj.	and	
157306	tˤn	tʿn  	!t!ˤn(y[	/ʕ-n-y/ (I)	vb G prefc. 3 f. sg.	to answer	Athirat answers; 3 f. sg.
157307	rbt	rbt  	rb(t(I)/t	rbt (I)	n. f. sg. cstr. nom.	Lady	
157308	aṯrt	aṯrt 	aṯr(t(II)/t	ảṯrt (II)	DN f. sg. abs. gen.	ʾAṯiratu/Athirat/Asherah/El’s wife	
157309	ym	ym	ym(II)/	ym (II)	n. m. sg. abs. gen.	sea	
# KTU 1.4 III:28							
157310	ik	ik  	ik	ỉk	interr. functor	how?	
157311	tmgnn	tmgnn  	!t=!mgn[:d~n	/m-g-n/	vb D prefc. 2 m. du. + energic -n	to wine and dine, regale, welcome	Athirat: 'how is it that you two regale...?'; 2 m. du.
157312	rbt	rbt	rb(t(I)/t	rbt (I)	n. f. sg. cstr. acc.	Lady	
# KTU 1.4 III:29							
157313	aṯrt	aṯrt  	aṯr(t(II)/t	ảṯrt (II)	DN f. sg. abs. gen.	ʾAṯiratu/Athirat/Asherah/El’s wife	
157314	ym	ym  	ym(II)/	ym (II)	n. m. sg. abs. gen.	sea	
157315	tġẓyn	tġẓyn	!t=!ġẓy[:d~n	/ġ-ẓ-y/	vb D prefc. 2 m. du. + energic -n	to win over	
# KTU 1.4 III:30							
157316	qnyt	qnyt  	qny[/t	/q-n-y/	vb G act. ptcpl. f. sg. cstr. acc.	to acquire	
157317	ilm	ilm  	il(I)/m	ỉl (I)	n. m. pl. abs. gen.	god	
157318	mgntm	mgntm	mgn[tm:d	/m-g-n/	vb D suffc. 2 m. du.	to wine and dine, regale, welcome	'have you (two) regaled Bull El...?'
# KTU 1.4 III:31							
157319	ṯr	ṯr  	ṯr(I)/	ṯr (I)	n. m. sg. cstr. acc.	bull	
157320	il	il  	il(I)/	ỉl (I)	DN m. sg. abs. acc.	ʾIlu/Ilu/El	
157321	d	d 	d	d	det. or rel. functor	the one(s) of	
157322	pid	pid  	pid/	pỉd	n. m. sg. abs. gen.	heart	d pid 'the Benevolent'.
157323	hm	hm  	hm(II)	hm (II)	interr. functor	2) perhaps …? (interr. functor) b) in compound question	
157324	ġẓtm	ġẓtm	ġẓ(y[tm	/ġ-ẓ-y/	vb G suffc. 2 m. du.	to win over	'or have you beseeched the Creator of Creatures?'
157324	ġẓtm	ġẓtm	ġẓ(y[tm:d	/ġ-ẓ-y/	vb D suffc. 2 m. du.	to win over	EUPT: D-stem (unwritten gemination; both viable).
# KTU 1.4 III:32							
157325	bny	bny  	bny/	bny	n. m. sg. cstr. acc.	architect	bny bnwt 'Creator of Creatures'.
157326	bnwt	bnwt 	bn&w(t(II)/t=	bnt (II)	n. f. pl. abs. gen.	produce	
157327	w	w 	w	w	conj.	and	
157328	tˤn	tʿn	!t!ˤn(y[	/ʕ-n-y/ (I)	vb G prefc. 3 f. sg.	to answer	Virgin Anat answers; 3 f. sg.
# KTU 1.4 III:33							
157329	btlt	btlt  	btl(t/t	btlt	n. f. sg. cstr. nom.	virgin	
157330	ˤnt	ʿnt  	ˤn(t(I)/t	ʕnt (I)	DN f. sg. abs. nom.	ʿAnatu/Anat	
157331	nmgn	nmgn	!n!mgn[:d	/m-g-n/	vb D prefc. 1 c. pl.	to wine and dine, regale, welcome	'we shall (first) regale...'; 1 c. pl.
# KTU 1.4 III:34							
157332	km	km  	km	km	prep.	like	Broken sense; km.
157333	rbt	rbt  	rb(t(I)/t	rbt (I)	n. f. sg. cstr. gen.	Lady	
157334	aṯrt	aṯrt  	aṯr(t(II)/t	ảṯrt (II)	DN f. sg. abs. gen.	ʾAṯiratu/Athirat/Asherah/El’s wife	
157335	ym	ym	ym(II)/	ym (II)	n. m. sg. abs. gen.	sea	
# KTU 1.4 III:35							
157336	nġẓ	[n]ġẓ    	!n!ġẓ(y[	/ġ-ẓ-y/	vb G prefc. 1 c. pl.	to win over	'we shall beseech the Creatress of the gods'.
157337	qnyt	qnyt  	qny[/t	/q-n-y/	vb G act. ptcpl. f. sg. cstr. acc.	to acquire	
157338	ilm	ilm	il(I)/m	ỉl (I)	n. m. pl. abs. gen.	god	
# KTU 1.4 III:36							
157339	aḫr	[aḫ]r    	aḫr	ảḫr	adv./conj.	afterwards	
157340	nmgn	nmgn  	!n!mgn[:d	/m-g-n/	vb D prefc. 1 c. pl.	to wine and dine	'afterwards we shall regale him'.
157341	hwt	hwt	hw&t	hw	pers. pn.	1) he	Oblique hwt 'him' (// 1.1 III:3): 'we shall regale him'.
# KTU 1.4 III:37							
157342	xxx	[xxx]    	?	?	?	?	
157343	aliyn	aliyn  	aliyn/	ảlỉyn	adj. m. sg. abs. nom.	The Very / Most Powerful	
157344	bˤl	bʿl	bˤl(II)/	bʕl (II)	DN m. sg. abs. nom.	Baʿlu/Baal	
# KTU 1.4 III:38							
157345	xxxrbt	[xxx ]rbt    	?	?	?	?	
157346	aṯrt	aṯrt  	aṯr(t(II)/t	ảṯrt (II)	DN f. sg. cstr. nom.	ʾAṯiratu/Athirat/Asherah/El’s wife	
157347	ym	ym	ym(II)/	ym (II)	n. m. sg. abs. gen.	sea	
# KTU 1.4 III:39							
157348	xxxbtlt	[xxx ]btlt    	?	?	?	?	
157349	ˤnt	ʿnt	ˤn(t(I)/t	ʕnt (I)	DN f. sg. abs. nom.	ʿAnatu/Anat	
# KTU 1.4 III:40							
157350	xxx	[xxx  ]  	?	?	?	?	'they eat' (feast formula). | Migrated from legacy reviewed tokenization.
157351	tlḥm	[tl]ḥm    	!t!lḥm[:w	/l-ḥ-m/ (I)	vb G prefc. 3 m. pl.	to eat	'they eat' (feast formula). | Migrated from legacy reviewed tokenization.
157352	tšty	tšty	!t!šty[:w	/š-t-y/	vb G prefc. 3 m. pl.	to drink	Feast formula: 'the gods eat and drink'.
# KTU 1.4 III:41							
157353	ilm	[ilm  ]  	il(I)/m	ỉl (I)	n. m. pl. abs. nom.	god	
157354	w	[w ] 	w	w	conj.	and	
157355	tpq	[tp]q    	!t!pq[:w	/p-q/	vb G prefc. 3 m. pl.	to obtain	'a suckling is provided'.
157356	mrġṯm	mrġṯm	mrġṯ/m	mrġṯ	n. m. pl. abs. acc.	suckling	
# KTU 1.4 III:42							
157357	ṯd	[ṯd  ]  	ṯd/	ṯd	n. m. sg. abs. gen.	breast	mrġṯm ṯd 'sucklings of the teat' (DULAT).
157358	b	[b ] 	b	b	prep.	in	
157359	ḥrb	[ḥrb  ]  	ḥrb/	ḥrb	n. f. sg. abs. gen.	knife	EUPT genders m.
157360	mlḥt	[m]lḥt    	mlḥ(t/t	mlḥt	n. f. sg. abs. gen.	salt	b ḥrb mlḥt 'with a salted knife'.
157361	qṣ	qṣ	qṣ/	qṣ	n. m. sg. cstr. acc.	fillet (of meat)	qṣ mri 'a fillet of fatling' (DULAT qṣ, sense 2).
# KTU 1.4 III:43							
157362	mri	[mri  ]  	mr(u(I)/&i	mrủ (I)	n. m. sg. abs. gen.	fattened	
157363	tšty	[tšty  ]  	!t!šty[:w	/š-t-y/	vb G prefc. 3 m. pl.	to drink	
157364	krpnm	krpnm 	krpn/m	krpn	n. m. pl. abs. acc.	cup	'they drink wine from goblets'.
157365	yn	yn	yn/	yn	n. m. sg. abs. acc.	wine	
# KTU 1.4 III:44							
157366	w	[w ] 	w	w	conj.	and	
157367	b	[b ] 	b	b	prep.	in	
157368	ks	[ks  ]  	ks(I)/	ks (I)	n. m. sg. cstr. gen.	cup	
157369	ḫrṣ	[ḫrṣ  ]  	ḫrṣ/	ḫrṣ	n. m. sg. abs. gen.	gold	b ks ḫrṣ 'from a cup of gold'.
157370	dm	[d]m    	dm(II)/	dm (II)	n. m. sg. cstr. acc.	blood	dm ˤṣm 'the blood of trees' = wine.
157371	ˤṣm	ʿṣm	ˤṣ/m	ʕṣ	n. m. pl. abs. gen.	tree	
# KTU 1.4 III:45							
157372	xx	[                  ]xx[  ]  	?	?	?	?	
# KTU 1.4 III:46							
157373		[                       ]                       	?	?	?	?	
# KTU 1.4 III:47							
157374		[                       ]                       	?	?	?	?	
# KTU 1.4 III:48							
157375		[                       ]                       	?	?	?	?	
# KTU 1.4 III:49							
157376		[                       ]                       	?	?	?	?	
# KTU 1.4 III:50							
157377		[                       ]                       	?	?	?	?	
# KTU 1.4 III:51							
157378		[                       ]                       	?	?	?	?	
# KTU 1.4 III:52							
157379	xxḥ	[                        ]xxḥ	?	?	?	?	
# KTU 1.4 III:53							
157380	x	[                        ]x	?	?	?	?	
# KTU 1.4 III:54							
157381	ˤln	[                       ]ʿln	ˤl(I)~n	ʕl (I)	prep. + encl. -n	upon	
# KTU 1.4 III:55							
157382	ln	[                       ]ln	l(I)~n	l (I)	prep. + encl. -n	to	
# KTU 1.4 IV:1							
157383	ṯr	ṯr[ ] 	ṯr(I)/	ṯr (I)	n. m. sg. cstr. nom.	bull	Vocative: 'O Bull El our father!'. | Migrated from legacy reviewed tokenization.
157384	il	[il  ]  	il(I)/	ỉl (I)	DN m. sg. abs. gen.	god	Vocative: 'O Bull El our father!'. | Migrated from legacy reviewed tokenization.
157385	abn	[abn  ]  	ab/+n	ảb	n. m. sg. cstr. nom. + 1 c. pl. suff.	father	'our father'.
157386	w	[w ] 	w	w	conj.	and	
157387	tˤn	[tʿn  ]  	!t!ˤn(y[	/ʕ-n-y/ (I)	vb G prefc. 3 f. sg.	to answer	Lady Athirat answers; 3 f. sg.
157388	rbt	[rbt]	rb(t(I)/t	rbt (I)	n. f. sg. cstr. nom.	Lady	
# KTU 1.4 IV:2							
157389	aṯrt	aṯr[t  ]  	aṯr(t(II)/t	ảṯrt (II)	DN f. sg. cstr. gen.	ʾAṯiratu/Athirat/Asherah/El’s wife	
157390	ym	[ym  ]  	ym(II)/	ym (II)	n. m. sg. abs. gen.	sea	
157391	šmˤ	[šmʿ  ]  	!!šmˤ[	/š-m-ʕ/	vb G impv. m. sg.	to hear, listen (to), notice	'Listen, O Qudšu-wa-Amruru!' (Athirat commands her servant).
157391	šmˤ	[šmʿ  ]  	šmˤ/	šmʕ	n. m. sg. abs. nom.	attendant	Noun reading: 'the attendant Qudšu-wa-Amrur'.
157392	l	[l ] 	l(IV)	l (IV)	interj.	oh!	šmˤ l qdš 'Listen, O Qudšu-...!' (// 1.3 VI:10 l dgy).
157393	qdš	[qdš]	qdš(III)/	qdš (III)	DN m. sg. abs. nom.	the Holy One	One of Athirat's two messenger-servants (qdš w amrr).
# KTU 1.4 IV:3							
157394	w	w 	w	w	conj.	and	
157395	amrr	amr[r  ]  	amrr/	ảmrr	DN m. sg. abs. nom.	“Blessed”, one of the two messenger-boys of the goddess ảṯrt	The other messenger of Athirat.
157396	l	[l ] 	l(IV)	l (IV)	interj.	oh!	
157397	dgy	[dgy  ]  	dgy/	dgy	n. m. sg. cstr. nom.	triton	Vocative: 'O fisherman of Lady Athirat of the Sea'.
157398	rbt	[rbt]	rb(t(I)/t	rbt (I)	n. f. sg. cstr. gen.	Lady	
# KTU 1.4 IV:4							
157399	aṯrt	aṯrt  	aṯr(t(II)/t	ảṯrt (II)	DN f. sg. cstr. gen.	ʾAṯiratu/Athirat/Asherah/El’s wife	
157400	ym	ym[  ]  	ym(II)/	ym (II)	n. m. sg. abs. gen.	sea	
157401	mdl	[mdl  ]  	mdl(I)/	mdl (I)	n. m. sg. cstr. acc.	riding gear	mdl ˤr 'harness the donkey'.
157402	ˤr	[ʿr]	ˤr(II)/	ʕr (II)	n. m. sg. abs. acc.	donkey	
# KTU 1.4 IV:5							
157403	ṣmd	ṣmd  	!!ṣmd[	/ṣ-m-d/	vb G impv. m. sg.	to harness, yoke	
157404	pḥl	pḥl  	pḥl/	pḥl	n. m. sg. abs. acc.	ass	
157405	št	š[t  ]  	!!št[	/š-t/	vb G impv. m. sg.	to place, set, set up, leave	št gpnm 'put on the trappings'.
157406	gpnm	[gpnm  ]  	gpn(II)/m	gpn (II)	n. m. du. abs. acc.	harness	
157407	dt	[dt]	d~t	d	det. / rel. functor + encl. -t	the one(s) of	
# KTU 1.4 IV:6							
157408	ksp	ksp  	ksp/	ksp	n. m. sg. abs. gen.	silver	
157409	dt	dt  	d~t	d	det. / rel. functor + encl. -t	the one(s) of	
157410	yrq	yrq[  ]  	yrq/	yrq	n. m. sg. cstr. gen.	greenish yellow (a metal / gold)	dt yrq nqbnm 'of gold the harness-fittings'.
157411	nqbnm	[nqbnm]	nqbn/m	nqbn	n. m. pl. abs. acc.	caparison	
# KTU 1.4 IV:7							
157412	ˤdb	ʿdb  	!!ˤdb[	/ʕ-d-b/	vb G impv. m. sg.	to leave > to put in > to place	ˤdb gpn atnty 'prepare the harness of my she-ass'.
157413	gpn	gpn  	gpn(II)/	gpn (II)	n. m. sg. cstr. acc.	harness	
157414	atnty	atnt[y]	atn(I)/t+y	ảtn (I)	n. f. sg. cstr. gen. + 1 c. sg. suff.	donkey, she-ass	ảtnt 'she-ass' = fem. of ảtn (I).
# KTU 1.4 IV:8							
157415	yšmˤ	yšmʿ  	!y!šmˤ[	/š-m-ʕ/	vb G prefc. 3 m. sg.	to hear	'Qudšu-wa-Amrur obeys'.
157416	qdš	qd<š>    	qdš(III)/	qdš (III)	DN m. sg. abs. nom.	the Holy One	
157417	w	w 	w	w	conj.	and	
157418	amrr	amrr	amrr/	ảmrr	DN m. sg. cstr. nom.	“Blessed”, one of the two messenger-boys of the goddess ảṯrt	
# KTU 1.4 IV:9							
157419	mdl	mdl  	mdl(I)/	mdl (I)	n. m. sg. cstr. acc.	riding gear	
157419	mdl	mdl  	mdl[	/m-d-l/	vb G suffc. 3 m. sg.	riding gear	EUPT: G suffc. 'he harnessed'.
157420	ˤr	ʿr  	ˤr(II)/	ʕr (II)	n. m. sg. abs. acc.	donkey	
157421	ṣmd	ṣmd  	ṣmd[	/ṣ-m-d/	vb G suffc. 3 m. sg.	to harness, yoke	ṣmd pḥl 'he harnesses the ass' (vb, // IV:5).
157422	pḥl	pḥl	pḥl/	pḥl	n. m. sg. abs. acc.	ass	
# KTU 1.4 IV:10							
157423	št	št  	št[	/š-t/	vb G suffc. 3 m. sg.	to place, set, set up, leave	
157424	gpnm	gpnm  	gpn(II)/m	gpn (II)	n. m. du. abs. acc.	harness	
157425	dt	dt  	d~t	d	det. / rel. functor + encl. -t	1) the one(s) of a) det. of quality	
157426	ksp	ksp	ksp/	ksp	n. m. sg. abs. gen.	silver	
# KTU 1.4 IV:11							
157427	dt	dt  	d~t	d	det. / rel. functor + encl. -t	the one(s) of	
157428	yrq	yrq  	yrq/	yrq	n. m. sg. cstr. gen.	greenish yellow (a metal / gold)	
157429	nqbnm	nqbnm	nqbn/m	nqbn	n. m. pl. abs. acc.	caparison	
# KTU 1.4 IV:12							
157430	ˤdb	ʿdb  	ˤdb[	/ʕ-d-b/	vb G suffc. 3 m. sg.	to leave > to put in > to place	
157431	gpn	gpn  	gpn(II)/	gpn (II)	n. m. sg. cstr. acc.	harness	
157432	atnth	atnth	atn(I)/t+h	ảtn (I)	n. f. sg. cstr. gen. + 3 f. sg. suff.	donkey, she-ass	'the harness of her she-ass'.
# KTU 1.4 IV:13							
157433	yḥbq	yḥbq  	!y!ḥbq[	/ḥ-b-q/	vb G prefc. 3 m. sg.	to embrace, take in one’s arms, cover	
157434	qdš	qdš  	qdš(III)/	qdš (III)	DN m. sg. abs. nom.	the Holy One	
157435	w	w 	w	w	conj.	and	
157436	amrr	amrr	amrr/	ảmrr	DN m. sg. abs. nom.	“Blessed”, one of the two messenger-boys of the goddess ảṯrt	
# KTU 1.4 IV:14							
157437	yštn	yštn  	!y!št[~n	/š-t/	vb G prefc. 3 m. sg. + energic -n	to place, set, set up, leave	'he sets Athirat on the donkey's back'.
157438	aṯrt	aṯrt  	aṯr(t(II)/t	ảṯrt (II)	DN f. sg. abs. acc.	Asherah	
157439	l	l 	l(I)	l (I)	prep.	to	
157440	bmt	bmt  	bm(t/t	bmt	n. f. sg. cstr. gen.	back	
157441	ˤr	ʿr	ˤr(II)/	ʕr (II)	n. m. sg. abs. gen.	donkey	
# KTU 1.4 IV:15							
157442	l	l 	l(I)	l (I)	prep.	to	
157443	ysmsmt	ysmsmt  	ysmsm(t/t	ysmsmt	n. f. sg. cstr. gen.	handsomeness	l ysmsmt bmt pḥl 'on the comely back of the ass'.
157444	bmt	bmt  	bm(t/t	bmt	n. f. sg. cstr. gen.	back	
157445	pḥl	pḥl	pḥl/	pḥl	n. m. sg. cstr. gen.	ass	
# KTU 1.4 IV:16							
157446	qdš	qdš  	qdš(III)/	qdš (III)	DN m. sg. abs. nom.	the Holy One	Athirat's servant Qudšu (qdš-w-ảmrr).
157447	yuḫdm	yuḫdm  	!y!(ʔ&uḫd[~m	/ʔ-ḫ-d(/ḏ)/	vb G prefc. 3 m. sg. + encl. -m	to collect, to take (back), grasp, seize, hold	'Qudšu takes hold (and) lights the way'.
157448	šbˤr	šbʿr	]š]bˤr(I)[	/b-ʕ-r/ (I)	vb Š suffc. 3 m. sg.	1) to illuminate	DULAT /b-ʕ-r/ (I) Š 'to illuminate/lead'.
# KTU 1.4 IV:17							
157449	amrr	amrr  	amrr/	ảmrr	DN m. sg. abs. nom.	“Blessed”, one of the two messenger-boys of the goddess ảṯrt	
157450	k	k 	k(I)	k (I)	prep.	like	
157451	kbkb	kbkb  	kbkb/	kbkb	n. m. sg. abs. gen.	1) heavenly body	amrr k kbkb l pnm 'Amrur like a star in front'.
157452	l	l 	l(I)	l (I)	prep.	to	
157453	pnm	pnm	pn(m/m	pnm	n. m. pl. tant. abs. gen.	in front	
# KTU 1.4 IV:18							
157454	aṯr	aṯr  	aṯr(I)	ảṯr (I)	adv. / prep.	1) adv b) (of place) behind	aṯr btlt ˤnt 'behind, Virgin Anat'.
157455	btlt	btlt  	btl(t/t	btlt	n. f. sg. cstr. gen.	virgin	
157456	ˤnt	ʿnt	ˤn(t(I)/t	ʕnt (I)	DN f. sg. abs. gen.	ʿAnatu/Anat	
# KTU 1.4 IV:19							
157457	w	w 	w	w	conj.	and	
157458	bˤl	bʿl  	bˤl(II)/	bʕl (II)	DN m. sg. abs. nom.	Baʿlu/Baal	
157459	tbˤ	tbʿ  	tbˤ[	/t-b-ʕ/	vb G suffc. 3 m. sg.	to go, leave, depart	'and Baal departs for the heights of Zaphon'.
157460	mrym	mrym  	mrym/	mrym	n. m. sg. cstr. acc.	height	
157461	ṣpn	ṣpn	ṣpn/	ṣpn	TN/DN sg. abs. gen.	Ṣapānu/Zaphon/the mountain dwelling of bʕl deified	
# KTU 1.4 IV:20							
157462	idk	idk  	idk	ỉdk	narrative adv. functor	then	
157463	l	l 	l(III)	l (III)	functor	certainly	Journey formula: idk l ttn pnm.
157464	ttn	ttn  	!t!(ytn[	/y-t-n/	vb G prefc. 3 f. sg.	to give	Athirat 'sets her face toward El'; 3 f. sg.
157465	pnm	pnm	pn(m/m	pnm	n. m. pl. tant. abs. acc.	face	
# KTU 1.4 IV:21							
157466	ˤm	ʿm  	ˤm(I)	ʕm (I)	prep.	1) relationship of direction (space and time)	
157467	il	il  	il(I)/	ỉl (I)	DN m. sg. abs. gen.	ʾIlu/Ilu/El	
157468	mbk	mbk  	mbk/	mbk	n. m. sg. cstr. gen.	source	mbk nhrm 'the springs of the two rivers'.
157469	nhrm	nhrm	nhr/m	nhr	n. m. du. abs. gen.	1) river	
# KTU 1.4 IV:22							
157470	qrb	qrb  	qrb/	qrb	n. m. sg. cstr. gen.	1) inside	
157471	apq	apq  	apq/	ảpq	n. m. sg. cstr. gen.	spring	
157472	thmtm	thmtm	thm(t/tm	thmt	n. f. du. abs. gen.	Primordial Ocean	qrb apq thmtm 'amid the streams of the two deeps'.; EUPT genders m.
# KTU 1.4 IV:23							
157473	tgly	tgly  	!t!gly[	/g-l-y/	vb G prefc. 3 f. sg.	to present oneself, make one’s way, go > to leave, to go into exile > to go into exile > to emigrate > to cause somebody to go forth > in die Verbannung gehen > to reveal > go forth > sich zeigen	DULAT: G or N; Athirat arrives at El's abode.
157474	ḏd	ḏd  	ḏd(II)/	ḏd (II)	n. m. sg. cstr. acc.	grotto, cave	ḏd il 'the grotto of El'.
157475	il	il  	il(I)/	ỉl (I)	DN m. sg. abs. gen.	ʾIlu/Ilu/El	
157476	w	w 	w	w	conj.	and	
157477	tbu	tbu	!t!b(ʔ[&u	/b-ʔ/	vb G prefc. 3 f. sg.	to enter	
# KTU 1.4 IV:24							
157478	qrš	qrš  	qrš/	qrš	n. m. sg. cstr. acc.	private room	qrš mlk 'the tent of the King' (El).
157479	mlk	mlk  	mlk(I)/	mlk (I)	n. m. sg. abs. gen.	1) king e) part of the divine titulary (cf. Rahmouni DEAUT 4ff.)	
157480	ab	ab  	ab/	ảb	n. m. sg. cstr. gen.	1) father b) espec. of El (Rahmouni DEUAT 3ff.)	
157481	šnnm	šn[[n]]m	šn&nm/	šnm	DN sg. abs. gen.	Šunama/Shunama/second member of the double-barrelled divine name ṯkmn w šnm, origin unknown	ab šnm 'Father of Šunama'; surface šnnm has an extra n.
# KTU 1.4 IV:25							
157482	l	l 	l(I)	l (I)	prep.	to	
157483	pˤn	pʿn  	pˤn/	pʕn	n. f. du. cstr. gen.	at the feet of	l pˤn il 'at the feet of El'.
157484	il	il  	il(I)/	ỉl (I)	DN m. sg. abs. gen.	ʾIlu/Ilu/El	
157485	thbr	thbr  	!t!hbr[	/h-b-r/	vb G prefc. 3 f. sg.	to bow	
157486	w	w 	w	w	conj.	and	
157487	tql	tql	!t!ql[	/q-l/	vb G prefc. 3 f. sg.	to fall (down)	
# KTU 1.4 IV:26							
157488	tštḥwy	tštḥwy  	!t!]š]]t]ḥwy(II)[	/ḥ-w-y/ (II)	vb Št prefc. 3 f. sg.	to prostrate oneself	
157489	w	w 	w	w	conj.	and	
157490	tkbdh	tkbdh	!t!kbd[:d+h	/k-b-d/	vb D prefc. 3 f. sg. + 3 m. sg. suff.	to honour, to pay homage to, welcome	
# KTU 1.4 IV:27							
157491	hlm	hlm  	hlm	hlm	conj. functor	1) and so	'And so, when El sees her'.
157492	il	il  	il(I)/	ỉl (I)	DN m. sg. abs. nom.	ʾIlu/Ilu/El	
157493	k	k 	k(II)	k (II)	emph. functor	yes	
157494	yphnh	yphnh	!y!ph(y[~n+h	/p-h-y/	vb G prefc. 3 m. sg. + 3 f. sg. suff.	to see, espy	'when El espies her'.
# KTU 1.4 IV:28							
157495	yprq	yprq  	!y!prq[	/p-r-q/	vb G prefc. 3 m. sg.	to release	yprq lṣb 'he unknits his brow and laughs'.
157496	lṣb	lṣb  	lṣb/	lṣb	n. m. sg. abs. acc.	brow	
157497	w	w 	w	w	conj.	and	
157498	yṣḥq	yṣḥq	!y!ṣḥq[	/ṣ-ḥ-q/	vb G prefc. 3 m. sg.	to laugh	
# KTU 1.4 IV:29							
157499	pˤnh	pʿnh  	pˤn/+h	pʕn	n. f. du. cstr. acc.	1) foot a) tdʕṣ pʕnm she pressed (?) (her) feet (down)	
157500	l	l 	l(I)	l (I)	prep.	to	
157501	hdm	hdm  	hdm/	hdm	n. m. sg. abs. gen.	footstool	
157502	yṯpd	yṯpd  	!y!ṯpd[	/ṯ-p-d/	vb G prefc. 3 m. sg.	to place, rest	'his feet he sets on the footstool'.
157503	w	w 	w	w	conj.	and	
157504	ykrkr	ykrkr	!y!krkr[	/k-r-k-r/	vb R prefc. 3 m. sg.	to twist, twiddle	'and he twiddles his fingers'.
# KTU 1.4 IV:30							
157505	uṣbˤth	uṣbʿth  	uṣbˤ(t/t=+h	ủṣbʕ	n. f. pl. cstr. acc. + 3 m. sg. suff.	finger; claw	'his fingers'.; EUPT genders m.
157506	yšu	yšu  	!y!(nš(ʔ[&u	/n-š-ʔ/	vb G prefc. 3 m. sg.	to raise	
157507	gh	gh  	g/+h	g	n. m. sg. cstr. acc.	(loud) voice	
157508	w	w 	w	w	conj.	and	
157509	yṣḥ	yṣ[ḥ]	!y!ṣḥ[	/ṣ-ḥ/	vb G prefc. 3 m. sg.	to exclaim	
# KTU 1.4 IV:31							
157510	ik	ik  	ik	ỉk	interr. functor	how?	
157511	mġyt	mġyt  	mġy[t	/m-ġ-y/	vb G suffc. 3 f. sg.	to come	El: 'how has Lady Athirat come?'; 3 f. sg.
157512	rbt	rbt  	rb(t(I)/t	rbt (I)	n. f. sg. cstr. nom.	Lady	
157513	aṯrt	aṯr[t  ]  	aṯr(t(II)/t	ảṯrt (II)	DN f. sg. abs. gen.	ʾAṯiratu/Athirat/Asherah/El’s wife	
157514	ym	[y]m	ym(II)/	ym (II)	n. m. sg. abs. gen.	sea	
# KTU 1.4 IV:32							
157515	ik	ik  	ik	ỉk	interr. functor	how?	
157516	atwt	atwt  	(ʔ&atw[t	/ʔ-t-w/	vb G suffc. 3 f. sg.	to come, go	'how has the Creatress of the gods arrived?'; 3 f. sg.
157517	qnyt	qnyt  	qny[/t	/q-n-y/	vb G act. ptcpl. f. sg. cstr. nom.	to acquire	
157518	ilm	il[m]	il(I)/m	ỉl (I)	n. m. pl. abs. gen.	god	
# KTU 1.4 IV:33							
157519	rġb	rġb  	!!rġb[/	/r-ġ-b/	vb G inf. abs.	to be hungry	rġb rġbt 'are you indeed hungry?' (inf. + fin.).
157520	rġbt	rġbt  	rġb[t	/r-ġ-b/	vb G suffc. 2 f. sg.	to be hungry	
157521	w	w 	w	w	conj.	and	
157522	tġtr	tġtr	!t!ġtr[	/ġ-t-r/	vb G prefc. 2 f. sg.	to implore, intercede, ask	'and have you journeyed?'
# KTU 1.4 IV:34							
157523	hm	hm  	hm(II)	hm (II)	interr. functor	2) perhaps …? (interr. functor) b) in compound question	
157524	ġmu	ġmu  	!!ġm(ʔ&u[/	/ġ-m-ʔ/	vb G inf. abs.	to be thirsty	ġmu ġmit 'are you indeed thirsty?'
157525	ġmit	ġmit  	ġm(ʔ&i[t	/ġ-m-ʔ/	vb G suffc. 2 f. sg.	to be thirsty	
157526	w	w 	w	w	conj.	and	
157527	ˤst	ʿs[t]	ˤs(y[t==	/ʕ-s-y:s/	vb G suffc. 2 f. sg.	?	DULAT cites ʕs[ here s.v. /ʕ-s-y:s/ ('?'); parallel to ġmit.
# KTU 1.4 IV:35							
157528	lḥm	lḥm  	!!lḥm(I)[	/l-ḥ-m/ (I)	vb G impv. f. sg.	1) to eat	'Eat, or drink!'
157529	hm	hm  	hm(II)	hm (II)	conj.	2) perhaps …? (interr. functor) b) in compound question	
157530	štym	štym  	!!šty[~m	/š-t-y/	vb G impv. f. sg. + encl. -m	to drink	
157531	lḥm	lḥ[m]	!!lḥm(I)[	/l-ḥ-m/ (I)	vb G impv. f. sg.	1) to eat	
# KTU 1.4 IV:36							
157532	b	b 	b	b	prep.	1) spatial location a) place in which something occurs	
157533	ṯlḥnt	ṯlḥnt  	ṯlḥn/t=	ṯlḥn	n. m. pl. abs. gen.	table	b ṯlḥnt lḥm 'eat bread from the tables' (DULAT).
157534	lḥm	lḥm 	lḥm/	lḥm	n. m. sg. abs. acc.	2) bread	
157535	št	št	!!št(y[	/š-t-y/	vb G impv. f. sg.	to drink	DULAT (IV:36): št b krpnm yn 'drink wine in the cup' (/š-t-y/).
# KTU 1.4 IV:37							
157536	b	b 	b	b	prep.	in	
157537	krpnm	krpnm  	krpn/m	krpn	n. m. du. abs. gen.	cup	b krpnm yn 'wine from goblets'.
157538	yn	yn  	yn/	yn	n. m. sg. abs. acc.	2) measures and containers (of wine) e) other containers	
157539	b	b 	b	b	prep.	in	
157540	ks	k<s>    	ks(I)/	ks (I)	n. m. sg. cstr. gen.	cup	b ks ḫrṣ 'in a cup of gold'.
157541	ḫrṣ	ḫrṣ	ḫrṣ/	ḫrṣ	n. m. sg. abs. gen.	1) gold b) in craftwork	'(cup of) gold'.
# KTU 1.4 IV:38							
157542	dm	dm  	dm(II)/	dm (II)	n. m. sg. cstr. acc.	blood	dm ˤṣm 'the blood of trees' = wine.
157543	ˤṣm	ʿṣm  	ˤṣ/m	ʕṣ	n. m. pl. abs. gen.	1) tree	
157544	hm	hm  	hm(II)	hm (II)	interr. functor	2) perhaps …? (interr. functor) a) in simple question	
157545	yd	yd  	yd(II)/	yd (II)	n. m. sg. cstr. nom.	love	hm yd il mlk yḫssk 'does the love of El the King move you?'
157546	il	il 	il(I)/	ỉl (I)	DN m. sg. cstr. gen.	ʾIlu/Ilu/El	
157547	mlk	mlk	mlk(I)/	mlk (I)	n. m. sg. abs. gen.	1) king e) part of the divine titulary (cf. Rahmouni DEAUT 4ff.)	
# KTU 1.4 IV:39							
157548	yḫssk	yḫssk  	!y!ḫss[+k	/ḫ-s-s/	vb D prefc. 3 m. sg. + 2 f. sg. suff.	to remind	
157549	ahbt	ahbt  	ahb(t/t	ảhbt	n. f. sg. cstr. nom.	love	
157550	ṯr	ṯr  	ṯr(I)/	ṯr (I)	n. m. sg. abs. gen.	2) bull a) divine title	ahbt ṯr 'the love of the Bull'.
157551	tˤrrk	tʿrrk	!t!ˤrr[:d+k	/ʕ-r/	vb G prefc. 3 f. sg. + 2 f. sg. suff.	1) to move	DULAT /ʕ-r/ 'to be agitated': 'has the love of the Bull moved you?'.
# KTU 1.4 IV:40							
157552	w	w 	w	w	conj.	and	
157553	tˤn	tʿn  	!t!ˤn(y[	/ʕ-n-y/ (I)	vb G prefc. 3 f. sg.	to answer	Athirat answers; 3 f. sg.
157554	rbt	rbt  	rb(t(I)/t	rbt (I)	n. f. sg. cstr. nom.	Lady	
157555	aṯrt	aṯrt 	aṯr(t(II)/t	ảṯrt (II)	DN f. sg. cstr. gen.	ʾAṯiratu/Athirat/Asherah/El’s wife	
157556	ym	ym	ym(II)/	ym (II)	n. m. sg. abs. gen.	sea	
# KTU 1.4 IV:41							
157557	tḥmk	tḥmk  	tḥm/+k	tḥm	n. m. sg. cstr. nom. + 2 m. sg. suff.	message	'Your decree, O El, is wise' (// 1.3 V:30).
157558	il	il  	il(I)/	ỉl (I)	DN m. sg. abs. nom.	ʾIlu/Ilu/El	
157559	ḥkm	ḥkm  	ḥkm/	ḥkm	adj. m. sg. abs. nom.	wise	
157560	ḥkmt	ḥkmt	ḥkm(t/t	ḥkmt	n. f. sg. abs. nom.	wisdom	ḥkmt ˤm ˤlm 'wisdom (lasting) for ever'.
# KTU 1.4 IV:42							
157561	ˤm	ʿm 	ˤm(I)	ʕm (I)	prep.	1) relationship of direction (space and time)	
157562	ˤlm	ʿlm  	ˤlm(I)/	ʕlm (I)	n. m. sg. abs. gen.	eternity	ˤm ˤlm 'for ever' (// 1.3 V:31; DULAT ḥkmt ˤm ˤlm).
157563	ḥyt	ḥyt  	ḥy(t(I)/t	ḥyt (I)	n. f. sg. abs. nom.	life	ḥyt ḥẓt 'a life of fortune'.
157564	ḥẓt	ḥẓt	ḥẓ(t/t	ḥẓt	adj. f. sg. abs. nom.	happy	
# KTU 1.4 IV:43							
157565	tḥmk	tḥmk  	tḥm/+k	tḥm	n. m. sg. cstr. nom. + 2 m. sg. suff.	message	
157566	mlkn	mlkn  	mlk(I)/+n	mlk (I)	n. m. sg. cstr. nom. + 1 c. pl. suff.	king	mlkn aliyn bˤl 'our king is Mightiest Baal' (// 1.3 V:32; DULAT -n (III)).
157567	aliyn	aliyn  	aliyn/	ảlỉyn	adj. m. sg. abs. nom.	The Very / Most Powerful	
157568	bˤl	bʿl	bˤl(II)/	bʕl (II)	DN m. sg. abs. nom.	Baʿlu/Baal	
# KTU 1.4 IV:44							
157569	ṯpṭn	ṯpṭn  	ṯpṭ(II)/+n	ṯpṭ (II)	n. m. sg. cstr. nom. + 1 c. pl. suff.	judge	'our ruler, and there is none above him'.
157570	w	w 	w	w	conj.	and	
157571	in	in  	in	ỉn	functor	lack of	
157572	d	d 	d	d	det. or rel. functor	the one(s) of	
157573	ˤlnh	ʿlnh	ˤl(I)~n+h	ʕl (I)	prep. + encl. -n + 3 m. sg. suff.	upon	d ˤlnh 'who (is) above him'.
# KTU 1.4 IV:45							
157574	klnyn	klnyn  	klny~n	klny	adv. + encl. -n	all of us together	
157575	qšh	q[š]h    	qš(I)/+h	qš (I)	n. m. sg. cstr. acc. + 3 m. sg. suff.	tankard	'all of us bring his tankard'.
157576	nbln	nb[ln]	!n!(ybl[~n	/y-b-l/	vb G prefc. 1 c. pl. + energic -n	to carry	
# KTU 1.4 IV:46							
157577	klnyn	klnyn   	klny~n	klny	adv. + encl. -n	all of us together	
157578	nbl	nbl  	!n!(ybl[	/y-b-l/	vb G prefc. 1 c. pl.	to carry	
157579	ksh	ksh	ks(I)/+h	ks (I)	n. m. sg. cstr. acc. + 3 m. sg. suff.	cup	'all of us bring his cup'.
# KTU 1.4 IV:47							
157580	any	[an]y   	(ʔ&any[/	/ʔ-n-y/	vb G act. ptcpl. m. sg. abs. nom.	to sigh	any l yṣḥ 'he indeed cries out' (= I:4).
157581	l	l 	l(III)	l (III)	functor	certainly	
157582	yṣḥ	yṣḥ  	!y!ṣḥ[	/ṣ-ḥ/	vb G prefc. 3 m. sg.	to exclaim	
157583	ṯr	ṯr 	ṯr(I)/	ṯr (I)	n. m. sg. cstr. acc.	bull	Addressee of yṣḥ (// I:4).
157584	il	il  	il(I)/	ỉl (I)	DN m. sg. abs. gen.	ʾIlu/Ilu/El	
157585	abh	abh	ab/+h	ảb	n. m. sg. cstr. acc. + 3 m. sg. suff.	father	ṯr il abh 'Bull El his father'.
# KTU 1.4 IV:48							
157586	il	[i]l    	il(I)/	ỉl (I)	DN m. sg. abs. acc.	ʾIlu/Ilu/El	
157587	mlk	mlk  	mlk(I)/	mlk (I)	n. m. sg. abs. acc.	1) king e) part of the divine titulary (cf. Rahmouni DEAUT 4ff.)	il mlk d yknnh 'El the king who created him'.
157588	d	d 	d	d	det. or rel. functor	the one(s) of	
157589	yknnh	yknnh  	!y!knn[:l+h	/k-n/	vb L prefc. 3 m. sg. + suff.	to establish, interpose, bring up	
157590	yṣḥ	yṣḥ	!y!ṣḥ[	/ṣ-ḥ/	vb G prefc. 3 m. sg.	to exclaim, shout	
# KTU 1.4 IV:49							
157591	aṯrt	aṯrt  	aṯr(t(II)/t	ảṯrt (II)	DN f. sg. abs. acc.	Asherah	yṣḥ aṯrt w bnh 'the goddess and her sons cry out' (= I:6-7).
157592	w	w 	w	w	conj.	and	
157593	bnh	bnh  	bn(I)/+h	bn (I)	n. m. pl. cstr. acc. + 3 f. sg. suff.	son	
157594	ilt	ilt  	il(t(I)/t	ỉlt (I)	n. f. sg. abs. acc.	goddess	
157595	w	w 	w	w	conj.	and	
157596	ṣbrt	ṣbrt	ṣbr(t/t	ṣbrt	n. f. sg. cstr. acc.	clan	
# KTU 1.4 IV:50							
157597	aryh	aryh  	ary(I)/+h	ảry (I)	n. m. pl. cstr. gen. + 3 f. sg. suff.	fellow	ṣbrt aryh 'the assembly of her kin'.
157598	wn	wn  	w~n	w	conj. + encl. -n	4) declarative and emphatic functor	
157599	in	in  	in	ỉn	functor	lack of	
157600	bt	bt  	bt(II)/	bt (II)	n. m. sg. abs. nom.	house	
157601	l	l 	l(I)	l (I)	prep.	to	
157602	bˤl	bʿl	bˤl(II)/	bʕl (II)	DN m. sg. abs. gen.	Baʿlu/Baal	wn in bt l bˤl 'and there is no house for Baal'.
# KTU 1.4 IV:51							
157603	km	km  	km	km	prep.	like	
157604	ilm	ilm  	il(I)/m	ỉl (I)	n. m. pl. abs. gen.	1) god b) activities of the gods	
157605	w	w 	w	w	conj.	and	
157606	ḥẓr	ḥẓr  	ḥẓr/	ḥẓr	n. m. sg. abs. nom.	1) mansion	
157607	k	k 	k(I)	k (I)	prep.	like	
157608	bn	bn  	bn(I)/	bn (I)	n. m. sg. cstr. gen.	son	
157609	aṯrt	aṯrt	aṯr(t(II)/t	ảṯrt (II)	DN f. sg. abs. gen.	ʾAṯiratu/Athirat/Asherah/El’s wife	k bn aṯrt 'like the sons of Athirat'.
# KTU 1.4 IV:52							
157610	mṯb	mṯb 	mṯb/	mṯb	n. m. sg. cstr. nom.	residence	
157611	il	il  	il(I)/	ỉl (I)	DN m. sg. abs. gen.	ʾIlu/Ilu/El	
157612	mẓll	mẓll  	mẓll/	mẓll	n. m. sg. cstr. nom.	shelter	
157613	bnh	bnh	bn(I)/+h	bn (I)	n. m. pl. cstr. nom.	son	
# KTU 1.4 IV:53							
157614	mṯb	mṯb   	mṯb/	mṯb	n. m. sg. cstr. nom.	residence	EUPT/construct: bound to the following genitive.
157615	rbt	rbt  	rb(t(I)/t	rbt (I)	n. f. sg. cstr. gen.	Lady	
157616	aṯrt	aṯrt  	aṯr(t(II)/t	ảṯrt (II)	DN f. sg. abs. gen.	ʾAṯiratu/Athirat/Asherah/El’s wife	
157617	ym	ym	ym(II)/	ym (II)	n. m. sg. abs. gen.	sea	
# KTU 1.4 IV:54							
157618	mṯb	mṯb  	mṯb/	mṯb	n. m. sg. cstr. nom.	residence	
157619	klt	klt   	kl(t(I)/t=	klt (I)	n. f. pl. cstr. gen.	bride	mṯb klt knyt 'the dwelling of the honoured brides'.
157620	knyt	knyt	kny(t/t=	knyt	adj. f. pl. abs. gen.	glorious	
157620	knyt	knyt	kny[/t=	?	vb G pass. ptcpl. f. pl. abs. gen.	?	Tania: G passive participle 'honored/purchased'; DULAT reads adj. knyt 'glorious'.
# KTU 1.4 IV:55							
157621	mṯb	mṯb  	mṯb/	mṯb	n. m. sg. cstr. nom.	residence	
157622	pdry	pdry  	pdry/	pdry	DN f. sg. abs. gen.	Pidray	
157623	bt	bt  	b(t(I)/t	bt (I)	n. f. sg. cstr. gen.	daughter	
157624	ar	ar	ar/	ả/ỉr	n. m. sg. abs. gen.	light	pdry bt ar 'Pidray, daughter of Light'.
# KTU 1.4 IV:56							
157625	mẓll	mẓll  	mẓll/	mẓll	n. m. sg. cstr. nom.	shelter	
157626	ṭly	ṭly  	ṭly/	ṭly	DN f. sg. abs. gen.	Tallay	
157627	bt	bt 	b(t(I)/t	bt (I)	n. f. sg. cstr. gen.	daughter	
157628	rb	rb	rb/	rb(b)	n. m. sg. abs. gen.	drizzle	ṭly bt rb 'Tallay, daughter of Drizzle'.
# KTU 1.4 IV:57							
157629	mṯb	mṯb  	mṯb/	mṯb	n. m. sg. cstr. nom.	residence	
157630	arṣy	arṣ<y>    	arṣy/	ảrṣy	DN f. sg. abs. gen.	Arṣay/Arsay	
157631	bt	bt 	b(t(I)/t	bt (I)	n. f. sg. cstr. gen.	daughter	
157632	yˤbdr	yʿbdr	yˤbdr/	yʕbdr	DN sg. abs. gen.	Yaʿibdarru/'(Daughter) of the Wide World'/attribute of ảrṣy, daughter of the god bʕl (etym. unc.)	arṣy bt yˤbdr 'Arsay, daughter of Yaʿibdar'.
# KTU 1.4 IV:58							
157633	w	w 	w	w	conj.	and	
157634	yˤn	yʿn  	!y!ˤn(y(I)[	/ʕ-n-y/ (I)	vb G prefc. 3 m. sg.	to answer	'And the Benevolent El the Benign answers'.
157635	lṭpn	lṭpn 	lṭpn/	lṭpn	adj. m. sg. abs. nom.	Benevolent	
157636	il	il  	il(I)/	ỉl (I)	DN m. sg. abs. nom.	ʾIlu/Ilu/El	
157637	d	d 	d	d	det. or rel. functor	the one(s) of	
157638	pid	pid	pid/	pỉd	n. m. sg. abs. gen.	heart	d pid 'the Benign'.
# KTU 1.4 IV:59							
157639	p	p 	p(I)	p (I)	conj. functor	and	
157640	ˤbd	ʿbd  	ˤbd(I)/	ʕbd (I)	n. m. sg. abs. nom.	1) servant	p ˤbd an 'Am I then a servant?'
157641	an	an  	an(I)	ản (I)	pers. pn. 1 c. sg.	1) i a) subj. in NC	
157642	ˤnn	ʿnn  	ˤnn/	ʕnn	n. m. sg. cstr. nom.	1) manservant	ˤnn aṯrt 'a lackey of Athirat'.
157643	aṯrt	aṯrt	aṯr(t(II)/t	ảṯrt (II)	DN f. sg. abs. gen.	Asherah	
# KTU 1.4 IV:60							
157644	p	p 	p(I)	p (I)	conj. functor	and, and then, so	p ˤbd ank 'am I then a slave?' (DULAT p (I) cited; not p 'mouth').
157645	ˤbd	ʿbd  	ˤbd(I)/	ʕbd (I)	n. m. sg. abs. nom.	servant	
157646	ank	ank  	ank	ảnk	pers. pn. 1 c. sg.	1) i a) subj. in NC	
157647	aḫd	aḫd  	(ʔ&aḫd[	/ʔ-ḫ-d(/ḏ)/	vb G suffc. 1 c. sg.	to collect, to take (back), grasp, seize, hold	'do I hold a trowel?'
157648	ulṯ	ulṯ	ulṯ/	ủlṯ	n. m. sg. abs. acc.	trowel	
# KTU 1.4 IV:61							
157649	hm	hm  	hm(II)	hm (II)	interr. functor	2) perhaps …? (interr. functor) b) in compound question	
157650	amt	amt  	am(t/t	ảmt (I)	n. f. sg. abs. nom.	1) female slave	hm amt aṯrt 'or is Athirat a handmaid (that makes bricks)?' (DULAT).
157651	aṯrt	aṯrt  	aṯr(t(II)/t	ảṯrt (II)	DN f. sg. abs. nom.	Asherah	
157652	tlbn	tlbn	!t!lbn[:d	/l-b-n/	vb D prefc. 3 f. sg.	to make bricks	
# KTU 1.4 IV:62							
157653	lbnt	lbnt  	lbn(t/t=	lbnt	n. f. pl. abs. acc.	brick	DULAT: 'she will make bricks'.
157654	ybn	ybn  	!y!bn(y[:pass	/b-n-y/	vb Gpass prefc. 3 m. sg.	to be built	'let a house be built for Baal'.
157655	bt	bt  	bt(II)/	bt (II)	n. m. sg. abs. nom.	house	
157656	l	l 	l(I)	l (I)	prep.	to	
157657	bˤl	bʿl	bˤl(II)/	bʕl (II)	DN m. sg. abs. gen.	Baʿlu/Baal	
# KTU 1.4 V:1							
157658	km	km 	km	km	prep.	like	Refrain (= IV:51): 'like the gods ... like the sons of Athirat'.
157659	ilm	ilm  	il(I)/m	ỉl (I)	n. m. pl. abs. gen.	god	
157660	w	w 	w	w	conj.	and	
157661	ḥẓr	ḥẓr  	ḥẓr/	ḥẓr	n. m. sg. abs. nom.	mansion	
157662	k	k 	k(I)	k (I)	prep.	like	
157663	bn	bn  	bn(I)/	bn (I)	n. m. sg. cstr. gen.	son	
157664	aṯrt	aṯrt	aṯr(t(II)/t	ảṯrt (II)	DN f. sg. abs. gen.	ʾAṯiratu/Athirat/Asherah/El’s wife	
# KTU 1.4 V:2							
157665	w	w 	w	w	conj.	and	
157666	tˤn	tʿn  	!t!ˤn(y[	/ʕ-n-y/ (I)	vb G prefc. 3 f. sg.	to answer	Lady Athirat answers; 3 f. sg.
157667	rbt	rbt  	rb(t(I)/t	rbt (I)	n. f. sg. cstr. nom.	Lady	
157668	aṯrt	aṯrt 	aṯr(t(II)/t	ảṯrt (II)	DN f. sg. cstr. gen.	ʾAṯiratu/Athirat/Asherah/El’s wife	
157669	ym	ym	ym(II)/	ym (II)	n. m. sg. abs. gen.	sea	
# KTU 1.4 V:3							
157670	rbt	rbt  	rb(b[t=	/r-b(-b:y)/	vb G suffc. 2 m. sg.	to be great	DULAT (V:3): rbt ilm 'you are great, O El!'.
157670	rbt	rbt  	rb(t(I)/t	rbt (I)	n. f. sg. cstr. nom.	Lady	Noun reading: 'O Lady of the gods'.
157671	ilm	ilm  	il(I)/~m	ỉl (I)	DN m. sg. abs. nom. + encl. -m	god	Vocative: 'you are great, O El!' (DULAT).
157672	l	l 	l(III)	l (III)	functor	certainly	l ḥkmt 'you are indeed wise'.
157673	ḥkmt	ḥkmt	ḥkm[t=	/ḥ-k-m/	vb G suffc. 2 m. sg.	to be wise	DULAT (V:3): l ḥkmt 'truly you are wise' (// rbt vb).
# KTU 1.4 V:4							
157674	šbt	šbt  	šb(t/t	šbt	n. f. sg. cstr. nom.	greyness > old age	
157675	dqnk	dqnk  	dqn(I)/+k	dqn (I)	n. m. sg. cstr. gen. + 2 m. sg. suff.	1) beard	šbt dqnk 'the grey of your beard'.
157676	l	l 	l(III)	l (III)	functor	certainly	
157677	tsrk	tsrk	!t!(wsr[+k	/w-s-r/	vb G prefc. 3 f. sg. + 2 m. sg. suff.	to teach	'(it) instructs you'.
# KTU 1.4 V:5							
157678	rḫnnt	rḫn{n}t    	rḫn&n(t/t	rḫnt	n. f. sg. abs. nom.	sweetness	Surface rḫnnt has an extra n; DULAT rḫnt.
157679	dt	dt  	d~t	d	det. / rel. functor + encl. -t	1) the one(s) of b) det. of property	
157680	l	l 	l(I)	l (I)	prep.	to	
157681	irtk	irtk	ir(t/t+k	ỉrt	n. f. sg. cstr. gen. + 2 m. sg. suff.	1) breast a) breast	dt l irtk '(comes) to your breast'.
# KTU 1.4 V:6							
157682	wn	wn 	w~n	w	conj. + encl. -n	4) declarative and emphatic functor	
157683	ap	ap  	ap(I)	ảp (I)	adv./conj.	also	'and now Baal will appoint the time of his rain'.
157684	ˤdn	ʿdn  	!!ˤdn[/	/ʕ-d-n/	vb G inf. abs.	to appoint the time	
157685	mṭrh	mṭrh	mṭr/+h	mṭr	n. m. sg. cstr. + 3 m. sg. suff.	rain	
# KTU 1.4 V:7							
157686	bˤl	bʿl  	bˤl(II)/	bʕl (II)	DN m. sg. abs. nom.	Baʿlu/Baal	
157687	yˤdn	yʿdn  	!y!ˤdn[	/ʕ-d-n/	vb G prefc. 3 m. sg.	to appoint the time	
157687	yˤdn	yʿdn  	!y!ˤdn[:d	/ʕ-d-n/	vb D prefc. 3 m. sg.	to appoint the time	EUPT: D-stem (unwritten gemination; both viable).
157688	ˤdn	ʿdn  	ˤdn(I)/	ʕdn (I)	n. m. sg. cstr. acc.	time	ˤdn ṯkt 'the season of the ...'.
157689	ṯkt	ṯkt  	ṯk(t/t	ṯkt	n. f. sg. abs. gen.	1) art Schiff b) in mythological texts	DULAT: a vessel in mythological texts.
157690	b	b 	b	b	prep.	in	
157691	glṯ	glṯ	glṯ/	glṯ	n. m. sg. abs. gen.	storm	
# KTU 1.4 V:8							
157692	w	w 	w	w	conj.	and	
157693	tn	tn  	!(y!(ytn[	/y-t-n/	vb G prefc. 3 m. sg.	give	DULAT reads w <y>tn qlh 'and may he give his voice' (y omitted by the scribe).
157694	qlh	qlh  	ql(I)/+h	ql (I)	n. m. sg. cstr. + 3 m. sg. suff.	4) the thunderous “voice” (said of Baal’s voice)	
157695	b	b 	b	b	prep.	1) spatial location d) origin of a quality or process	
157696	ˤrpt	ʿrpt	ˤrp(t/t=	ʕrpt	n. f. pl. tant. abs. gen.	cloud(s)	
# KTU 1.4 V:9							
157697	šrh	šrh  	šr(II)/+h	šr (II)	n. m. sg. cstr. acc. + 3 m. sg. suff.	musician, singer	DULAT cites šr (II) here (qlh b ˤrpt, šrh l arṣ brqm).
157697	šrh	šrh  	šr(y[+h	/š-r-y/w/	vb G suffc. 3 m. sg. + 3 m. sg. suff.	to release	DULAT (s.v. /š-r-y/w/): 'he releases his lightnings to the earth'.
157698	l	l 	l(I)	l (I)	prep.	to	
157699	arṣ	arṣ  	arṣ/	ảrṣ	n. f. sg. cstr. gen.	1) earth	
157700	brqm	brqm	brq(I)/m	brq (I)	n. m. pl. abs. acc.	ray	
# KTU 1.4 V:10							
157701	dbt	[[d]]bt    	d bt(II)/	d; bt (II)	det. or rel. functor; n. m. sg. cstr. nom.	the one(s) of; 1) house	d bt arzm ykllnh 'whether a house of cedar they complete for him' (DULAT V:10).
157702	arzm	arzm  	arz(I)/m	ảrz (I)	n. m. pl. abs. gen.	1) a conifer	
157703	ykllnh	ykllnh	!y!kll[:d~n+h	/k-l-l/	vb D prefc. 3 m. sg. + energic-n + suff.	to complete, finish	'he will complete it'.
# KTU 1.4 V:11							
157704	hm	hm  	hm(II)	hm (II)	interr. functor	2) perhaps …? (interr. functor) b) in compound question	
157705	bt	bt  	bt(II)/	bt (II)	n. m. sg. cstr. nom.	1) house	hm bt lbnt 'or a house of bricks' (DULAT cites bt (II) at V:11); not 'daughter'.
157706	lbnt	lbnt  	lbn(t/t=	lbnt	n. f. pl. abs. gen.	brick	
157707	yˤmsnh	yʿmsnh	!y!ˤms[~n+h	/ʕ-m-s/	vb G prefc. 3 m. sg. + energic-n + suff.	to load	'he will load it (up)'.
157707	yˤmsnh	yʿmsnh	!y!ˤms[~n+h:d	/ʕ-m-s/	vb D prefc. 3 m. sg. + energic-n + suff.	to load	EUPT: D-stem (unwritten gemination; both viable).
# KTU 1.4 V:12							
157708	l	l 	l(III)	l (III)	functor	certainly	l yrgm 'it is indeed told'.
157709	yrgm	yrgm  	!y!rgm[:pass	/r-g-m/	vb Gpass prefc. 3 m. sg.	to say	
157710	l	l 	l(I)	l (I)	prep.	to	
157711	aliyn	aliyn 	aliyn/	ảlỉyn	adj. m. sg. abs. gen.	The Very / Most Powerful	
157712	bˤl	bʿl	bˤl(II)/	bʕl (II)	DN m. sg. abs. gen.	Baʿlu/Baal	
# KTU 1.4 V:13							
157713	ṣḥ	ṣḥ  	!!ṣḥ[	/ṣ-ḥ/	vb G impv. m. sg.	to exclaim	
157714	ḫrn	ḫrn  	ḫrn/	ḫrn	n. m. sg. abs. acc.	gang, squad, caravan	ṣḥ ḫrn 'summon a work-gang' (DULAT ḫrn).
157715	b	b 	b	b	prep.	in	
157716	bhmk	bhmk	bh(t&m/+k	bt (II)	n. m. pl. cstr. gen. + 2 m. sg. suff.	house, building; residence, home	Surface bhmk for bhtk; m for t (sign confusion).
# KTU 1.4 V:14							
157717	ˤḏbt	ʿḏbt  	ˤḏb(t/t	ʕḏbt	n. f. sg. abs. acc.	squad, caravan	Second object of ṣḥ (DULAT ʕḏbt).
157718	b	b 	b	b	prep.	in	
157719	qrb	qrb  	qrb/	qrb	n. m. sg. cstr. gen.	inside	
157720	hklk	hklk	hkl/+k	hkl	n. m. sg. cstr. gen. + 2 m. sg. suff.	palace	
# KTU 1.4 V:15							
157721	tblk	tblk  	!t!(ybl[+k	/y-b-l/	vb G prefc. 3 m. pl. + 2 m. sg. suff.	to carry, bring, take	'the mountains bring you much silver'.
157722	ġrm	ġrm  	ġr(I)/m	ġr (I)	n. m. pl. abs. nom.	mountain	
157723	mid	mid  	mid/	mỉ/ủd	n. m. sg. cstr. acc.	1) abundance	
157724	ksp	ksp 	ksp/	ksp	n. m. sg. abs. gen.	1) silver a) 4.738	
# KTU 1.4 V:16							
157725	gbˤm	gbʿm  	gbˤ/m	gbʕ	n. m. pl. abs. nom.	hill	
157726	mḥmd	mḥmd  	mḥmd/	mḥmd	adj. m. sg. cstr. acc.	desired	
157727	ḫrṣ	ḫrṣ	ḫrṣ/	ḫrṣ	n. m. sg. abs. gen.	gold	mḥmd ḫrṣ 'the choicest gold'.
# KTU 1.4 V:17							
157728	yblk	yblk  	!y!(ybl[+k	/y-b-l/	vb G prefc. 3 m. pl. + 2 m. sg. suff.	to carry, bring, take	
157729	udr	udr  	udr/	ủdr	n. m. sg. cstr. acc.	nobility	udr ilqṣm 'the finest of gems'.
157730	ilqṣm	ilqṣm	ilqṣm/	ỉlqṣm	n. m. sg. abs. gen.	gem	
# KTU 1.4 V:18							
157731	w	w 	w	w	conj.	and	
157732	bn	bn  	!!bn[	/b-n-y/	vb G impv. m. sg.	to build	bn bht ksp w ḫrṣ 'build a house of silver and gold'.
157733	bht	bht  	bht(II)/	bt (II)	n. m. pl. cstr. acc.	2) palace	
157734	ksp	ksp  	ksp/	ksp	n. m. sg. abs. gen.	1) silver b) items made of silver	
157735	w	w 	w	w	conj.	and	
157736	ḫrṣ	ḫrṣ	ḫrṣ/	ḫrṣ	n. m. sg. abs. gen.	gold	
# KTU 1.4 V:19							
157737	bht	bht  	bht(II)/	bt (II)	n. m. pl. cstr. acc.	house	
157738	ṭhrm	ṭhrm  	ṭhr/m	ṭhr	adj. m. pl. abs. gen.	pure	
157739	iqnim	iqnim	iqn(u&i/m	ỉqnủ	n. m. pl. abs. gen.	1) gem of lapis lazuli	bht ṭhrm iqnim 'a house pure of lapis lazuli'.
# KTU 1.4 V:20							
157740	šmḫ	šmḫ  	šmḫ[	/š-m-ḫ/	vb G suffc. 3 f. sg.	to be glad, rejoice	'Virgin Anat rejoices'.
157740	šmḫ	šmḫ  	!!šmḫ[/	/š-m-ḫ/	vb G inf.	to be glad, rejoice	EUPT: G-Inf.
157741	btlt	btlt  	btl(t/t	btlt	n. f. sg. cstr. nom.	virgin	
157742	ˤnt	ʿnt  	ˤn(t(I)/t	ʕnt (I)	DN f. sg. abs. nom.	ʿAnatu/Anat	
157743	tdˤṣ	tdʿṣ	!t!dˤṣ[	/d-ʕ-ṣ/	vb G prefc. 3 f. sg.	to fix, lean, press	tdˤṣ pˤnm 'she stamps her feet'.
# KTU 1.4 V:21							
157744	pˤnm	pʿnm  	pˤn/m	pʕn	n. f. du. abs. acc.	1) foot a) tdʕṣ pʕnm she pressed (?) (her) feet (down)	
157745	w	w 	w	w	conj.	and	
157746	tr	tr  	!!tr[/	/t-r/	vb G inf. abs.	to scour, travel through, cross	'and crosses the earth'.
157747	arṣ	arṣ	arṣ/	ảrṣ	n. f. sg. abs. acc.	1) earth	
# KTU 1.4 V:22							
157748	idk	idk  	idk	ỉdk	narrative adv. functor	then	
157749	l	l 	l(III)	l (III)	functor	certainly	Journey formula.
157750	ttn	ttn  	!t!(ytn[	/y-t-n/	vb G prefc. 3 f. sg.	to give	Anat sets out (// IV:20).
157751	pnm	pnm	pn(m/m	pnm	n. m. pl. tant. abs. acc.	face	idk l (ttn) pnm 'then she sets (her) face'.
# KTU 1.4 V:23							
157752	ˤm	ʿm  	ˤm(I)	ʕm (I)	prep.	to	
157753	bˤl	bʿl  	bˤl(II)/	bʕl (II)	DN m. sg. abs. gen.	Baʿlu/Baal	
157754	mrym	mrym  	mrym/	mrym	n. m. sg. cstr. gen.	height	
157755	ṣpn	ṣpn	ṣpn/	ṣpn	TN/DN sg. abs. gen.	Ṣapānu/Zaphon/the mountain dwelling of bʕl deified	mrym ṣpn 'the heights of Zaphon'.
# KTU 1.4 V:24							
157756	b	b 	b	b	prep.	in	
157757	alp	alp  	alp(II)/	ảlp (II)	num.	(one, a) thousand	b alp šd 'over a thousand strips' (// 1.1 III:2); not 'cattle'.
157758	šd	šd  	šd(II)/	šd (II)	n. m. sg. cstr. gen.	a strip	
157759	rbt	rbt  	rb(b(t/t	rb(b)t	num.	ten thousand	rbt kmn 'a myriad of acres'; not rbt 'Lady'.
157760	kmn	kmn	kmn(I)/	kmn (I)	n. m. sg. abs. gen.	acre	rbt kmn 'ten thousand acres'.
# KTU 1.4 V:25							
157761	ṣḥq	ṣḥq  	ṣḥq[	/ṣ-ḥ-q/	vb G suffc. 3 f. sg.	to laugh	'Virgin Anat laughs'.
157761	ṣḥq	ṣḥq  	!!ṣḥq[/	/ṣ-ḥ-q/	vb G inf.	to laugh	EUPT: G inf., 'laughing'.
157762	btlt	btlt  	btl(t/t	btlt	n. f. sg. cstr. nom.	virgin	
157763	ˤnt	ʿnt  	ˤn(t(I)/t	ʕnt (I)	DN f. sg. abs. nom.	ʿAnatu/Anat	
157764	tšu	tšu	!t!(nš(ʔ[&u	/n-š-ʔ/	vb G prefc. 3 f. sg.	to raise, lift, help up	
# KTU 1.4 V:26							
157765	gh	gh  	g/+h	g	n. m. sg. cstr. acc.	(loud) voice	
157766	w	w 	w	w	conj.	and	
157767	tṣḥ	tṣḥ  	!t!ṣḥ[	/ṣ-ḥ/	vb G prefc. 3 f. sg.	to exclaim	
157768	tbšr	tbšr 	!t!bšr[:pass	/b-š-r/	vb Dpass prefc. 2 m. sg.	to be brought, hear, receive (good) news	tbšr bˤl 'Be informed, O Baal!'
157769	bˤl	bʿl	bˤl(II)/	bʕl (II)	DN m. sg. abs. nom.	Baʿlu/Baal	
# KTU 1.4 V:27							
157770	bšrtk	bšrtk  	bšr(t/t+k	bšrt	n. f. sg. cstr. acc. + 2 m. sg. suff.	news	'I bring you good news'.
157771	yblt	yblt  	ybl[t	/y-b-l/	vb G suffc. 1 c. sg.	to carry, bring, take	1 c. sg. (Anat speaking).
157772	ytn	ytn	!y!(ytn[	/y-t-n/	vb G prefc. 3 m. sg.	to give, hand over, grant, bestow	'A house will be given you'.
157772	ytn	ytn	!y!(ytn[:pass	/y-t-n/	vb Gpass prefc. 3 m. sg.	to give, hand over, grant, bestow	EUPT: Gp (passive), 'is given'.
# KTU 1.4 V:28							
157773	bt	bt  	bt(II)/	bt (II)	n. m. sg. abs. acc.	1) house	Object of ytn ('he will grant you a house'); DULAT renders as passive.
157774	lk	lk  	l(I)+k	l (I)	prep. + 2 m. sg. suff.	to	
157775	km	km  	km	km	prep.	like	
157776	aḫk	aḫk  	aḫ(I)/+k	ảḫ (I)	n. m. pl. cstr. gen. + 2 m. sg. suff.	2) in a figurative sense b) neighbour	km aḫk 'like your brothers'.
157777	w	w 	w	w	conj.	and	
157778	ḥẓr	ḥẓr	ḥẓr/	ḥẓr	n. m. sg. abs. acc.	1) mansion	
# KTU 1.4 V:29							
157779	km	km  	km	km	prep.	like	
157780	aryk	aryk  	ary(I)/+k	ảry (I)	n. m. pl. cstr. gen. + 2 m. sg. suff.	fellow	km aryk 'like your kin'.
157781	ṣḥ	ṣḥ  	!!ṣḥ[	/ṣ-ḥ/	vb G impv. m. sg.	to exclaim, shout	
157782	ḫrn	ḫrn	ḫrn/	ḫrn	n. m. sg. abs. acc.	gang, squad, caravan	ṣḥ ḫrn 'summon a work-gang' (DULAT ḫrn).
# KTU 1.4 V:30							
157783	b	b 	b	b	prep.	in	
157784	bhtk	bhtk  	bht(II)/+k	bt (II)	n. m. pl. cstr. gen. + 2 m. sg. suff.	house	
157785	ˤḏbt	ʿḏbt  	ˤḏb(t/t	ʕḏbt	n. f. sg. abs. acc.	squad, caravan	
157786	b	b 	b	b	prep.	in	
157787	qrb	qrb	qrb/	qrb	n. m. sg. cstr. gen.	inside	
# KTU 1.4 V:31							
157788	hklk	hklk  	hkl/+k	hkl	n. m. sg. cstr. gen. + 2 m. sg. suff.	palace	
157789	tblk	tblk  	!t!(ybl[+k	/y-b-l/	vb G prefc. 3 m. pl. + 2 m. sg. suff.	to carry	
157790	ġrm	ġrm	ġr(I)/m	ġr (I)	n. m. pl. abs. nom.	mountain	
# KTU 1.4 V:32							
157791	mid	mid  	mid/	mỉ/ủd	n. m. sg. cstr. acc.	abundance	
157792	ksp	ksp  	ksp/	ksp	n. m. sg. abs. gen.	silver	
157793	gbˤm	gbʿm  	gbˤ/m	gbʕ	n. m. pl. abs. nom.	hill	
157794	mḥmd	mḥmd	mḥmd/	mḥmd	adj. m. sg. cstr. acc.	desired	
# KTU 1.4 V:33							
157795	ḫrṣ	ḫrṣ  	ḫrṣ/	ḫrṣ	n. m. sg. abs. gen.	1) gold a) in general	
157796	w	w 	w	w	conj.	and	
157797	bn	bn  	!!bn[	/b-n-y/	vb G impv. m. sg.	to build	
157798	bht	bht  	bht(II)/	bt (II)	n. m. pl. cstr. acc.	house	
157799	ksp	ksp	ksp/	ksp	n. m. sg. abs. gen.	silver	
# KTU 1.4 V:34							
157800	w	w 	w	w	conj.	and	
157801	ḫrṣ	ḫrṣ  	ḫrṣ/	ḫrṣ	n. m. sg. abs. gen.	1) gold b) in craftwork	
157802	bht	bht  	bht(II)/	bt (II)	n. m. pl. cstr. acc.	house	
157803	ṭhrm	ṭhrm	ṭhr/m	ṭhr	adj. m. pl. abs. gen.	pure	
# KTU 1.4 V:35							
157804	iqnim	iqnim  	iqn(u&i/m	ỉqnủ	n. m. pl. abs. gen.	gem of lapis lazuli	
157805	šmḫ	šmḫ  	šmḫ[	/š-m-ḫ/	vb G suffc. 3 m. sg.	to be glad, rejoice	'Mightiest Baal rejoices'.
157805	šmḫ	šmḫ  	!!šmḫ[/	/š-m-ḫ/	vb G inf.	to be glad, rejoice	EUPT: G-Inf.
157806	aliyn	aliyn	aliyn/	ảlỉyn	adj. m. sg. abs. nom.	The Very / Most Powerful	
# KTU 1.4 V:36							
157807	bˤl	bʿl  	bˤl(II)/	bʕl (II)	DN m. sg. abs. nom.	Baʿlu/Baal	
157808	ṣḥ	ṣḥ  	!!ṣḥ[	/ṣ-ḥ/	vb G impv. m. sg.	to exclaim	
157809	ḫrn	ḫrn  	ḫrn/	ḫrn	n. m. sg. abs. acc.	gang, squad, caravan	ṣḥ ḫrn b bhtk 'summon a work-gang into your house'.
157810	b	b 	b	b	prep.	in	
157811	bhth	bhth	bht(II)/+h	bt (II)	n. m. pl. cstr. gen. + 3 m. sg. suff.	house	'provision within his palace'.
# KTU 1.4 V:37							
157812	ˤḏbt	ʿḏbt  	ˤḏb(t/t	ʕḏbt	n. f. sg. abs. acc.	squad, caravan	
157813	b	b 	b	b	prep.	in	
157814	qrb	qrb 	qrb/	qrb	n. m. sg. cstr. gen.	1) inside	
157815	hklh	hklh	hkl/+h	hkl	n. m. sg. cstr. gen. + 3 m. sg. suff.	palace	
# KTU 1.4 V:38							
157816	yblnn	yblnn 	!y!(ybl[+nn	/y-b-l/	vb G prefc. 3 m. pl. + 3 m. sg. suff.	to carry	'the mountains bring him...'.
157817	ġrm	ġrm  	ġr(I)/m	ġr (I)	n. m. pl. abs. nom.	mountain	
157818	mid	mid  	mid/	mỉ/ủd	n. m. sg. cstr. acc.	abundance	
157819	ksp	ksp	ksp/	ksp	n. m. sg. abs. gen.	silver	
# KTU 1.4 V:39							
157820	gbˤm	gbʿm  	gbˤ/m	gbʕ	n. m. pl. abs. nom.	hill	
157821	lḥmd	lḥmd  	lḥmd[	lḥmd	vb	?	DULAT lists lḥmd at this line but gives no gloss.
157822	ḫrṣ	ḫrṣ	ḫrṣ/	ḫrṣ	n. m. sg. abs. gen.	gold	
# KTU 1.4 V:40							
157823	yblnn	yblnn  	!y!(ybl[+nn	/y-b-l/	vb G prefc. 3 m. pl. + 3 m. sg. suff.	to carry	
157824	udr	udr  	udr/	ủdr	n. m. sg. cstr. acc.	nobility	
157825	ilqṣm	ilqṣm	ilqṣm/	ỉlqṣm	n. m. sg. abs. gen.	gem	
# KTU 1.4 V:41							
157826	ylak	y<l>ak    	!y!l(ʔ&ak[	/l-ʔ-k/	vb G prefc. 3 m. sg.	to send (a message)	'he sends to Kothar-and-Khasis'.
157827	l	l 	l(I)	l (I)	prep.	to	
157828	kṯr	kṯr 	kṯr(III)/	kṯr (III)	DN m. sg. abs. gen.	Koṯaru/Kothar	
157829	w	w 	w	w	conj.	and	
157830	ḫss	ḫss	ḫss/	ḫss	DN m. sg. abs. nom.	Ḫasisu/Khasis	
# KTU 1.4 V:42							
157831	w	w 	w	w	conj.	and	
157832	ṯb	ṯb 	!!ṯb[	/ṯ-b/	vb G impv. m. sg.	to return, turn round, go back, make one’s way, go through	Broken; 'and reply...'.
157833	l	l 	l(I)	l (I)	prep.	to	
157834	mspr	mspr     	mspr/	mspr	n. m. sg. abs. gen.	recitation	l mspr 'to the recitation'.
157835	k	k 	k(III)	k (III)	subordinating / completive functor	when	
157836	tlakn	tlakn	!t!l(ʔ&ak[~n:pass	/l-ʔ-k/	vb Gpass prefc. 3 m. du.	to send (a message)	DULAT: 'when the messenger-boys were sent'; subject ġlmm (du.).
157836	tlakn	tlakn	!t!l(ʔ&ak[~n	/l-ʔ-k/	vb G prefc. 3 m. du.	to send (a message)	EUPT: G active, 'the two of them send'.
# KTU 1.4 V:43							
157837	ġlmm	ġlmm	ġlm/m	ġlm	n. m. du. abs. nom.	1) boy	ġlmm 'the two lads/messengers'.
# KTU 1.4 V:44							
157838	aḫr	aḫr  	aḫr	ảḫr	adv./conj.	3) after	
157839	mġy	mġy 	mġy[	/m-ġ-y/	vb G suffc. 3 m. sg.	to come	'after Kothar-and-Khasis arrives'.
157840	kṯr	kṯr  	kṯr(III)/	kṯr (III)	DN m. sg. abs. nom.	Koṯaru/Kothar	
157841	w	w 	w	w	conj.	and	
157842	ḫss	ḫss	ḫss/	ḫss	DN m. sg. abs. nom.	Ḫasisu/Khasis	
# KTU 1.4 V:45							
157843	št	št  	št[	/š-t/	vb G suffc. 3 m. sg.	to place, set, set up, leave	'he sets an ox before him'.
157844	alp	alp  	alp(I)/	ảlp (I)	n. m. sg. abs. acc.	1) (head of) cattle c) for slaughter ( ṭbḫ )	
157845	qdmh	qdmh  	qdm(II)+h	qdm (II)	prep. + 3 m. sg. suff.	in front of	
157846	mra	mra	mr(u&a(I)/	mrủ (I)	n. m. sg. abs. acc.	2) fatling	
# KTU 1.4 V:46							
157847	w	w 	w	w	conj.	and	
157848	tk	tk  	tk/	tk	n. m. sg. cstr. acc.	centre	
157848	tk	tk  	tk	tk	prep.	in the midst of	DULAT: tk n. 'centre', also used as prep. (EUPT: Präp.).
157849	pnh	pnh  	pn(m/+h	pnm	n. m. pl. tant. cstr. gen. + 3 m. sg. suff.	face	tk pnh 'right before him'.
157850	tˤdb	tʿdb  	!t!ˤdb[	/ʕ-d-b/	vb G prefc. 3 f. sg.	to leave	'a seat is prepared'.
157850	tˤdb	tʿdb  	!t!ˤdb[:pass	/ʕ-d-b/	vb Gpass prefc. 3 f. sg.	to leave	EUPT: Gp (passive), 'is prepared'.
157851	ksu	ksu	ks(u/&u	ks/śủ	n. m. sg. abs. nom.	seat, throne, chair	
# KTU 1.4 V:47							
157852	w	w 	w	w	conj.	and	
157853	yṯṯb	yṯṯb  	!y!](š&ṯ]ṯb[	/ṯ-b/	vb Š prefc. 3 m. sg.	to send (word)	'and he is seated at the right hand of Mightiest Baal'.
157853	yṯṯb	yṯṯb  	!y!](š&ṯ]ṯb[:pass	/ṯ-b/	vb Špass prefc. 3 m. sg.	to send (word)	EUPT: Šp (passive), 'is brought back'.
157854	l	l 	l(I)	l (I)	prep.	to	
157855	ymn	ymn  	ymn(I)/	ymn (I)	n. m. sg. cstr. gen.	1) right (side)	
157856	aliyn	aliyn	aliyn/	ảlỉyn	adj. m. sg. abs. gen.	The Very / Most Powerful	
# KTU 1.4 V:48							
157857	bˤl	bʿl  	bˤl(II)/	bʕl (II)	DN m. sg. abs. gen.	Baʿlu/Baal	
157858	ˤd	ʿd  	ˤd(I)	ʕd (I)	conj.	up to, until; close to, around	ˤd lḥm šty ilm 'while the gods eat and drink'.
157859	lḥm	lḥm  	lḥm[:w	/l-ḥ-m/ (I)	vb G suffc. 3 m. pl.	to eat	
157860	šty	šty [ ]  	šty[:w	/š-t-y/	vb G suffc. 3 m. pl.	to drink	
157861	ilm	[ilm]	il(I)/m	ỉl (I)	n. m. pl. abs. nom.	god	
# KTU 1.4 V:49							
157862	w	[w ] 	w	w	conj.	and	
157863	yˤn	yʿn  	!y!ˤn(y(I)[	/ʕ-n-y/ (I)	vb G prefc. 3 m. sg.	to answer	'And Mightiest Baal answers'.
157864	aliyn	al[iyn  ]  	aliyn/	ảlỉyn	adj. m. sg. abs. nom.	The Very / Most Powerful	
157865	bˤl	[bʿl]	bˤl(II)/	bʕl (II)	DN m. sg. abs. nom.	Baʿlu/Baal	
# KTU 1.4 V:50							
157866	hl	[hl ] 	hl	hl	deictic adv. functor	behold	
157867	tbˤ	[t]bʿ    	!!tbˤ[	/t-b-ʕ/	vb G impv. m. sg.	to go, leave, depart	'Be off, Kothar-and-Khasis!'
157868	kṯr	k[ṯr ] 	kṯr(III)/	kṯr (III)	DN m. sg. abs. nom.	Koṯaru/Kothar	
157869	w	[w ] 	w	w	conj.	and	
157870	ḫss	[ḫss]	ḫss/	ḫss	DN m. sg. abs. nom.	Ḫasisu/Khasis	
# KTU 1.4 V:51							
157871	ḥš	ḥš  	!!ḥš(I)[/	/ḥ-š/ (I)	vb G inf. abs.	to hurry	ḥš bhtm tbnn 'quickly build the house'.
157871	ḥš	ḥš  	!!ḥš(I)[	/ḥ-š/ (I)	vb G impv. m. sg.	to hurry, make haste	EUPT: G-Imp.
157872	bhtm	bhtm  	bht(II)/m	bt (II)	n. m. pl. abs. acc.	house	
157873	tbnn	[t]b[nn]	!t!bn(y[~n	/b-n-y/	vb G prefc. 2 m. sg. + energic -n	to build	
# KTU 1.4 V:52							
157874	ḥš	ḥš  	!!ḥš(I)[/	/ḥ-š/ (I)	vb G inf. abs.	1) to hurry	
157874	ḥš	ḥš  	!!ḥš(I)[	/ḥ-š/ (I)	vb G impv. m. sg.	to hurry, make haste	EUPT: G-Imp.
157875	rmm	rmm  	!!rmm[:l	/r-m/	vb L impv. m. sg.	to erect, raise	
157876	hklm	hk[lm]	hkl/m	hkl	n. m. pl. abs. acc.	palace	ḥš (trmmn) hklm 'quickly raise the palace'.
# KTU 1.4 V:53							
157877	ḥš	ḥš  	!!ḥš(I)[/	/ḥ-š/ (I)	vb G inf. abs.	to hurry	
157877	ḥš	ḥš  	!!ḥš(I)[	/ḥ-š/ (I)	vb G impv. m. sg.	to hurry, make haste	EUPT: G-Imp.
157878	bhtm	bhtm  	bht(II)/m	bt (II)	n. m. pl. abs. acc.	2) palace	
157879	tbnn	tbn[n]  	!t!bn(y[~n	/b-n-y/	vb G prefc. 2 m. sg. + energic -n	to build	
# KTU 1.4 V:54							
157880	ḥš	ḥš  	!!ḥš(I)[/	/ḥ-š/ (I)	vb G inf. abs.	to hurry	
157880	ḥš	ḥš  	!!ḥš(I)[	/ḥ-š/ (I)	vb G impv. m. sg.	to hurry, make haste	EUPT: G-Imp.
157881	trmmn	trmmn  	!t!rmm[~n:l	/r-m/	vb L prefc. 2 m. sg. + energic -n	to erect	
157882	ht	ht[   ]   	ht	ht	adv.	here	
# KTU 1.4 V:55							
157883	b	b 	b	b	prep.	in	
157884	tk	tk  	tk/	tk	n. m. sg. cstr. gen.	1) in	
157884	tk	tk  	tk	tk	prep.	in the midst of	DULAT: tk n. 'centre', also used as prep. (EUPT: Präp.).
157885	ṣrrt	ṣrrt  	ṣrr(t/t	ṣrrt	n. f. sg. cstr. gen.	height(s)	
157886	ṣpn	ṣpn	ṣpn/	ṣpn	TN/DN sg. abs. gen.	Ṣapānu/Zaphon/the mountain dwelling of bʕl deified	b tk ṣrrt ṣpn 'in the midst of the heights of Zaphon'.
# KTU 1.4 V:56							
157887	alp	alp  	alp(I)/	ảlp (I)	n. m. sg. cstr. acc.	(head of) cattle	
157887	alp	alp  	alp(II)/	ảlp (II)	num. m. sg. cstr. acc.	(head of) cattle	EUPT: alp (II) 'a thousand' (context 'a thousand acres').
157888	šd	šd  	šd(II)/	šd (II)	n. m. sg. abs. gen.	1) a strip b) in lit. texts	alp šd 'a thousand tracts the house shall cover'.
157889	aḫd	aḫd 	(ʔ&aḫd[	/ʔ-ḫ-d(/ḏ)/	vb G suffc. 3 m. sg.	to collect, to take (back), grasp, seize, hold	
157890	bt	bt	bt(II)/	bt (II)	n. m. sg. cstr. nom.	2) palace	
# KTU 1.4 V:57							
157891	rbt	rbt  	rb(t(I)/t	rbt (I)	n. f. sg. cstr. gen.	Lady	
157891	rbt	rbt  	rb(b(t/t	rb(b)t	num. f. sg. cstr. gen.	Lady	EUPT: 'a myriad' (context 'a myriad hectares').
157892	kmn	kmn  	kmn(I)/	kmn (I)	n. m. sg. cstr. gen.	acre	rbt kmn hkl 'ten thousand acres the palace'.
157893	hkl	hkl	hkl/	hkl	n. m. sg. abs. nom.	palace	
# KTU 1.4 V:58							
157894	w	w 	w	w	conj.	and	
157895	yˤn	yʿn  	!y!ˤn(y(I)[	/ʕ-n-y/ (I)	vb G prefc. 3 m. sg.	to answer	'And Kothar-and-Khasis answers'.
157896	kṯr	kṯr  	kṯr(III)/	kṯr (III)	DN m. sg. abs. nom.	Koṯaru/Kothar	
157897	w	w 	w	w	conj.	and	
157898	ḫss	ḫss	ḫss/	ḫss	DN m. sg. abs. nom.	Ḫasisu/Khasis	
# KTU 1.4 V:59							
157899	šmˤ	šmʿ  	!!šmˤ[/	/š-m-ʕ/	vb G impv. m. sg.	to hear, listen (to), notice	'Hear, O Mightiest Baal!'
157900	l	l 	l(IV)	l (IV)	interj.	oh!	
157901	aliyn	aliyn  	aliyn/	ảlỉyn	adj. m. sg. abs. nom.	The Very / Most Powerful	
157902	bˤl	bʿl	bˤl(II)/	bʕl (II)	DN m. sg. abs. nom.	Baʿlu/Baal	
# KTU 1.4 V:60							
157903	bn	bn  	!!bn[	/b-n/	vb G impv. m. sg.	to understand	bn l rkb ˤrpt 'understand, O Rider of the Clouds'.
157904	l	l 	l(IV)	l (IV)	interj.	oh!	bn l rkb ˤrpt 'understand, O Rider of the Clouds!' (DULAT cites l (IV) at V:59).
157905	rkb	rkb  	rkb(I)/	rkb (I)	n. m. sg. cstr. nom.	Charioteer	
157906	ˤrpt	ʿrpt	ˤrp(t/t=	ʕrpt	n. f. pl. tant. abs. gen.	cloud(s)	
# KTU 1.4 V:61							
157907	bl	bl  	bl(I)	bl (I)	emph. functor	no	bl ašt urbt 'shall I not set a window?'
157908	ašt	ašt  	!(ʔ&a!št[	/š-t/	vb G prefc. 1 c. sg.	to place, set, set up, leave	Kothar; 1 c. sg.
157909	urbt	urbt  	urb(t/t	ủrbt	n. f. sg. abs. acc.	window	
157910	b	b 	b	b	prep.	in	
157911	bhtm	bh[tm]	bht(II)/m	bt (II)	n. m. pl. abs. gen.	2) palace	
# KTU 1.4 V:62							
157912	ḥln	ḥln  	ḥln/	ḥln	n. m. sg. abs. acc.	window	
157913	b	b 	b	b	prep.	in	
157914	qrb	qrb  	qrb/	qrb	n. m. sg. cstr. gen.	inside	
157915	hklm	hklm	hkl/m	hkl	n. m. pl. abs. gen.	palace	ḥln b qrb hklm 'an aperture within the palace'.
# KTU 1.4 V:63							
157916	w	w 	w	w	conj.	and	
157917	yˤn	yʿn  	!y!ˤn(y(I)[	/ʕ-n-y/ (I)	vb G prefc. 3 m. sg.	1) to answer	'And Mightiest Baal answers'.
157918	aliyn	aliyn 	aliyn/	ảlỉyn	adj. m. sg. abs. nom.	The Very / Most Powerful	
157919	bˤl	bʿl	bˤl(II)/	bʕl (II)	DN m. sg. abs. nom.	Baʿlu/Baal	
# KTU 1.4 V:64							
157920	al	al  	al(I)	ảl (I)	neg. functor	no	
157921	tšt	tšt  	!t=!št[	/š-t/	vb G prefc. 2 m. sg.	to place, set, set up, leave	al tšt urbt 'Do not set a window!'
157922	urbt	urbt  	urb(t/t	ủrbt	n. f. sg. abs. acc.	1) skylight	
157923	b	b 	b	b	prep.	in	
157924	bhtm	b[htm]	bht(II)/m	bt (II)	n. m. pl. abs. gen.	house	
# KTU 1.4 V:65							
157925	ḥln	[ḥl]n    	ḥln/	ḥln	n. m. sg. abs. acc.	window	
157926	b	b 	b	b	prep.	in	
157927	qrb	qrb  	qrb/	qrb	n. m. sg. cstr. gen.	inside	
157928	hklm	hk[lm]	hkl/m	hkl	n. m. pl. abs. gen.	palace	
# KTU 1.4 VI:1							
157929	w	w 	w	w	conj.	and	
157930	yˤn	yʿn  	!y!ˤn(y(I)[	/ʕ-n-y/ (I)	vb G prefc. 3 m. sg.	to answer	'And Kothar-and-Khasis answers'.
157931	kṯr	kṯ[r  ]  	kṯr(III)/	kṯr (III)	DN m. sg. abs. nom.	Koṯaru/Kothar	
157932	w	[w ] 	w	w	conj.	and	
157933	ḫss	[ḫ]ss	ḫss/	ḫss	DN m. sg. abs. nom.	Ḫasisu/Khasis	
# KTU 1.4 VI:2							
157934	tṯb	tṯb  	!t=!ṯb[	/ṯ-b/	vb G prefc. 2 m. sg.	to return, turn round, go back, make one’s way, go through	tṯb bˤl l hwty 'you will return, Baal, to my word' (DULAT /ṯ-b/, // VI:15).
157935	bˤl	bʿl  	bˤl(II)/	bʕl (II)	DN m. sg. abs. nom.	Baʿlu/Baal	'You will yet return, Baal, to my word'.
157936	l	l 	l(I)	l (I)	prep.	to, towards, up to	Split l + hwty 'to my word'. | Migrated from legacy reviewed tokenization.
157937	hwty	[hwty]	hw(t(I)/t+y	hwt (I)	n. f. sg. cstr. + 1 c. sg. suff.	word, statement	Split l + hwty 'to my word'. | Migrated from legacy reviewed tokenization.
# KTU 1.4 VI:3							
157938	ṯn	ṯn  	ṯn(y[	/ṯ-n-y/	vb G suffc. 3 m. sg.	to repeat, reiterate	DULAT: 'Kothar-and-Khasis repeated the expression' (narrative).
157939	rgm	rgm  	rgm/	rgm	n. m. sg. abs. acc.	1) word	
157940	kṯr	k[ṯr  ]  	kṯr(III)/	kṯr (III)	DN m. sg. abs. nom.	Koṯaru/Kothar	
157941	w	w 	w	w	conj.	and	
157942	ḫss	ḫss	ḫss/	ḫss	DN m. sg. abs. nom.	Ḫasisu/Khasis	
# KTU 1.4 VI:4							
157943	smˤ	smʿ  	!!(š&smˤ[	/š-m-ʕ/	vb G impv. m. sg.	to hear, listen (to), notice	Surface smˤ for šmˤ (s for š); 'Hear, O Mightiest Baal!'
157944	mˤ	mʿ  	mˤ(I)	mʕ (I)	postpositional emph. adv.	please!	mʕ (I), not mʕ (II).
157945	l	l 	l(IV)	l (IV)	interj.	oh!	
157946	aliyn	al[i]yn  	aliyn/	ảlỉyn	adj. m. sg. abs. nom.	The Very / Most Powerful	
157947	bˤl	bʿl	bˤl(II)/	bʕl (II)	DN m. sg. abs. nom.	Baʿlu/Baal	
# KTU 1.4 VI:5							
157948	bl	bl  	bl(I)	bl (I)	emph. functor	no, not	bl ašt urbt 'I shall indeed set a window'.
157949	ašt	ašt  	!(ʔ&a!št[	/š-t/	vb G prefc. 1 c. sg.	to place	Kothar; 1 c. sg.
157950	urbt	ur[bt ]  	urb(t/t	ủrbt	n. f. sg. abs. acc.	window	
157951	b	b 	b	b	prep.	in	
157952	bhtm	bhtm	bht(II)/m	bt (II)	n. m. pl. cstr. gen.	house	
# KTU 1.4 VI:6							
157953	ḥln	ḥln  	ḥln/	ḥln	n. m. sg. abs. acc.	window	
157954	b	b 	b	b	prep.	in	
157955	qrb	qrb[ ] 	qrb/	qrb	n. m. sg. cstr. gen.	inside	
157956	hklm	[hk]lm	hkl/m	hkl	n. m. pl. abs. gen.	palace	
# KTU 1.4 VI:7							
157957	w	w 	w	w	conj.	and	
157958	ˤn	ʿn  	ˤn(y[	/ʕ-n-y/ (I)	vb G suffc. 3 m. sg.	to answer, reply, say	'And Mightiest Baal answers'.
157959	aliyn	ali[yn  ]  	aliyn/	ảlỉyn	adj. m. sg. abs. nom.	The Very / Most Powerful	
157960	bˤl	bʿl	bˤl(II)/	bʕl (II)	DN m. sg. abs. nom.	Baʿlu/Baal	
# KTU 1.4 VI:8							
157961	al	al  	al(I)	ảl (I)	neg. functor	no	
157962	tšt	tšt  	!t=!št[	/š-t/	vb G prefc. 2 m. sg.	to place	Baal (still refusing): 'do not set a window'.
157963	urbt	u[rb]t    	urb(t/t	ủrbt	n. f. sg. abs. acc.	window	
157964	b	b 	b	b	prep.	in	
157965	bhtm	bhtm	bht(II)/m	bt (II)	n. m. pl. cstr. gen.	house	
# KTU 1.4 VI:9							
157966	ḥln	ḥln  	ḥln/	ḥln	n. m. sg. abs. acc.	window	
157967	b	b 	b	b	prep.	in	
157968	qrb	q[rb  ]  	qrb/	qrb	n. m. sg. cstr. gen.	inside	
157969	hklm	[h]klm	hkl/m	hkl	n. m. pl. abs. gen.	palace	
# KTU 1.4 VI:10							
157970	al	al  	al(I)	ảl (I)	neg. functor	no	
157971	tdd	td[d  ]  	!t!(ndd[	/n-d-d/	vb G prefc. 3 f. sg.	to go, move	'lest Pidray daughter of Light slip away'.
157972	pdry	[pdr]y    	pdry/	pdry	DN f. sg. abs. nom.	Pidray	
157973	bt	bt 	b(t(I)/t	bt (I)	n. f. sg. cstr. nom.	daughter	
157974	ar	ar	ar/	ả/ỉr	n. m. sg. abs. gen.	light	bt ar 'daughter of Light'.
# KTU 1.4 VI:11							
157975	thṭxx	thṭ[xx  ]  	?	?	?	?	Broken: thṭ[…].
157976	ṭly	[ṭl]y    	ṭly/	ṭly	DN f. sg. abs. nom.	Tallay	
157977	bt	bt  	b(t(I)/t	bt (I)	n. f. sg. cstr. nom.	daughter	
157978	rb	rb	rb/	rb(b)	n. m. sg. abs. gen.	drizzle	ṭly bt rb 'Tallay, daughter of Drizzle'.
# KTU 1.4 VI:12							
157979	xxxxxxx	[xx]x[xxxx  ]  	?	?	?	?	
157980	mdd	[m]dd    	mdd(I)/	mdd (I)	n. m. sg. cstr. nom.	beloved	mdd il ym 'the Beloved of El, Yammu'.
157981	il	il 	il(I)/	ỉl (I)	DN m. sg. cstr. gen.	ʾIlu/Ilu/El	
157982	ym	ym	ym(II)/	ym (II)	DN m. sg. abs. gen.	day	mdd il ym (// II:34).
# KTU 1.4 VI:13							
157983	xxxxx	[xxxxx ]  	?	?	?	?	
157984	qlṣn	qlṣn  	!!qlṣ[/~n	/q-l-ṣ/	vb G inf. + encl. -n	to resist, stand up to, oppose	'(lest Yam) revile and spit'.
157985	wpṯm	wpṯm	!!wpṯ[/~m	/w-p-ṯ/	vb G inf. + encl. -m	to spit	
157985	wpṯm	wpṯm	!!wpṯ[/~m:d	/w-p-ṯ/	vb D inf. + encl. -m	to spit	EUPT: D-stem (unwritten gemination; both viable).
# KTU 1.4 VI:14							
157986	xxxxx	[xxxxx  ]  	?	?	?	?	
157987	w	w 	w	w	conj.	and	
157988	yˤn	yʿn  	!y!ˤn(y(I)[	/ʕ-n-y/ (I)	vb G prefc. 3 m. sg.	to answer	'And Kothar-and-Khasis answers'.
157989	kṯr	kṯr	kṯr(III)/	kṯr (III)	DN m. sg. abs. nom.	Koṯaru/Kothar	
# KTU 1.4 VI:15							
157990	w	[w ] 	w	w	conj.	and	
157991	ḫsstṯb	[ḫss .]tṯb    	?	?	?	?	'You will return, Baal, to my word'. | DULAT: NOT FOUND | Migrated from legacy reviewed tokenization.
157992	bˤl	bʿl  	bˤl(II)/	bʕl (II)	DN m. sg. abs. nom.	Baʿlu/Baal	
157993	l	l 	l(I)	l (I)	prep.	to	
157994	hwty	hwty	hw(t(I)/t+y	hwt (I)	n. f. sg. cstr. + 1 c. sg. suff.	word	l hwty 'to my word'.
# KTU 1.4 VI:16							
157995	ilm	i[lm]    	il(I)/m	ỉl (I)	n. m. pl. abs. nom.	god	Building resumes (cf. V:51-54).
157996	bhth	bhth  	bht(II)/+h	bt (II)	n. m. pl. cstr. + 3 m. sg. suff.	house	
157997	tbnn	tbnn	!t!bn(y[~n	/b-n-y/	vb G prefc. 3 m. pl. + energic -n	to build	'(the gods) build his house'.
# KTU 1.4 VI:17							
157998	xxx	x[xx ]  	?	?	?	?	
157999	trmm	trmm  	!t!rmm[:l	/r-m/	vb L prefc. 3 m. pl.	to erect	
158000	hklh	hklh	hkl/+h	hkl	n. m. sg. cstr. + 3 m. sg. suff.	palace	
# KTU 1.4 VI:18							
158001	ytlk	y[tl]k    	!y!(h]t]lk[	/h-l-k/	vb Gt prefc. 3 m. sg.	to scour	'he ranges to Lebanon for its timber'.
158002	l	l 	l(I)	l (I)	prep.	to	
158003	lbnn	lbnn  	lbnn(I)/	lbnn (I)	TN gen.	Lebanon	
158004	w	w 	w	w	conj.	and	
158005	ˤṣh	ʿṣh	ˤṣ/+h	ʕṣ	n. m. sg. cstr. + 3 m. sg. suff.	1) tree	
# KTU 1.4 VI:19							
158006	l	l 	l(I)	l (I)	prep.	to, towards, up to	Split l + šryn 'to Sirion (Hermon)'. | Migrated from legacy reviewed tokenization.
158007	šryn	[š]ryn    	šryn/	šryn	TN	šryn	Split l + šryn 'to Sirion (Hermon)'. | Migrated from legacy reviewed tokenization.
158008	mḥmd	mḥmd  	mḥmd/	mḥmd	adj. m. sg. cstr. acc.	desired	
158009	arzh	arzh	arz(I)/+h	ảrz (I)	n. m. sg. cstr. + 3 m. sg. suff.	1) a conifer	mḥmd arzh 'the choicest of its cedars'.
# KTU 1.4 VI:20							
158010	hn	hn [ ]  	hn	hn	deictic functor	1) as a deictic functor	
158011	lbnn	[l]bnn    	lbnn(I)/	lbnn (I)	TN abs. nom.	Lebanon	
158012	w	w 	w	w	conj.	and	
158013	ˤṣh	ʿṣh	ˤṣ/+h	ʕṣ	n. m. sg. cstr. + 3 m. sg. suff.	tree	
# KTU 1.4 VI:21							
158014	šryn	šryn  	šryn/	šryn	TN abs. nom.	šryn	
158015	mḥmd	mḥmd  	mḥmd/	mḥmd	adj. m. sg. cstr. acc.	desired	
158016	arzh	arzh	arz(I)/+h	ảrz (I)	n. m. sg. cstr. + 3 m. sg. suff.	cedar	
# KTU 1.4 VI:22							
158017	tšt	tšt   	!t!št[	/š-t/	vb G prefc. 3 f. sg.	to place, set, set up, leave	DULAT: 'they lit a fire in the palace' (subject išt).
158018	išt	išt  	iš(t/t	ỉšt	n. f. sg. abs. nom.	1) fire	
158019	b	b 	b	b	prep.	in	
158020	bhtm	bhtm	bht(II)/m	bt (II)	n. m. pl. cstr. gen.	2) palace	
# KTU 1.4 VI:23							
158021	nblat	nb[l]at    	nbl(ủ&a/t	nblủ	n. f. sg. abs. nom.	flame	b hklm nblat 'a flame in the palace'.
158022	b	b 	b	b	prep.	in	
158023	hklm	hklm	hkl/m	hkl	n. m. pl. abs. gen.	palace	
# KTU 1.4 VI:24							
158024	hn	hn  	hn	hn	deictic functor	1) as a deictic functor	
158025	ym	ym  	ym(I)/	ym (I)	n. m. sg. abs. acc.	1) day b) as a period in time	hn ym 'for a day (and a second the fire eats)'.
158026	w	w 	w	w	conj.	and	
158027	ṯn	ṯn  	ṯn(II)/	ṯn (II)	num. ord.	1) second	
158028	tikl	tikl	!t!(ʔ&ikl[	/ʔ-k-l/	vb G prefc. 3 f. sg.	to eat	Subject išt 'fire'.
# KTU 1.4 VI:25							
158029	išt	išt   	iš(t/t	ỉšt	n. f. sg. abs. nom.	1) fire	
158030	b	b 	b	b	prep.	1) spatial location a) place in which something occurs	
158031	bhtm	bhtm  	bht(II)/m	bt (II)	n. m. pl. cstr. gen.	2) palace	
158032	nblat	nblat	nbl(ủ&a/t	nblủ	n. f. sg. abs. nom.	flame	
# KTU 1.4 VI:26							
158033	b	b 	b	b	prep.	in	
158034	hklm	hklm  	hkl/m	hkl	n. m. pl. abs. gen.	palace	
158035	ṯlṯ	ṯlṯ  	ṯlṯ(II)/	ṯlṯ (II)	num. ord.	third	
158036	kbˤ	kbʿ 	(r&kbˤ/	rbʕ	num. ord.	fourth	Surface kbˤ for rbˤ (k for r).
158037	ym	ym	ym(I)/	ym (I)	n. m. sg. abs. acc.	day	'a third, a fourth day'.
# KTU 1.4 VI:27							
158038	tikl	tikl [ ]  	!t!(ʔ&ikl[	/ʔ-k-l/	vb G prefc. 3 f. sg.	to eat	
158039	išt	[i]št    	iš(t/t	ỉšt	n. f. sg. abs. nom.	fire	
158040	b	b 	b	b	prep.	in	
158041	bhtm	bhtm	bht(II)/m	bt (II)	n. m. pl. cstr. gen.	house	
# KTU 1.4 VI:28							
158042	nblat	nblat   	nbl(ủ&a/t	nblủ	n. f. sg. abs. nom.	flame	
158043	b	b 	b	b	prep.	in	
158044	hklm	hklm	hkl/m	hkl	n. m. pl. abs. gen.	palace	
# KTU 1.4 VI:29							
158045	ḫmš	ḫmš  	ḫmš(I)/	ḫmš (I)	num.	five	
158046	ṯdṯ	ṯdṯ  	ṯdṯ/	ṯdṯ	num. ord.	sixth	ḫmš ṯdṯ ym 'a fifth, a sixth day'.
158047	ym	ym  	ym(I)/	ym (I)	n. m. sg. abs. acc.	day	
158048	tikl	tikl	!t!(ʔ&ikl[	/ʔ-k-l/	vb G prefc. 3 f. sg.	to eat	
# KTU 1.4 VI:30							
158049	išt	išt [ ]  	iš(t/t	ỉšt	n. f. sg. abs. nom.	fire	
158050	b	[b]  	b	b	prep.	in	
158051	bhtm	bhtm  	bht(II)/m	bt (II)	n. m. pl. cstr. gen.	house	
158052	nblat	nblat	nbl(ủ&a/t	nblủ	n. f. sg. abs. nom.	flame	
# KTU 1.4 VI:31							
158053	b	b 	b	b	prep.	in	
158054	qrb	q[rb  ]  	qrb/	qrb	n. m. sg. cstr. gen.	inside	
158055	hklm	[h]klm    	hkl/m	hkl	n. m. pl. abs. gen.	palace	
158056	mk	mk	mk(II)	mk (II)	deictic functor	behold!	mk b šbˤ ymm 'lo, on the seventh day'.
# KTU 1.4 VI:32							
158057	b	b 	b	b	prep.	in	
158058	šbˤ	šbʿ   	šbˤ(II)/	šbʕ (II)	num.	seventh	
158059	ymm	y[mm]    	ym(I)/m	ym (I)	n. m. pl. abs. gen.	1) day a) as a date	
158060	td	td  	!t!(nd(d[	/n-d-d/	vb G prefc. 3 f. sg.	to go, move	'the fire went out in the palace' (DULAT cites td ỉšt b bhtm s.v. /n-d-d/).
158061	išt	išt	iš(t/t	ỉšt	n. f. sg. abs. nom.	1) fire	
# KTU 1.4 VI:33							
158062	b	b 	b	b	prep.	in	
158063	bhtm	bhtm  	bht(II)/m	bt (II)	n. m. pl. cstr. gen.	house	
158064	nblat	nb[l]at    	nbl(ủ&a/t	nblủ	n. f. sg. abs. nom.	flame	
158065	b	b 	b	b	prep.	in	
158066	hklm	hklm	hkl/m	hkl	n. m. pl. abs. gen.	palace	
# KTU 1.4 VI:34							
158067	sb	sb  	sb(b[	/s:ś-b-b/	vb G suffc. 3 m. sg.	to turn round, go round and round, go through	'the silver had turned to plates'.
158068	ksp	ksp  	ksp/	ksp	n. m. sg. abs. nom.	1) silver c) treatment	
158069	l	l 	l(I)	l (I)	prep.	to	
158070	rqm	rqm  	rq(I)/m	rq (I)	n. m. pl. abs. gen.	sheet	
158071	ḫrṣ	ḫrṣ	ḫrṣ/	ḫrṣ	n. m. sg. abs. nom.	1) gold a) in general	
# KTU 1.4 VI:35							
158072	nsb	nsb  	]n]sb[	/s:ś-b-b/	vb N suffc. 3 m. sg.	to be changed into	'the gold turned to bricks'.
158073	l	l 	l(I)	l (I)	prep.	to	
158074	lbnt	lbnt  	lbn(t/t=	lbnt	n. f. pl. abs. gen.	brick	
158075	šmḫ	šmḫ	šmḫ[	/š-m-ḫ/	vb G suffc. 3 m. sg.	to be glad	'Mightiest Baal rejoices'.
158075	šmḫ	šmḫ	!!šmḫ[/	/š-m-ḫ/	vb G inf.	to be glad, rejoice	EUPT: G-Inf.
# KTU 1.4 VI:36							
158076	aliyn	aliyn  	aliyn/	ảlỉyn	adj. m. sg. abs. nom.	The Very / Most Powerful	
158077	bˤl	bʿl  	bˤl(II)/	bʕl (II)	DN m. sg. abs. nom.	Baʿlu/Baal	
158078	bhty	<b>hty  	bht(II)/+y	bt (II)	n. m. pl. cstr. + 1 c. sg. suff.	2) palace	'My house I have built of silver'.
158079	bnt	bnt	bn(t(I)/t	bnt (I)	n. f. sg. abs. nom.	masonry, building, construction, structure	DULAT (VI:36): '<b>hty bnt dt ksp — my house is a construction of silver' (// 1.3 V:19).
158079	bnt	bnt	bn(y[t	/b-n-y/	vb G suffc. 1 c. sg.	to build	Verb reading: 'my house I have built of silver'.
# KTU 1.4 VI:37							
158080	dt	dt  	d~t	d	det. / rel. functor + encl. -t	1) the one(s) of a) det. of quality	
158081	ksp	ksp  	ksp/	ksp	n. m. sg. abs. gen.	1) silver b) items made of silver	
158082	hkly	hkly   	hkl/+y	hkl	n. m. sg. cstr. + 1 c. sg. suff.	palace	hkly dtm ḫrṣ 'my palace of gold'.
158083	dtm	dtm	d~tm	d	det. / rel. functor + encl.	1) the one(s) of a) det. of quality	
# KTU 1.4 VI:38							
158084	ḫrṣ	ḫrṣ  	ḫrṣ/	ḫrṣ	n. m. sg. abs. gen.	1) gold b) in craftwork	
158085	ˤdbt	ʿdbt  	ˤdb(t/t	ʕdbt	n. f. sg. cstr. acc.	squad, caravan	DULAT (VI:38): ˤdbt bhth bˤl yˤdb 'the layout of his house did Baal arrange'.
158086	bhth	bht[h  ]  	bht(II)/+h	bt (II)	n. m. pl. cstr. + 3 m. sg. suff.	2) palace	
158087	bˤl	[b]ʿl	bˤl(II)/	bʕl (II)	DN m. sg. abs. nom.	Baʿlu/Baal	
# KTU 1.4 VI:39							
158088	yˤdb	yʿdb  	!y!ˤdb[	/ʕ-d-b/	vb G prefc. 3 m. sg.	to leave > to put in > to place	
158089	hd	hd  	hd/	hd(d)	DN m. sg. abs. nom.	Haddu/Hadad	
158090	ˤdb	ʿdb [ ]  	!!ˤdb[/	/ʕ-d-b/	vb G inf. abs.	to leave > to put in > to place	ˤdb ˤdbt 'he prepares a banquet'.
158090	ˤdb	ʿdb [ ]  	ˤdb[	/ʕ-d-b/	vb G suffc. 3 m. sg.	to leave > to put in > to place	EUPT: G suffc., 'he prepared'.
158091	ˤdbt	[ʿd]bt	ˤdb(t/t	ʕdbt	n. f. sg. cstr. acc.	squad, caravan	ˤdb ˤdbt hklh 'he arranged the arrangement of his palace'.
# KTU 1.4 VI:40							
158092	hklh	hklh  	hkl/+h	hkl	n. m. sg. cstr. + 3 m. sg. suff.	palace	
158093	ṭbḫ	ṭbḫ  	ṭbḫ[	/ṭ-b-ḫ/	vb G suffc. 3 m. sg.	to sacrifice	'he slaughters oxen and sheep'.
158094	alpm	alpm[  ]  	alp(I)/m	ảlp (I)	n. m. pl. abs. acc.	(head of) cattle	
158095	ap	[ap]	ap(I)	ảp (I)	conj./adv.	also, even, besides	
# KTU 1.4 VI:41							
158096	ṣin	ṣin  	ṣin(I)/	ṣỉn (I)	n. f. sg. abs. acc.	ewe	
158097	šql	šql  	šql[	/š-q-l/	vb Š suffc. 3 m. sg.	?	'he fells bulls'.
158098	ṯrm	ṯrm [ ]  	ṯr(I)/m	ṯr (I)	n. m. pl. abs. acc.	1) bull	
158099	w	[w ] 	w	w	conj.	and	
158100	m	m	mr(ủ&i&a/	mrủ (I)	n. m. sg.	fattened	MERGE WITH THE NEXT: m+ria = mria 'fatling', split across lines VI:41/42.
# KTU 1.4 VI:42							
158101	ria	ria  	mr(ủ&i&a/	mrủ (I)	n. m. sg. abs. acc.	fattened	MERGE WITH THE PREVIOUS.
158102	il	il  	il(I)/	ỉl (I)	DN m. sg. abs. gen.	ʾIlu/Ilu/El	Reading of il here debated ('rams'?); ˤglm dt šnt 'yearling calves'.
158103	ˤglm	ʿglm  	ˤgl(I)/m	ʕgl (I)	n. m. pl. abs. acc.	calf	
158104	dt	d[t]	d~t	d	det. / rel. functor + encl. -t	the one(s) of	
# KTU 1.4 VI:43							
158105	šnt	šnt  	šn(t(I)/t	šnt (I)	n. f. sg. abs. gen.	year	ˤglm dt šnt 'calves of a year'.
158106	imr	imr  	imr(I)/	ỉmr (I)	n. m. sg. abs. acc.	lamb	
158107	qmṣ	qmṣ  	qmṣ(I)/	qmṣ (I)	n. m. sg. cstr. acc.	heap	
158108	llim	l[l]im	ll(u&i/m	llủ	n. m. pl. abs. acc.	suckling (lamb or kid)	qmṣ llim 'a host of kids'.
# KTU 1.4 VI:44							
158109	ṣḥ	ṣḥ  	!!ṣḥ[	/ṣ-ḥ/	vb G impv. m. sg.	to exclaim, shout	
158110	aḫh	aḫh  	aḫ(I)/+h	ảḫ (I)	n. m. pl. cstr. + 3 m. sg. suff.	2) in a figurative sense b) neighbour	'he calls his brothers into his house'.
158111	b	b 	b	b	prep.	1) spatial location c) goal of movement or action	
158112	bhth	bhth  	bht(II)/+h	bt (II)	n. m. pl. cstr. + 3 m. sg. suff.	2) palace	
158113	aryh	aryh	ary(I)/+h	ảry (I)	n. m. pl. cstr. + 3 m. sg. suff.	fellow	
# KTU 1.4 VI:45							
158114	b	b 	b	b	prep.	in	
158115	qrb	qrb 	qrb/	qrb	n. m. sg. cstr. gen.	inside	
158116	hklh	hklh  	hkl/+h	hkl	n. m. sg. cstr. + 3 m. sg. suff.	palace	
158117	ṣḥ	ṣḥ	!!ṣḥ[	/ṣ-ḥ/	vb G impv. m. sg.	to exclaim, shout	
# KTU 1.4 VI:46							
158118	šbˤm	šbʿm  	šbˤm/	šbʕm	num.	1) seventy a) appositional syntagm	šbˤm bn aṯrt 'the seventy sons of Athirat'.
158119	bn	bn  	bn(I)/	bn (I)	n. m. pl. cstr. acc.	2) son of DN a) in mythological texts	
158120	aṯrt	aṯrt	aṯr(t(II)/t	ảṯrt (II)	DN f. sg. abs. gen.	ʾAṯiratu/Athirat/Asherah/El’s wife	
# KTU 1.4 VI:47							
158121	špq	špq 	]š]pq[	/p-q/	vb Š suffc. 3 m. sg.	to supply, provide (with)	'he supplies the gods with rams (and) wine'.
158122	ilm	ilm  	il(I)/m	ỉl (I)	n. m. pl. abs. acc.	1) god e) classes and groups of gods	
158123	krm	krm  	kr/m	kr	n. m. pl. abs. acc.	ram	ilm krm 'the ram-gods' (DULAT cites kr here; not krm 'vineyard').
158124	yn	yn	yn/	yn	n. m. sg. abs. acc.	1) wine a) yn	
# KTU 1.4 VI:48							
158125	špq	špq  	]š]pq[	/p-q/	vb Š suffc. 3 m. sg.	to supply	
158126	ilht	ilht  	il(t(I)/&ht	ỉlt (I)	n. f. pl. abs. acc.	1) goddess b) classes and groups of goddesses	Surface ilht; ỉlt + pl. with h.
158127	ḫprt	ḫprt [ ]  	ḫpr(t/t	ḫprt	n. f. sg. abs. acc.	ewe lamb	
158128	yn	[yn]	yn/	yn	n. m. sg. abs. acc.	wine	
# KTU 1.4 VI:49							
158129	špq	špq  	]š]pq[	/p-q/	vb Š suffc. 3 m. sg.	to supply	
158130	ilm	ilm  	il(I)/m	ỉl (I)	n. m. pl. abs. acc.	god	
158131	alpm	alpm  	alp(I)/m	ảlp (I)	n. m. pl. abs. acc.	2) “bullock”	
158132	yn	y[n]	yn/	yn	n. m. sg. abs. acc.	wine	
# KTU 1.4 VI:50							
158133	špq	špq  	]š]pq[	/p-q/	vb Š suffc. 3 m. sg.	to supply	
158134	ilht	ilht  	il(t(I)/&ht	ỉlt (I)	n. f. pl. abs. acc.	goddess	
158135	arḫt	arḫt [ ]  	arḫ/t=	ảrḫ	n. f. pl. abs. acc.	cow	DULAT ảrḫ pl. ảrḫt.
158136	yn	[yn]	yn/	yn	n. m. sg. abs. acc.	wine	
# KTU 1.4 VI:51							
158137	špq	špq  	]š]pq[	/p-q/	vb Š suffc. 3 m. sg.	to supply	
158138	ilm	ilm  	il(I)/m	ỉl (I)	n. m. pl. abs. acc.	god	
158139	kḥṯm	kḥṯm  	kḥṯ/m	kḥṯ	n. m. pl. abs. acc.	throne	
158140	yn	yn	yn/	yn	n. m. sg. abs. acc.	wine	
# KTU 1.4 VI:52							
158141	špq	špq  	]š]pq[	/p-q/	vb Š suffc. 3 m. sg.	to supply	
158142	ilht	ilht  	il(t(I)/&ht	ỉlt (I)	n. f. pl. abs. acc.	goddess	EUPT genders m.
158143	ksat	ksat	ks(u&a/t=	ks/śủ	n. f. pl. abs. acc.	seat	
# KTU 1.4 VI:53							
158144	špq	špq  	]š]pq[	/p-q/	vb Š suffc. 3 m. sg.	to supply	
158145	ilm	ilm  	il(I)/m	ỉl (I)	n. m. pl. abs. acc.	god	
158146	rḥbt	rḥbt 	rḥb(t/t=	rḥbt	n. f. pl. cstr. acc.	amphora, jar	ilm rḥbt 'the jar-gods' (DULAT).; EUPT/construct: bound to the following genitive.
158147	yn	yn	yn/	yn	n. m. sg. abs. acc.	wine	
# KTU 1.4 VI:54							
158148	špq	špq  	]š]pq[	/p-q/	vb Š suffc. 3 m. sg.	to supply	
158149	ilht	ilht  	il(t(I)/&ht	ỉlt (I)	n. f. pl. abs. acc.	goddess	
158150	dkrt	dkrt	dkr(t/t=	dkrt	n. f. pl. abs. acc.	bowl	DULAT dkrt.
# KTU 1.4 VI:55							
158151	ˤd	ʿd  	ˤd(I)	ʕd (I)	conj.	up to, until; close to, around	ˤd lḥm šty ilm 'while the gods eat and drink'.
158152	lḥm	lḥm  	lḥm[:w	/l-ḥ-m/ (I)	vb G suffc. 3 m. pl.	1) to eat	
158153	šty	šty  	šty[:w	/š-t-y/	vb G suffc. 3 m. pl.	to drink	
158154	ilm	ilm	il(I)/m	ỉl (I)	n. m. pl. abs. nom.	1) god b) activities of the gods	
# KTU 1.4 VI:56							
158155	w	w 	w	w	conj.	3) in the correlation protasis-apodosis	
158156	pq	pq  	pq[:w	/p-q/	vb G suffc. 3 m. pl.	to obtain, acquire	'a suckling is served'.
158157	mrġṯm	mrġṯm  	mrġṯ/m	mrġṯ	n. m. pl. abs. acc.	suckling	
158158	ṯd	ṯd	ṯd/	ṯd	n. m. sg. abs. gen.	1) breast	mrġṯm ṯd 'sucklings of the teat' (DULAT).
# KTU 1.4 VI:57							
158159	b	b 	b	b	prep.	in	
158160	ḥrb	ḥrb  	ḥrb/	ḥrb	n. f. sg. abs. gen.	knife	EUPT genders m.
158161	mlḥt	mlḥt  	mlḥ(t/t	mlḥt	n. f. sg. abs. gen.	salt	b ḥrb mlḥt 'with a salted knife'.
158162	qṣ	qṣ [ ]  	qṣ/	qṣ	n. m. sg. cstr. acc.	fillet (of meat)	qṣ mri 'a fillet of fatling' (DULAT qṣ, sense 2).
158163	mr	[m]r	mr(u(I)/&i	mrủ (I)	n. m. sg. abs. gen.	fattened	MERGE WITH THE NEXT: mr+i = mri, split across lines VI:57/58.
# KTU 1.4 VI:58							
158164	i	i  	mr(u(I)/&i	mrủ (I)	n. m. sg. abs. gen.	fattened	MERGE WITH THE PREVIOUS.
158165	tšty	tšty  	!t!šty[:w	/š-t-y/	vb G prefc. 3 m. pl.	to drink	
158166	krpnm	krp[nm  ]  	krpn/m	krpn	n. m. pl. abs. acc.	cup	Adverbial: 'they drink (from) goblets wine'.
158167	yn	[y]n	yn/	yn	n. m. sg. abs. acc.	wine	
# KTU 1.4 VI:59							
158168	b	[b ] 	b	b	prep.	in	
158169	ks	ks  	ks(I)/	ks (I)	n. m. sg. cstr. gen.	cup	
158170	ḫrṣ	ḫrṣ  	ḫrṣ/	ḫrṣ	n. m. sg. abs. gen.	gold	b ks ḫrṣ 'from a cup of gold'.
158171	dm	d[m  ]  	dm(II)/	dm (II)	n. m. sg. cstr. acc.	blood	dm ˤṣm 'the blood of trees' = wine.
158172	ˤṣm	[ʿṣm]	ˤṣ/m	ʕṣ	n. m. pl. abs. gen.	tree	
# KTU 1.4 VI:60							
158173	n	[           ]n	~n	-n (I)	encl. morph.	with c. n; in abs. state	Broken/isolated.
# KTU 1.4 VI:61							
158174	t	[           ]t	?	?	?	?	Isolated/broken sign.
# KTU 1.4 VI:62							
158175	ṯ	[           ]ṯ	ṯ	?	?	?	
# KTU 1.4 VI:63							
158176	n	[           ]n	~n	-n (I)	encl. morph.	with c. n; in abs. state	Broken/isolated.
# KTU 1.4 VI:64							
158177	xt	[           ]xt	?	?	?	?	Broken.
# KTU 1.4 VI:65							
158178	x	[           ]x	?	?	?	?	Broken; column end.
# KTU 1.4 VII:1							
158179	xxxxxx	[xxxxxx  ]  	?	?	?	?	Broken top of column.
158180		 	?	?	?	?	
158181	iqnim	iqni[m ] 	iqn(u&i/m	ỉqnủ	n. m. pl. abs. gen.	gem of lapis lazuli	Broken context.
158182	xxx	[xxx]	?	?	?	?	
# KTU 1.4 VII:2							
158183	xxxxxx	[xxxxxx  ]  	?	?	?	?	
158184	aliyn	aliyn  	aliyn/	ảlỉyn	adj. m. sg. abs. nom.	The Very / Most Powerful	
158185	bˤl	bʿl	bˤl(II)/	bʕl (II)	DN m. sg. abs. nom.	Baʿlu/Baal	
# KTU 1.4 VII:3							
158186	kxxxx	k[xxxx  ]  	?	?	?	?	Broken: k[…].
158187	tk	tk  	tk/	tk	n. m. sg. cstr. acc.	centre	
158187	tk	tk  	tk	tk	prep.	in the midst of	DULAT: tk n. 'centre', also used as prep. (EUPT: Präp.).
158188	mdd	mdd 	mdd(I)/	mdd (I)	n. m. sg. cstr. gen.	beloved	Broken context.
158189	il	il	il(I)/	ỉl (I)	DN m. sg. abs. gen.	ʾIlu/Ilu/El	
# KTU 1.4 VII:4							
158190	ym	ym[ ] 	ym(I)/	ym (I)	n. m. sg. abs. gen.	day	Broken: ym[…]. | Migrated from legacy reviewed tokenization.
158190	ym	ym[ ] 	ym(II)/	ym (II)	n. m. sg. abs. gen.	sea	Broken: ym[…]. | Migrated from legacy reviewed tokenization.
158191	xxxx	[xxxx  ]  	?	?	?	?	Broken: ym[…]. | Migrated from legacy reviewed tokenization.
158192		 	?	?	?	?	
158193	l	l 	l(I)	l (I)	prep.	to	
158194	ẓr	ẓr  	ẓr(I)/	ẓr (I)	n. m. sg. cstr. gen.	upon	
158195	qdqdh	qdqdh	qdqd/+h	qdqd	n. m. sg. cstr. gen. + 3 m. sg. suff.	skull	l ẓr qdqdh 'on the top of his head'.
# KTU 1.4 VII:5							
158196	il	il[ ] 	il(I)/	ỉl (I)	DN m. sg. cstr. nom.	ʾIlu/Ilu/El	Surface ilhd; broken/uncertain (DULAT ỉlh). | Migrated from legacy reviewed tokenization.
158196	il	il[ ] 	il(I)/	ỉl (I)	DN m. sg. abs. nom.	ʾIlu/Ilu/El	Surface ilhd; broken/uncertain (DULAT ỉlh). | Migrated from legacy reviewed tokenization.
158196	il	il[ ] 	il(I)/	ỉl (I)	n. m. sg. cstr. nom.	god	Surface ilhd; broken/uncertain (DULAT ỉlh). | Migrated from legacy reviewed tokenization.
158196	il	il[ ] 	il(I)/	ỉl (I)	n. m. sg. abs. nom.	god	Surface ilhd; broken/uncertain (DULAT ỉlh). | Migrated from legacy reviewed tokenization.
158197	hd	[hd  ]  	hd/	hd(d)	DN sg. abs. nom.	Haddu/Hadad	Surface ilhd; broken/uncertain (DULAT ỉlh). | Migrated from legacy reviewed tokenization.
158198	b	b 	b	b	prep.	in	
158199	rḥq	rḥq  	!(y!rḥq[	/r-ḥ-q/	vb G prefc. 3 m. sg.	to go away	DULAT: '[y]rḥq — he went away from the mountain (?)'.
158200	b	b 	b	b	prep.	in	
158201	ġr	ġr	ġr(I)/	ġr (I)	n. m. sg. abs. gen.	mountain	
# KTU 1.4 VII:6							
158202	km	km  	km	km	prep.	like	
158203	yxxx	y[xxx  ]  	?	?	?	?	Broken: y[…].
158204		 	?	?	?	?	
158205	ilm	ilm  	il(I)/m	ỉl (I)	n. m. pl. abs. nom.	god	
158206	b	b 	b	b	prep.	in	
158207	ṣpn	ṣpn	ṣpn/	ṣpn	TN/DN gen.	Ṣapānu/Zaphon/the mountain dwelling of bʕl deified	b ṣpn 'on Zaphon'.
# KTU 1.4 VII:7							
158208	ˤdr	ʿdr  	ˤ(b&dr[	/ʕ-b-r/	vb G suffc. 3 m. sg.	to go over, cross, pass	DULAT reads ˤb(!)r (d for b): 'he passed from [town] to town'.
158209	l	l[ ] 	l(I)	l (I)	prep.	to, towards, up to	Split l + ˤr 'to the city'. | Migrated from legacy reviewed tokenization.
158210	ˤr	[ʿ]r    	ˤr(I)/	ʕr (I)	n. f. sg. abs. gen.	city	Split l + ˤr 'to the city'. | Migrated from legacy reviewed tokenization.
158211	ˤrm	ʿrm	ˤr(I)/~m	ʕr (I)	n. f. sg. abs. gen. + encl. -m	city	
# KTU 1.4 VII:8							
158212	ṯb	ṯb  	ṯb[	/ṯ-b/	vb G suffc. 3 m. sg.	to return, turn round, go back, make one’s way, go through	'he passes from town to town'.
158213	l	l 	l(I)	l (I)	prep.	to	
158214	pdr	pd[r  ]  	pdr(I)/	pdr (I)	n. m. sg. cstr. gen.	town	
158215	pdrm	[p]drm	pdr(I)/~m	pdr (I)	n. m. sg. abs. gen. + encl. -m	town	
# KTU 1.4 VII:9							
158216	ṯṯ	ṯṯ  	ṯṯ/	ṯṯ	num.	2) composite numbers	
158217	l	l 	l(I)	l (I)	prep.	to	
158218	ṯṯm	ṯṯm  	ṯṯm/	ṯṯm	num.	2) composite numbers	ṯṯ l ṯṯm 'sixty-six'.
158219	aḫd	aḫd  	(ʔ&aḫd[	/ʔ-ḫ-d(/ḏ)/	vb G suffc. 3 m. sg.	to collect, to take (back), grasp, seize, hold	'he seizes sixty-six towns'.
158220	ˤr	ʿr	ˤr(I)/	ʕr (I)	n. f. sg. abs. acc.	city	EUPT genders m.
# KTU 1.4 VII:10							
158221	šbˤm	šbʿm  	šbˤm/	šbʕm	num.	1) seventy c) in composite numbers	šbˤm šbˤ pdr 'seventy-seven towns'.
158222	šbˤ	šbʿ  	šbˤ(I)/	šbʕ (I)	n. num.	2) composite numbers b) tens	
158223	pdr	pdr	pdr(I)/	pdr (I)	n. m. sg. abs. acc.	town	
# KTU 1.4 VII:11							
158224	ṯmnym	ṯmnym  	ṯmnym/	ṯmnym	num.	eighty	ṯmnym bˤl 'eighty (cities) Baal (smites)'.
158225	bˤl	bʿl  	bˤl(II)/	bʕl (II)	DN m. sg. abs. nom.	Baʿlu/Baal	
158226	mḫṣ	m[ḫṣ]	mḫṣ[	/m-ḫ-ṣ/	vb G suffc. 3 m. sg.	to wound	
# KTU 1.4 VII:12							
158227	tšˤm	tšʿm  	tšˤm/	tšʕm	num.	ninety	
158228	bˤl	bʿl  	bˤl(II)/	bʕl (II)	DN m. sg. abs. nom.	Baʿlu/Baal	
158229	mrr	mr[r]	mr[r	/m-r(-r)/ (I)	vb G suffc. 3 m. sg.	to go away, leave	DULAT cites mr[r at this line s.v. /m-r(-r)/ (I).
# KTU 1.4 VII:13							
158230	b	b 	b	b	prep.	in	
158231	bt	bt [ ]  	bt(II)/	bt (II)	n. m. sg. abs. gen.	1) house	
158232	ˤrb	[ʿ]rb    	ˤrb[	/ʕ-r-b/ (I)	vb G suffc. 3 m. sg.	1) to enter	DULAT: '[ˤ]rb bˤl b qrb bt — Baal entered within (his) house'.
158233	bˤl	bʿl  	bˤl(II)/	bʕl (II)	DN m. sg. abs. nom.	Baʿlu/Baal	
158234	b	b 	b	b	prep.	in	
158235	qrb	qrb	qrb/	qrb	n. m. sg. cstr. gen.	1) inside	
# KTU 1.4 VII:14							
158236	bt	bt  	bt(II)/	bt (II)	n. m. sg. abs. gen.	1) house	
158237	w	w 	w	w	conj.	and	
158238	yˤn	yʿn  	!y!ˤn(y(I)[	/ʕ-n-y/ (I)	vb G prefc. 3 m. sg.	to answer	'And Mightiest Baal answers'.
158239	aliyn	aliyn	aliyn/	ảlỉyn	adj. m. sg. abs. nom.	The Very / Most Powerful	
# KTU 1.4 VII:15							
158240	bˤl	bʿl   	bˤl(II)/	bʕl (II)	DN m. sg. abs. nom.	Baʿlu/Baal	
158241	aštm	aštm  	!(ʔ&a!št[~m	/š-t/	vb G prefc. 1 c. sg. + encl. -m	to place, set, set up, leave	'I will indeed set (a window), O Kothar'.
158242	kṯr	kṯr  	kṯr(III)/	kṯr (III)	DN m. sg. abs. nom.	Koṯaru/Kothar	
158243	bn	bn	b~n	b	prep. + encl. -n	2) temporal situation a) time when something happens	
# KTU 1.4 VII:16							
158244	ym	ym  	ym(I)/	ym (I)	n. m. sg. abs. gen.	1) day a) as a date	bn ym 'this very day'.
158245	kṯr	kṯr  	kṯr(III)/	kṯr (III)	DN m. sg. abs. nom.	Koṯaru/Kothar	
158246	bnm	bnm  	b~nm	b	prep. + encl.	in	
158247	ˤdt	ʿdt	ˤd(t(II)/t	ʕdt (II)	n. f. sg. abs. gen.	date	bnm ˤdt 'at the appointed time'.
# KTU 1.4 VII:17							
158248	yptḥ	yptḥ  	!y!ptḥ[	/p-t-ḥ/	vb G prefc. 3 m. sg.	to open	DULAT: 'he opens a window in the palace'.
158248	yptḥ	yptḥ  	!y!](n]ptḥ[	/p-t-ḥ/	vb N prefc. 3 m. sg.	to open	N reading: 'a window is opened' (DULAT notes a possible N).
158249	ḥln	ḥln  	ḥln/	ḥln	n. m. sg. abs. acc.	window	
158250	b	b 	b	b	prep.	in	
158251	bhtm	bhtm	bht(II)/m	bt (II)	n. m. pl. cstr. gen.	2) palace	
# KTU 1.4 VII:18							
158252	urbt	urbt  	urb(t/t	ủrbt	n. f. sg. abs. acc.	window	
158253	b	b 	b	b	prep.	in	
158254	qrb	qrb 	qrb/	qrb	n. m. sg. cstr. gen.	inside	
158255	hkl	hkl	hkl/m	hkl	n. m. pl. abs. gen.	palace	MERGE WITH THE NEXT: hkl+m = hklm, split VII:18/19.
# KTU 1.4 VII:19							
158256	m	m  	hkl/m	hkl	n. m. pl. abs. gen.	palace	MERGE WITH THE PREVIOUS.
158257	w	w 	w	w	conj.	and	Split w + yptḥ written together. | Migrated from legacy reviewed tokenization.
158258	yptḥ	[y]ptḥ    	!y!ptḥ[	/p-t-ḥ/	vb G prefc. 3 m. sg.	to open	Split w + yptḥ written together. | Migrated from legacy reviewed tokenization.
158259	bdqt	bdqt  	bdq(t/t	bdqt	n. f. sg. cstr. acc.	fissure	
158260	ˤrpt	ʿrpt	ˤrp(t/t=	ʕrpt	n. f. pl. tant. abs. gen.	cloud(s)	bdqt ˤrpt 'a rift in the clouds'.
# KTU 1.4 VII:20							
158261	ˤl	ʿl 	ˤl(I)	ʕl (I)	prep.	2) relationship of cause a) according to	
158262	hwt	hwt  	hw(t(I)/t	hwt (I)	n. f. sg. cstr. gen.	word	ˤl hwt kṯr 'at the word of Kothar'.
158263	kṯr	kṯr  	kṯr(III)/	kṯr (III)	DN m. sg. abs. gen.	Koṯaru/Kothar	
158264	w	w 	w	w	conj.	and	
158265	ḫss	ḫss	ḫss/	ḫss	DN m. sg. abs. nom.	Ḫasisu/Khasis	
# KTU 1.4 VII:21							
158266	ṣḥq	ṣḥq  	ṣḥq[	/ṣ-ḥ-q/	vb G suffc. 3 m. sg.	to laugh	'Kothar-and-Khasis laughs'.
158267	kṯr	kṯr  	kṯr(III)/	kṯr (III)	DN m. sg. abs. nom.	Koṯaru/Kothar	
158268	w	w 	w	w	conj.	and	
158269	ḫss	ḫss	ḫss/	ḫss	DN m. sg. abs. nom.	Ḫasisu/Khasis	
# KTU 1.4 VII:22							
158270	yšu	yšu   	!y!(nš(ʔ[&u	/n-š-ʔ/	vb G prefc. 3 m. sg.	to raise	
158271	gh	gh   	g/+h	g	n. m. sg. cstr. acc.	(loud) voice	
158272	w	w 	w	w	conj.	and	
158273	yṣḥ	yṣḥ	!y!ṣḥ[	/ṣ-ḥ/	vb G prefc. 3 m. sg.	to exclaim	
# KTU 1.4 VII:23							
158274	l	l 	l(II)	l (II)	neg. adv.	no, not	l rgmt lk 'did I not tell you?' (DULAT; // 1.2 IV:7).
158274	l	l 	l(III)	l (III)	functor	certainly, undoubtedly, yes	
158275	rgmt	rgmt  	rgm[t	/r-g-m/	vb G suffc. 1 c. sg.	to say	
158276	lk	lk  	l(I)+k	l (I)	prep. + 2 m. sg. suff.	to	
158277	l	l 	l(IV)	l (IV)	interj.	oh!	
158278	ali	ali	aliyn/	ảlỉyn	adj. m. sg. abs. nom.	The Very / Most Powerful	MERGE WITH THE NEXT: ali+yn = aliyn, split across lines VII:23/24.
# KTU 1.4 VII:24							
158279	yn	yn  	aliyn/	ảlỉyn	adj. m. sg. abs. nom.	The Very / Most Powerful	MERGE WITH THE PREVIOUS; l ali|yn bˤl 'O Mightiest Baal'.
158280	bˤl	bʿl  	bˤl(II)/	bʕl (II)	DN m. sg. abs. nom.	Baʿlu/Baal	
158281	tṯbn	tṯbn  	!t=!ṯb[~n	/ṯ-b/	vb G prefc. 2 m. sg. + energic -n	to return, turn round, go back, make one’s way, go through	'you will come round, O Baal, to my word'.
158282	bˤl	bʿl	bˤl(II)/	bʕl (II)	DN m. sg. abs. nom.	Baʿlu/Baal	
# KTU 1.4 VII:25							
158283	l	l 	l(I)	l (I)	prep.	to	
158284	hwty	hwty   	hw(t(I)/t+y	hwt (I)	n. f. sg. cstr. + 1 c. sg. suff.	word	
158285	yptḥ	yptḥ  	!y!ptḥ[	/p-t-ḥ/	vb G prefc. 3 m. sg.	to open	DULAT: 'he opened a window in the palace'.
158285	yptḥ	yptḥ  	!y!](n]ptḥ[	/p-t-ḥ/	vb N prefc. 3 m. sg.	to open	N reading: 'a window is opened'.
158286	ḥ	ḥ	ḥln/	ḥln	n. m. sg. abs. acc.	window, opening	MERGE WITH THE NEXT: ḥ+ln = ḥln, split across lines VII:25/26.
# KTU 1.4 VII:26							
158287	ln	ln  	ḥln/	ḥln	n. m. sg. abs. acc.	window, opening	MERGE WITH THE PREVIOUS.
158288	b	b 	b	b	prep.	in	
158289	bhtm	bhtm  	bht(II)/m	bt (II)	n. m. pl. cstr. gen.	house	
158290	urbt	urbt	urb(t/t	ủrbt	n. f. sg. abs. acc.	window	
# KTU 1.4 VII:27							
158291	b	b 	b	b	prep.	in	
158292	qrb	qrb  	qrb/	qrb	n. m. sg. cstr. gen.	inside	
158293	hklm	hklm   	hkl/m	hkl	n. m. pl. abs. gen.	palace	
158294	yptḥ	yptḥ	!y!ptḥ[	/p-t-ḥ/	vb G prefc. 3 m. sg.	to open	'Baal opens a rift in the clouds'.
# KTU 1.4 VII:28							
158295	bˤl	bʿl  	bˤl(II)/	bʕl (II)	DN m. sg. abs. nom.	Baʿlu/Baal	
158296	bdqt	bdqt   	bdq(t/t	bdqt	n. f. sg. cstr. acc.	fissure	
158297	ˤrpt	ʿrpt	ˤrp(t/t=	ʕrpt	n. f. pl. tant. abs. gen.	cloud(s)	
# KTU 1.4 VII:29							
158298	qlh	qlh  	ql(I)/+h	ql (I)	n. m. sg. cstr. acc.	4) the thunderous “voice” (said of Baal’s voice)	qlh qdš 'his holy voice'.
158299	qdš	qdš   	qdš(I)/	qdš (I)	adj. m. sg. abs. acc.	1) holy	
158300	bˤl	bʿl   	bˤl(II)/	bʕl (II)	DN m. sg. abs. nom.	Baʿlu/Baal	
158301	ytn	ytn	!y!(ytn[	/y-t-n/	vb G prefc. 3 m. sg.	to give, hand over, grant, bestow	'Baal gives forth his voice'.
# KTU 1.4 VII:30							
158302	yṯny	yṯny  	!y!ṯny[	/ṯ-n-y/	vb G prefc. 3 m. sg.	to repeat, reiterate	
158303	bˤl	bʿl  	bˤl(II)/	bʕl (II)	DN m. sg. abs. nom.	Baʿlu/Baal	
158304	ṣat	ṣ[at  ]  	ṣ(ʔ&a(t/t	ṣảt	n. f. sg. cstr. nom.	issue	DULAT cites the noun ṣảt here: 'the expression of his lips'.
158305		 	?	?	?	?	
158306	špth	špth	šp(t/t+h	špt	n. f. du. cstr. + 3 m. sg. suff.	lip	EUPT genders m.
# KTU 1.4 VII:31							
158307	qlh	qlh  	ql(I)/+h	ql (I)	n. m. sg. cstr. nom.	voice	
158308	qdš	q[dš  ]  	qdš(I)/	qdš (I)	adj. m. sg. abs. nom.	holy	
158309	trr	trr  	trr[	/t-r-r/	vb G suffc. 3 m. sg.	to make tremble	qlh ... trr arṣ 'his voice convulses the earth'.
158310	arṣ	arṣ	arṣ/	ảrṣ	n. f. sg. abs. acc.	2) the world	
# KTU 1.4 VII:32							
158311	ṣat	ṣat  	ṣ(ʔ&a(t/t	ṣảt	n. f. sg. cstr. nom.	issue	
158312	špth	[šp]th    	šp(t/t+h	špt	n. f. du. cstr. + 3 m. sg. suff.	lip	EUPT genders m.
158313	ġrm	ġrm   	ġr(I)/m	ġr (I)	n. m. pl. abs. nom.	mountain	ṣat špth ... ġrm 'at the issuing of his lips the mountains (quake)'.
158314	aḫšn	aḫšn	!(t&a!ḫš[~n	/ḫ-š/	vb G prefc. 3 m. pl.	to be afraid, be alarmed	DULAT reads t(!)ḫšn (a for t): 'the mountains were afraid'.
158314	aḫšn	aḫšn	!(ʔ&a!ḫš[~n	/ḫ-š/	vb G prefc. 1 c. sg.	to be afraid, be alarmed	As written aḫšn.
# KTU 1.4 VII:33							
158315	rtq	rtq  	rtq[/	/r-t-q/	vb G pass. ptcpl. m. sg. abs. nom.	to tie up / close	Broken context.
158316	xxxxxxxx	[xxxxxxxx]	?	?	?	?	
# KTU 1.4 VII:34							
158317	qdmym	qdmym  	qdmy/m	qdmy	adj. m. pl. abs. nom.	ancient	
158318	bmt	bmt  	bm(t/t=	bmt	n. f. pl. cstr. nom.	2) height	bmt arṣ 'the high places of the earth'.
158319	arṣ	ar[ṣ]	arṣ/	ảrṣ	n. f. sg. abs. gen.	3) lower world	
# KTU 1.4 VII:35							
158320	tṭṭn	tṭṭn  	!t!(nṭṭ[n	/n-ṭ-ṭ/	vb G prefc. 3 f. pl.	to shake	'the high places of the earth shake' (subject bmt pl.).
158321	ib	ib  	ib(I)/	ỉb (I)	n. m. pl. cstr. nom.	enemy	ib bˤl 'the enemies of Baal'.
158322	bˤl	bʿl  	bˤl(II)/	bʕl (II)	DN m. sg. abs. gen.	Baʿlu/Baal	
158323	tiḫd	tiḫd	!t!(ʔ&iḫd[	/ʔ-ḫ-d(/ḏ)/	vb G prefc. 3 m. pl.	to collect, to take (back), grasp, seize, hold	'the foes of Baal grasp the wooded slopes'.
# KTU 1.4 VII:36							
158324	yˤrm	yʿrm  	yˤr(II)/m	yʕr (II)	n. m. pl. abs. acc.	wood	
158325	šnu	šnu  	šnu/	šnủ	n. m. pl. cstr. nom.	enemy	Subject: 'the haters of Hadd seized the mountain flanks'.
158326	hd	hd  	hd/	hd(d)	DN m. sg. cstr. gen.	Haddu/Hadad	
158327	gpt	gpt	gp(I)/t	gp (I)	n. f. sg. cstr. acc.	2) slope	
# KTU 1.4 VII:37							
158328	ġr	ġr  	ġr(I)/	ġr (I)	n. m. sg. abs. gen.	mountain	gpt ġr 'the flank of the mountain'.
158329	w	w 	w	w	conj.	and	
158330	yˤn	yʿn  	!y!ˤn(y(I)[	/ʕ-n-y/ (I)	vb G prefc. 3 m. sg.	to answer	'And Mightiest Baal answers'.
158331	aliyn	aliyn	aliyn/	ảlỉyn	adj. m. sg. abs. nom.	The Very / Most Powerful	
# KTU 1.4 VII:38							
158332	bˤl	bʿl  	bˤl(II)/	bʕl (II)	DN m. sg. abs. nom.	Baʿlu/Baal	
158333	ib	ib  	ib(I)/	ỉb (I)	n. m. pl. cstr. nom.	enemy	Vocative: 'O enemies of Hadd, why do you tremble?'.
158334	hdxt	hd[[x]]t    	hd/ t	hd(d)	DN m. sg. abs.	Haddu/Hadad	Surface hdxt; broken (hd + ?).
158335	lm	lm  	lm(II)	lm (II)	interr. pn.	why?, what for?	DULAT: 'why are you frightened?' (// 1.2 I:24).
158336	tḫš	tḫš	!t===!ḫš[	/ḫ-š/	vb G prefc. 2 m. pl.	to tremble, be alarmed	
# KTU 1.4 VII:39							
158337	lm	lm  	lm(II)	lm (II)	interr. pn.	why?, what for?	
158338	tḫš	tḫš  	!t===!ḫš[	/ḫ-š/	vb G prefc. 2 m. pl.	to tremble	
158339	nṯq	nṯq  	nṯq/	nṯq	n. m. sg. cstr. acc.	missiles	nṯq dmrn 'the weapon of the Valiant One'.
158340	dmrn	dmrn	dmrn/	dmrn	DN sg. abs. gen.	the Powerful One/Valiant One/title of Baal	Title of Baal.
# KTU 1.4 VII:40							
158341	ˤn	ʿn  	ˤn(I)/	ʕn (I)	n. f. du. cstr. nom.	1) eye a) ʕn bʕl qdm ydh the eye(/s) of DN precede(s) his hands	ˤn bˤl 'the eyes of Baal precede his hands'.
158342	bˤl	bʿl  	bˤl(II)/	bʕl (II)	DN m. sg. abs. gen.	Baʿlu/Baal	
158343	qdm	qdm  	qdm[:d	/q-d-m/	vb D suffc. 3 f. du.	to precede	Subject ˤn (du.): 'the eyes of Baal precede his hands' (DULAT).
158343	qdm	qdm  	qdm(II)	qdm (II)	prep.	to precede	EUPT: qdm (II) prep. 'before, in front of'.
158344	ydh	ydh	yd(I)/+h	yd (I)	n. f. du. cstr. + 3 m. sg. suff.	1) hand a) yrḥṣ ydh ảmth he washed his hands up to the elbow	
# KTU 1.4 VII:41							
158345	k	k 	k(III)	k (III)	subordinating / completive functor	when	
158346	tġḏ	tġḏ  	!t!ġḏ(y[	/ġ-ḏ-y/	vb G prefc. 3 f. sg.	to shoot, leap	'when the cedar quivers in his right hand' (DULAT /ġ-ḏ-y/).
158347	arz	arz  	arz(I)/	ảrz (I)	n. m. sg. abs. nom.	2) staff	
158348	b	b 	b	b	prep.	in	
158349	ymnh	ymnh	ymn(I)/+h	ymn (I)	n. m. sg. cstr. + 3 m. sg. suff.	1) right (side) a) right (hand)	
# KTU 1.4 VII:42							
158350	bkm	bkm  	bkm	bkm	adv.	next	
158351	yṯb	yṯb  	!y!(yṯb[	/y-ṯ-b/	vb G prefc. 3 m. sg.	to sit down	'thereupon Baal returns to his house'.
158352	bˤl	bʿl  	bˤl(II)/	bʕl (II)	DN m. sg. abs. nom.	Baʿlu/Baal	
158353	l	l 	l(I)	l (I)	prep.	to	
158354	bhth	bhth	bht(II)/+h	bt (II)	n. m. pl. cstr. + 3 m. sg. suff.	2) palace	
# KTU 1.4 VII:43							
158355	u	u 	u	ủ	conj.	1) or b) disj. use in a correlative	
158356	mlk	mlk  	mlk(I)/	mlk (I)	n. m. sg. abs. nom.	1) king b) contrasted with “non-king”	u mlk u bl mlk 'whether king or no-king'.
158357	u	u 	u	ủ	conj.	1) or b) disj. use in a correlative	
158358	bl	bl 	bl(I)	bl (I)	emph. / neg. functor	no	
158359	mlk	mlk	mlk(I)/	mlk (I)	n. m. sg. abs. nom.	1) king b) contrasted with “non-king”	
# KTU 1.4 VII:44							
158360	arṣ	arṣ  	arṣ/	ảrṣ	n. f. sg. cstr. acc.	2) the world	
158361	drkt	drkt  	drk(t/t	drkt	n. f. sg. abs. gen.	rule	arṣ drkt 'a land of dominion' (DULAT).
158362	yštkn	yštkn	!y!š]t]kn[	/š-k-n/	vb Št prefc. 3 m. sg.	to establish oneself	
# KTU 1.4 VII:45							
158363	dll	dll  	dll(I)/	dll (I)	n. m. sg. abs. acc.	courier	
158364	al	al  	al(II)	ảl (II)	asseverative functor	surely	'surely I will send a messenger'.
158365	ilak	ilak  	!(ʔ&i!l(ʔ&ak[	/l-ʔ-k/	vb G prefc. 1 c. sg.	to send (a message)	
158366	l	l 	l(I)	l (I)	prep.	to	
158367	bn	bn	bn(I)/	bn (I)	n. m. sg. cstr. gen.	son	bn ilm mt 'the son of El, Môt'.
# KTU 1.4 VII:46							
158368	ilm	ilm  	il(I)/~m	ỉl (I)	DN m. sg. abs. gen. + encl. -m	god	bn ilm mt 'the son of El, Môt' (// 1.3 V:18).
158369	mt	mt  	mt(II)/	mt (II)	DN m. sg. abs. gen.	Mot/Death	
158370	ˤdd	ʿdd 	ˤdd(I)/	ʕdd (I)	n. m. sg. abs. acc.	herald	ˤdd l ydd il ġzr 'a herald to the Beloved of El, the Hero'.
158371	l	l 	l(I)	l (I)	prep.	to	
158372	ydd	ydd	ydd(I)/	ydd (I)	adj. m. sg. cstr. gen.	loved	EUPT/construct: bound to the following genitive.
# KTU 1.4 VII:47							
158373	il	il  	il(I)/	ỉl (I)	DN m. sg. cstr. gen.	ʾIlu/Ilu/El	
158374	ġzr	ġzr  	ġzr/	ġzr	n. m. sg. abs. gen.	lad	
158375	yqra	yqra  	!y!qr(ʔ[&a	/q-r-ʔ/	vb G prefc. 3 m. sg.	to call, shout, invite	'Mot calls in his throat'.
158376	mt	mt	mt(II)/	mt (II)	DN m. sg. abs. acc.	Mot/Death	DULAT: 'may he call to Mot in his soul' (object of yqra).
158376	mt	mt	mt(II)/	mt (II)	DN m. sg. abs. nom.	Mot/Death	Subject reading: 'Mot calls in his throat'.
# KTU 1.4 VII:48							
158377	b	b 	b	b	prep.	in	
158378	npšh	npšh  	npš(I)/+h	npš (I)	n. f. sg. cstr. + 3 m. sg. suff.	4) soul	b npšh 'in his throat'.; EUPT genders m.
158379	ystrn	ystrn 	!y!s]t]r[~n	/s-r/	vb Gt prefc. 3 m. sg. + energic -n	to exult inwardly	DULAT /s-r/ Gt; the Beloved schemes inwardly.
158380	ydd	ydd	ydd(I)/	ydd (I)	adj. m. sg. abs. nom.	loved	
# KTU 1.4 VII:49							
158381	b	b 	b	b	prep.	in	
158382	gngnh	gngnh  	gngn/+h	gngn	n. m. sg. cstr. gen. + 3 m. sg. suff.	insides	
158383	aḥdy	aḥdy  	aḥd/+y	ảḥd	adj. m. sg. abs. nom. + 1 c. sg. suff.	2) adv	aḥdy d ymlk 'I alone am the one who rules over the gods' (DULAT ảḥd + -y).
158384	d	d 	d	d	det. or rel. functor	2) which	
158385	ym	ym	!y!mlk[	/m-l-k/	vb G prefc. 3 m. sg.	to reign, rule	MERGE WITH THE NEXT: ym+lk = ymlk, split VII:49/50; aḥdy d ymlk ˤl ilm 'I alone am the one who reigns over the gods'.
# KTU 1.4 VII:50							
158386	lk	lk  	!y!mlk[	/m-l-k/	vb G prefc. 3 m. sg.	to reign, rule	MERGE WITH THE PREVIOUS.
158387	ˤl	ʿl  	ˤl(I)	ʕl (I)	prep.	1) spatial location or pre-eminence a) upon	
158388	ilm	ilm  	il(I)/m	ỉl (I)	n. m. pl. abs. gen.	1) god c) object or purpose of an action	
158389	l	l 	l(III)	l (III)	functor	certainly	
158390	ymru	ymru	!y!mr(ʔ[&u	/m-r-ʔ/	vb G prefc. 3 m. sg.	to fatten	'(who) fattens gods and men'.
158390	ymru	ymru	!y!mr(ʔ[&u:d	/m-r-ʔ/	vb D prefc. 3 m. sg.	to fatten	EUPT: D-stem (unwritten gemination; both viable).
# KTU 1.4 VII:51							
158391	ilm	ilm  	il(I)/m	ỉl (I)	n. m. pl. abs. acc.	1) god a) as a class	
158392	w	w 	w	w	conj.	1) copulative conj.	
158393	nšm	nšm  	nš(m/m	nšm	n. m. pl. tant. abs. acc.	people	
158394	d	d 	d	d	det. or rel. functor	2) which	
158395	yšb	yšb	!y!šb(ʕ[	/š-b-ʕ/ (II)	vb G prefc. 3 m. sg.	to be sated, glutted	
# KTU 1.4 VII:52							
158396	ˤ	[ʿ]    	?	?	?	?	Broken sign.
158397	hmlt	hmlt  	hml(t/t=	hmlt	n. f. pl. tant. cstr. acc.	multitude	
158398	arṣ	arṣ  	arṣ/	ảrṣ	n. f. sg. cstr. gen.	earth	
158399	gm	gm  	g/~m	g	n. m. sg. + encl. -m	(loud) voice	gm l ġlmh 'aloud (Baal calls) to his lads'.
158400	l	l 	l(I)	l (I)	prep.	to	
158401	ġ	ġ	ġlm/+h	ġlm	n. m. du. cstr. gen. + 3 m. sg. suff.	boy, youth	MERGE WITH THE NEXT: ġ+lmh = ġlmh, split across lines VII:52/53.
# KTU 1.4 VII:53							
158402	lmh	[l]mh    	ġlm/+h	ġlm	n. m. du. cstr. gen. + 3 m. sg. suff.	boy, youth	MERGE WITH THE PREVIOUS; 'to his lads Baal does cry'.
158403	bˤl	bʿl  	bˤl(II)/	bʕl (II)	DN m. sg. abs. nom.	Baʿlu/Baal	
158404	k	k 	k(IV)	k (IV)	adv.	thus, in this way	
158405	yṣḥ	yṣḥ  	!y!ṣḥ[	/ṣ-ḥ/	vb G prefc. 3 m. sg.	to exclaim, shout	
158406	ˤn	ʿn	!!ˤn[	/ʕ-n/	vb G impv. m. du.	to see, look (at), watch, spy	ʕn gpn w ugr 'look, Gapnu-and-Ugaru!' (// 1.3 VI:6).
# KTU 1.4 VII:54							
158407	gpn	[gpn]    	gpn(III)/	gpn (III)	DN m. sg. abs. nom.	?	gpn w ugr 'Gapnu-and-Ugaru' (Baal's two messengers).
158408	w	w 	w	w	conj.	and	
158409	ugr	ugr  	ugr(II)/	ủgr (II)	DN m. sg. abs. nom.	Ugar/one of the two messenger-boys of Baal	
158410	bn	b<n>  	b~n	b	prep. + encl. -n	son	bn ġlmt 'in the gloom' (// bn ẓlmt). | Migrated from legacy reviewed tokenization.
158411	ġlmt	ġlmt	ġlm(t(II)/t	ġlmt (II)	n. f. sg. abs. gen.	damsel	bn ġlmt 'in the gloom' (// bn ẓlmt). | Migrated from legacy reviewed tokenization.
# KTU 1.4 VII:55							
158412	ˤmm	[ʿmm  ]  	ˤm(II)/~m	ʕm (II)	n. m. sg. cstr. nom. + encl. -m	lineage, ancestors	// 1.3 VI:8 ˤmm ym.
158413	ym	ym  	ym(I)/	ym (I)	n. m. sg. abs. gen.	day	Broken.
158414	bn	bn  	b~n	b	prep. + encl. -n	1) spatial location a) place in which something occurs	
158415	ẓlmt	ẓlmt  	ẓlm(t/t	ẓlmt	n. f. sg. abs. gen.	darkness	bn ẓlmt 'in the darkness'.
158416	r	r	?	?	?	?	Broken: r[…].
# KTU 1.4 VII:56							
158417	mt	[mt  ]  	mt(II)/	mt (II)	DN m. sg. abs.	Mot/Death	Broken; the message to Mot continues.
158418	prˤt	[prʿ]t   	prˤ(t/t=	prʕt	n. f. pl. cstr. gen.	height	
158419	ibr	ibr 	ibr(II)/	ỉbr (II)	n. m. pl. cstr. gen.	wing	
158420	mnt	mnt	mn(t(I)/t	mnt (I)	n. f. sg. abs. gen.	1) portion	
# KTU 1.4 VII:57							
158421	ṣḥrrm	[ṣḥrrm  ]  	ṣḥrr[~m	/ṣ-ḥ-r-r/	vb G suffc. 3 m. pl. + encl. -m	to roast	
158422	ḥblm	[ḥblm  ]  	ḥbl(I)/m	ḥbl (I)	n. m. pl. abs. nom.	2) band	
158423	b	[b]  	b	b	prep.	in	
158424	ˤrpt	ʿrpt	ˤrp(t/t=	ʕrpt	n. f. pl. tant. abs. gen.	cloud(s)	
# KTU 1.4 VII:58							
158425	xxxxxxxxxx	[xxxxxxxxxx ] 	?	?	?	?	Lower column broken.
158426		 	?	?	?	?	
158427	tḥt	tḥt	tḥt(I)	tḥt (I)	prep.	4) among	
# KTU 1.4 VII:59							
158428	xxxxxxxxxxm	[xxxxxxxxxx]m	?	?	?	?	
# KTU 1.4 VII:60							
158429	xxxxxxxxxxt	[xxxxxxxxxx]t	?	?	?	?	Column end.
# KTU 1.4 VIII:1							
158430	idk	idk  	idk	ỉdk	narrative adv. functor	then	idk al ttn pnm 'then they set their faces'.
158431	al	al  	al(II)	ảl (II)	asseverative functor	surely	Asseverative al (not negative); the journey formula.
158432	ttn	ttn  	!t!(ytn[	/y-t-n/	vb G prefc. 2 m. du.	to give	Baal instructs his two messengers (// 1.3 VI:23).
158433	pnm	pnm	pn(m/m	pnm	n. m. pl. tant. abs. acc.	1) face	
# KTU 1.4 VIII:2							
158434	ˤm	ʿm  	ˤm(I)	ʕm (I)	prep.	to	toward
158435	ġr	ġr  	ġr(I)/	ġr (I)	n. m. sg. cstr. gen.	mountain	
158436	trġzz	trġzz	trġzz/	trġzz	TN sg. abs. gen.	trġzz	Mt. Targuzizu.
# KTU 1.4 VIII:3							
158437	ˤm	ʿm  	ˤm(I)	ʕm (I)	prep.	to	
158438	ġr	ġr  	ġr(I)/	ġr (I)	n. m. sg. cstr. gen.	mountain	
158439	ṯrmg	ṯrmg	ṯrmg/	ṯrmg	TN sg. abs. gen.	ṯrmg	Mt. Tharumagi.
# KTU 1.4 VIII:4							
158440	ˤm	ʿm  	ˤm(I)	ʕm (I)	prep.	to	
158441	tlm	tlm  	tl(I)/m	tl (I)	n. m. du. cstr. gen.	hill	tlm 'the two hills'.
158442	ġṣr	ġṣr  	ġṣr/	ġṣr	n. m. sg. cstr. gen.	limit	ġṣr arṣ 'the edge of the earth'.
158443	arṣ	arṣ	arṣ/	ảrṣ	n. f. sg. abs. gen.	2) the world	
# KTU 1.4 VIII:5							
158444	ša	ša  	!!(nš(ʔ[&a	/n-š-ʔ/	vb G impv. m. du.	to raise, lift, help up	ša 'lift!'.
158445	ġr	ġr  	ġr(I)/	ġr (I)	n. m. sg. abs. acc.	mountain	
158446	ˤl	ʿl  	ˤl(I)	ʕl (I)	prep.	upon, on top of	ʕl ydm 'upon (both) hands' (prep., not ʕl III).
158447	ydm	ydm	yd(I)/m	yd (I)	n. f. du. cstr. gen.	1) hand a) yrḥṣ ydh ảmth he washed his hands up to the elbow	
# KTU 1.4 VIII:6							
158448	ḫlb	ḫlb  	ḫlb(I)/	ḫlb (I)	n. m. sg. abs. acc.	massif	
158449	l	l 	l(I)	l (I)	prep.	to	
158450	ẓr	ẓr  	ẓr(I)/	ẓr (I)	n. m. sg. cstr. gen.	upon	l ẓr rḥtm 'upon the back of the palms'.
158451	rḥtm	rḥtm	rḥ(t/tm	rḥt	n. f. du. abs. gen.	palm of the hand	EUPT genders m.
# KTU 1.4 VIII:7							
158452	w	w 	w	w	conj.	and	
158453	rd	rd  	!!(yrd[	/y-r-d/	vb G impv. m. du.	to go down, descend	rd 'go down!' (hidden y).
158454	bt	bt 	bt(II)/	bt (II)	n. m. sg. cstr. acc.	1) house	bt ḫpṯt arṣ 'the netherworld house'.
158455	ḫpṯt	ḫpṯt	ḫpṯ(t/t	ḫpṯt	n. f. sg. cstr. gen.	?	ḫpṯt: the netherworld; DULAT gives no gloss.
# KTU 1.4 VIII:8							
158456	arṣ	arṣ  	arṣ/	ảrṣ	n. f. sg. abs. gen.	4) the underworld	EUPT genders m.
158457	tspr	tspr  	!t!spr[	/s-p-r/	vb G prefc. 2 m. du.	to count	tspr b yrdm arṣ 'be numbered among those who go down'.
158457	tspr	tspr  	!t!](n]spr[	/s-p-r/	vb N prefc. 2 m. du.	to count	EUPT: N-stem (passive), 'be counted'.
158458	b	b 	b	b	prep.	4) relation of accompaniment and instrumental a) company	among
158459	y	y	yrd[m	/y-r-d/	vb G act. ptcpl. m. pl. cstr. gen.	to go down, descend	MERGE WITH THE NEXT: y+rdm = yrdm 'those who go down', split VIII:8/9.
# KTU 1.4 VIII:9							
158460	rdm	rdm  	yrd[m	/y-r-d/	vb G act. ptcpl. m. pl. cstr. gen.	to go down	MERGE WITH THE PREVIOUS.
158461	arṣ	arṣ	arṣ/	ảrṣ	n. f. sg. abs. gen.	4) the underworld	
# KTU 1.4 VIII:10							
158462	idk	idk  	idk	ỉdk	narrative adv. functor	then	
158463	al	al  	al(II)	ảl (II)	asseverative functor	surely	
158464	ttn	ttn	!t!(ytn[	/y-t-n/	vb G prefc. 2 m. du.	to give	
# KTU 1.4 VIII:11							
158465	pnm	pnm  	pn(m/m	pnm	n. m. pl. tant. abs. acc.	face	
158466	tk	tk  	tk/	tk	n. m. sg. cstr. acc.	2) to	tk qrth 'into the midst of his city'.
158466	tk	tk  	tk	tk	prep.	in the midst of	DULAT: tk n. 'centre', also used as prep. (EUPT: Präp.).
158467	qrth	qrth	qr(t(I)/t+h	qrt (I)	n. f. sg. cstr. gen. + 3 m. sg. suff.	1) city	his city
# KTU 1.4 VIII:12							
158468	hmry	hmry  	hmry/	hmry	TN sg. abs. gen.	Fangosa	His city Hmry ('Muddy').
158469	mk	mk  	mk(I)/	mk (I)	n. m. sg. abs. nom.	large puddle	DULAT: 'a pit is the throne of his seat'; TCS: TN Mukku.
158469	mk	mk  	mk(II)	mk (II)	deictic functor	behold!, see!	// 1.5 II:15.
158470	ksu	ksu	ks(u/&u	ks/śủ	n. m. sg. cstr. nom.	seat, throne, chair	ksu 'throne' (DULAT ks/śủ; was unresolved).
# KTU 1.4 VIII:13							
158471	ṯbth	ṯbth  	ṯb(t/t+h	ṯbt	n. f. sg. cstr. gen. + 3 m. sg. suff.	seat	
158472	ḫḫ	ḫḫ  	ḫḫ/	ḫḫ	n. m. sg. abs. nom.	mire	ḫḫ arṣ nḥlth 'mire is the land of his possession'.
158473	arṣ	arṣ	arṣ/	ảrṣ	n. f. sg. cstr. nom.	earth	
# KTU 1.4 VIII:14							
158474	nḥlth	nḥlth  	nḥl(t/t+h	nḥlt	n. f. sg. cstr. gen. + 3 m. sg. suff.	property	his possession
158475	w	w 	w	w	conj.	and	
158476	nġr	nġr	!!nġr[	/n-ġ-r/	vb G impv. m. sg.	to protect, guard	w nġr 'and beware!'.
# KTU 1.4 VIII:15							
158477	ˤnn	ʿnn  	ˤnn/	ʕnn	n. m. du. cstr. nom.	2) herald	Vocative: 'watch out, O divine servants!' (DULAT).
158478	ilm	ilm  	il(I)/m	ỉl (I)	n. m. pl. abs. gen.	god	
158479	al	al	al(I)	ảl (I)	neg. functor	no	al tqrb 'do not approach'.
# KTU 1.4 VIII:16							
158480	tqrb	tqrb  	!t!qrb[:w	/q-r-b/	vb G prefc. 2 m. du.	to approach	'do not approach'.
158481	l	l 	l(I)	l (I)	prep.	to	
158482	bn	bn  	bn(I)/	bn (I)	n. m. sg. cstr. gen.	son	bn ilm mt 'the divine Mot'.
158483	ilm	ilm	il(I)/m	ỉl (I)	n. m. pl. abs. gen.	god	
158483	ilm	ilm	il(I)/~m	ỉl (I)	n. m. sg. abs. gen + encl. -m	god	bn ilm mt: il + encl. -m (sg. 'El/god'); EUPT reads sg. il + EP -m.
# KTU 1.4 VIII:17							
158484	mt	mt  	mt(II)/	mt (II)	DN m. sg. abs. gen.	Mot/Death	
158485	al	al  	al(I)	ảl (I)	neg. functor	no	al yʕdbkm 'lest he put you'.
158486	yˤdbkm	yʿdbkm	!y!ˤdb[+km=	/ʕ-d-b/	vb G prefc. 3 m. sg. + 2 c. du. suff.	to leave > to put in > to place	'lest he place you two'.
# KTU 1.4 VIII:18							
158487	k	k 	k(I)	k (I)	prep.	like	k imr 'like a lamb'.
158488	imr	imr  	imr(I)/	ỉmr (I)	n. m. sg. abs. gen.	lamb	
158489	b	b 	b	b	prep.	in	
158490	ph	ph	p(III)/+h	p (III)	n. m. sg. cstr. gen. + 3 m. sg. suff.	1) mouth	his mouth
# KTU 1.4 VIII:19							
158491	k	k 	k(I)	k (I)	prep.	like	k lli 'like a kid' (prep., not suffix).
158492	lli	lli  	ll(u/&i	llủ	n. m. sg. abs. gen.	suckling (lamb or kid)	
158493	b	b 	b	b	prep.	in	
158494	ṯbrn	ṯbrn	ṯbrn(I)/	ṯbrn (I)	n. m. sg. cstr. gen.	opening	ṯbrn qnh 'the gullet of his throat'.
# KTU 1.4 VIII:20							
158495	qnh	qnh  	qn/+h	qn	n. m. sg. cstr. gen. + 3 m. sg. suff.	2) name of part of the body a) windpipe	his windpipe
158496	tḫtan	tḫtan	!t!](n]ḫt(ʔ[&a&n	/ḫ-t-ʔ/	vb N prefc. 2 m. du.	to be ground up, crushed, annihilated	tḫtan 'lest you two be crushed' (N-stem; energic -an).
# KTU 1.4 VIII:21							
158497	nrt	nrt  	nr(t(I)/t	nrt (I)	n. f. sg. cstr. nom.	lantern	nrt ilm špš 'the lamp of the gods, Šapšu'.; EUPT genders m.
158498	ilm	ilm  	il(I)/m	ỉl (I)	n. m. pl. cstr. gen.	god	
158499	špš	špš	špš/	špš	DN f. sg. abs. nom.	Šapšu/Shapsh/Shapshu	
# KTU 1.4 VIII:22							
158500	ṣḥrrt	ṣḥrrt  	ṣḥrr[t===	/ṣ-ḥ-r-r/	vb G suffc. 3 f. sg.	to roast	'Šapšu, the lamp of the gods, glows' (// 1.3 V:17).
158501	la	la	la/	lả	n. m. sg. cstr. acc.	power	lả šmm 'the strength of the heavens'.
# KTU 1.4 VIII:23							
158502	šmm	šmm  	šm(m(I)/m	šmm (I)	n. m. pl. abs. gen.	1) heavens	
158503	b	b 	b	b	prep.	in	
158504	yd	yd  	yd(I)/	yd (I)	n. f. sg. cstr. gen.	1) hand c) force	b yd 'in the power of'.
158504	yd	yd  	yd(I)/	yd (I)	n. f. du. cstr. gen.	1) hand c) force	EUPT: du. (natural pair).
158505	md	md	mdd/	mdd (I)	n. m. sg. cstr. gen.	beloved, friend	MERGE WITH THE NEXT: md+d = mdd 'beloved', split VIII:23/24.
# KTU 1.4 VIII:24							
158506	d	d  	mdd/	mdd (I)	n. m. sg. cstr. gen.	beloved, friend	MERGE WITH THE PREVIOUS.
158507	ilm	ilm  	il(I)/m	ỉl (I)	n. m. pl. cstr. gen.	god	mdd ilm mt 'the Beloved of the gods, Mot'.
158507	ilm	ilm  	il(I)/~m	ỉl (I)	n. m. sg. abs. gen + encl. -m	god	bn ilm mt: il + encl. -m (sg. 'El/god'); EUPT reads sg. il + EP -m.
158508	mt	mt  	mt(II)/	mt (II)	DN m. sg. abs. gen.	Mot/Death	
158509	b	b 	b	b	prep.	in	
158510	a	a	alp/	ảlp (II)	num.	(one, a) thousand	MERGE WITH THE NEXT: a+lp = alp 'thousand', split VIII:24/25.
# KTU 1.4 VIII:25							
158511	lp	lp  	alp/	ảlp (II)	num.	(one, a) thousand	MERGE WITH THE PREVIOUS.
158512	šd	šd  	šd(I)/	šd (I)	n. m. sg. abs. gen.	open field	alp šd 'a thousand acres'.
158513	rbt	rbt  	rb(b(t/t	rbbt	num.	myriad	rbt 'myriad' (DULAT rbbt, defectively written). | Huehnergard lemma
158514	k	k	kmn/	kmn (I)	n. m. sg. abs. gen.	acre	MERGE WITH THE NEXT: k+mn = kmn 'acre', split VIII:25/26.
# KTU 1.4 VIII:26							
158515	mn	mn  	kmn/	kmn (I)	n. m. sg. abs. gen.	acre	MERGE WITH THE PREVIOUS.
158516	l	l 	l(I)	l (I)	prep.	to	l pʕn mt 'to the feet of Mot'.
158517	pˤn	pʿn  	pˤn/	pʕn	n. f. du. cstr. gen.	at the feet of	
158518	mt	mt	mt(II)/	mt (II)	DN m. sg. abs. gen.	Mot/Death	
# KTU 1.4 VIII:27							
158519	hbr	hbr  	!!hbr[	/h-b-r/	vb G impv. m. du.	to bow	hbr w ql 'bow down and fall'.
158520	w	w 	w	w	conj.	and	
158521	ql	ql	!!ql[	/q-l/	vb G impv. m. du.	to fall (down)	ql 'fall down!' (impv).
# KTU 1.4 VIII:28							
158522	tštḥwy	tštḥwy  	!t!]š]]t]ḥwy(II)[	/ḥ-w-y/ (II)	vb Št prefc. 2 m. du.	to prostrate oneself	'prostrate yourselves'.
158523	w	w 	w	w	conj.	and	
158524	k	k	!!kbd[	/k-b-d/	vb G impv. m. du.	to honour, to pay homage to, welcome	MERGE WITH THE NEXT: k+bd = kbd 'and honour!', split VIII:28/29.
# KTU 1.4 VIII:29							
158525	bd	bd  	!!kbd[	/k-b-d/	vb G impv. m. du.	to honour, to pay homage to, welcome	MERGE WITH THE PREVIOUS.
158526	hwt	hwt  	hw&t	hw	pers. pn.	he	kbd hwt 'honour HIM' (// 1.1 III:3, 1.3 VI:31).
158527	w	w 	w	w	conj.	and	
158528	rgm	rgm	!!rgm[	/r-g-m/	vb G impv. m. du.	to say, tell, announce, communicate, inform	rgm 'say!' (impv).
158528	rgm	rgm	rgm[	/r-g-m/	vb G suffc. 3 m. du.	to say	EUPT: G-SK 3 m. du.
# KTU 1.4 VIII:30							
158529	l	l 	l(I)	l (I)	prep.	to	
158530	bn	bn 	bn(I)/	bn (I)	n. m. sg. cstr. nom.	son	bn ilm mt; final sign broken (x). | Migrated from legacy reviewed tokenization.
158530	bn	bn 	bn(I)/	bn (I)	n. m. sg. abs. nom.	son	bn ilm mt; final sign broken (x). | Migrated from legacy reviewed tokenization.
158530	bn	bn 	bn(II)	bn (II)	prep.	between	bn ilm mt; final sign broken (x). | Migrated from legacy reviewed tokenization.
158530	bn	bn 	bn[	/b-n/	vb G suffc. 3 m. sg.	to understand	bn ilm mt; final sign broken (x). | Migrated from legacy reviewed tokenization.
158530	bn	bn 	bn[	/b-n/	vb G impv. 2	to understand	bn ilm mt; final sign broken (x). | Migrated from legacy reviewed tokenization.
158531	x	[[x]]    	?	?	?	?	bn ilm mt; final sign broken (x). | Migrated from legacy reviewed tokenization.
158532	ilm	ilm  	il(I)/m	ỉl (I)	n. m. pl. cstr. gen.	god	
158532	ilm	ilm  	il(I)/~m	ỉl (I)	n. m. sg. abs. gen + encl. -m	god	bn ilm mt: il + encl. -m (sg. 'El/god'); EUPT reads sg. il + EP -m.
158533	mt	mt	mt(II)/	mt (II)	DN m. sg. abs. gen.	Mot/Death	
# KTU 1.4 VIII:31							
158534	ṯny	ṯny  	!!ṯny[	/ṯ-n-y/	vb G impv. m. du.	to repeat, reiterate	ṯny 'repeat!' (impv).
158534	ṯny	ṯny  	ṯny[	/ṯ-n-y/	vb G suffc. 3 m. du.	to repeat	EUPT: G-SK 3 m. du.
158535	l	l 	l(I)	l (I)	prep.	to	
158536	ydd	ydd	ydd(I)/	ydd (I)	adj. m. sg. cstr. gen.	loved	ydd il ġzr 'the beloved of El, the hero'.
# KTU 1.4 VIII:32							
158537	il	il  	il(I)/	ỉl (I)	DN m. sg. cstr. gen.	ʾIlu/Ilu/El	
158538	ġzr	ġzr  	ġzr/	ġzr	n. m. sg. abs. gen.	lad	
158539	tḥm	tḥm	tḥm/	tḥm	n. m. sg. cstr. nom.	message	tḥm aliyn bˤl 'the message of Mightiest Baal'.
# KTU 1.4 VIII:33							
158540	aliyn	aliyn  	aliyn/	ảlỉyn	adj. m. sg. abs. gen.	The Very / Most Powerful	
158541	bˤl	bʿl	bˤl(II)/	bʕl (II)	DN m. sg. abs. gen.	Baʿlu/Baal	
# KTU 1.4 VIII:34							
158542	hwt	[hw]t    	hw(t(I)/t	hwt (I)	n. f. sg. cstr. nom.	word	hwt aliy qrdm 'the word of the Mightiest of heroes'.
158543	aliy	aliy  	aliy/	ảlỉy	adj. m. sg. cstr. gen.	The Most Powerful	
158544	q	q	qrd/m	qrd (I)	n. m. pl. cstr. gen.	hero, warrior, powerful one	MERGE WITH THE NEXT: q+rdm = qrdm 'heroes', split VIII:34/35.
# KTU 1.4 VIII:35							
158545	rdm	[rdm ]  	qrd/m	qrd (I)	n. m. pl. cstr. gen.	hero, warrior, powerful one	MERGE WITH THE PREVIOUS.
158546	bhty	bhty  	b&ht(II)/+y	bt (II)	n. m. pl. cstr. nom. + 1 c. sg. suff.	house	bhty 'my house(s)'.
158547	bnt	bnt	bn(t(I)/t	bnt (I)	n. f. sg. abs. nom.	masonry	bnt dt ksp 'built of silver' (bnt I, not II).
# KTU 1.4 VIII:36							
158548	dt	[dt  ]  	d+t	d	det. or rel. functor	the one(s) of	dt ksp 'those of silver'.
158549	ksp	[ksp  ]  	ksp/	ksp	n. m. sg. abs. gen.	silver	
158550	rmmt	[rmmt]	rmm[/t:l	/r-m/	vb L ptcpl. f. sg. abs. nom.	to go up, get up	rmmt dt ḫrṣ 'raised of gold' (// bnt).
# KTU 1.4 VIII:37							
158551	dt	[dt  ]  	d+t	d	det. or rel. functor	the one(s) of	
158552	ḫrṣ	[ḫrṣ  ]  	ḫrṣ/	ḫrṣ	n. m. sg. abs. gen.	gold	
158553	hkly	[hk]ly	hkl/+y	hkl	n. m. sg. cstr. nom. + 1 c. sg. suff.	palace	my palace
# KTU 1.4 VIII:38							
158554	aḫy	[     ]aḫy	aḫ(I)/+y	ảḫ (I)	n. m. pl. cstr. nom. + 1 c. sg. suff.	brother (by blood)	my brothers
# KTU 1.4 VIII:39							
158555	aḫy	[     ]aḫy	aḫ(I)/+y	ảḫ (I)	n. m. pl. cstr. nom. + 1 c. sg. suff.	brother (by blood)	
# KTU 1.4 VIII:40							
158556		[    ]    	?	?	?	?	Migrated from legacy reviewed tokenization.
158557	bhty	[bh]ty	b&ht(II)/+y	bt (II)	n. m. pl. cstr. acc. + 1 c. sg. suff.	house	my house
# KTU 1.4 VIII:41							
158558		[    ]    	?	?	?	?	Migrated from legacy reviewed tokenization.
158559	qrb	[q]rb	qrb[	/q-r-b/	vb G suffc. 3 m. sg.	to approach	
# KTU 1.4 VIII:42							
158560		[     ]         	?	?	?	?	Broken.
158561	ṣḥt	ṣḥt	ṣḥ[t	/ṣ-ḥ/	vb G suffc. 1 c. sg.	to exclaim, shout	ṣḥt 'I summoned'.
# KTU 1.4 VIII:43							
158562		[     ]     	?	?	?	?	Broken.
158563	mt	mt	mt(II)/	mt (II)	DN m. sg. cstr. gen.	Mot/Death	
# KTU 1.4 VIII:44							
158564		[     ]     	?	?	?	?	Migrated from legacy reviewed tokenization.
158565	bn	[b]n  	bn(I)/	bn (I)	n. m. sg. cstr. gen.	son	bn ilm 'son of the gods'.
158566	ilm	ilm	il(I)/m	ỉl (I)	n. m. pl. abs. gen.	god	
# KTU 1.4 VIII:45							
158567		[     ]     	?	?	?	?	Migrated from legacy reviewed tokenization.
158568	ymru	[ym]ru    	!y!mr(ʔ[&u	/m-r-ʔ/	vb G prefc. 3 m. sg.	to fatten	
158569	yd	yd	yd(I)/	yd (I)	n. f. sg. cstr. nom.	5) used as a preposition	
# KTU 1.4 VIII:46							
158570		[     ]     	?	?	?	?	Migrated from legacy reviewed tokenization.
158571	ġzr	[ġz]r	ġzr/	ġzr	n. m. sg. cstr. gen.	lad	
# KTU 1.4 VIII:47							
158572		[     ]     	?	?	?	?	Migrated from legacy reviewed tokenization.
158573	gpn	[gpn  ]  	gpn(III)/	gpn (III)	DN m. sg. abs. nom.	?	gpn w ugr (Baal's messengers Gapnu-and-Ugaru); auto read gpn (I) 'vine'.
158574	w	w 	w	w	conj.	and	
158575	ugr	ugr	ugr(II)/	ủgr (II)	DN m. sg. abs. nom.	Ugar/one of the two messenger-boys of Baal	
# KTU 1.4 VIII:48							
158576	t	[         ]t	?	?	?	?	Broken single sign.
# KTU 1.4 VIII:49							
158577	spr	[spr  ]  	spr(I)/	spr (I)	n. m. sg. abs. nom.	scribe	Colophon: spr ilmlk 'the scribe Ilimilku'.
158577	spr	[spr  ]  	spr[	/s-p-r/	vb G suffc. 3 m. sg.	to count, number	DULAT files the colophon s.v. /s-p-r/: '(this was) written (by) Ilimilku'.
158578	ilmlk	[ilmlk  ]  	ilmlk/	ỉlmlk	PN sg. abs. nom.	ʾIlimalku/Ilimilku/Elimelek	Ilimilku (the scribe).
158579	ṯˤy	[ṯ]ʿy    	ṯˤy(I)/	ṯʕy (I)	n. m. sg. cstr. nom.	minister	
158580	nqmd	nqmd  	nqmd/	nqmd	PN sg. cstr. gen.	Niqmaddu	Niqmaddu (king of Ugarit).
158581	mlk	mlk   	mlk(I)/	mlk (I)	n. m. sg. cstr. gen.	king	
158582	ugrt	ugrt	ugrt/	ủgrt	TN sg. abs. gen.	Ugarit	
