id	surface form	morphological parsing	DULAT	POS	gloss	comments
# KTU 1.19 I:1						
164457	l	l(I)	l (I)	prep.	to	DULAT direct ref
164458	aqht	aqht/	ảqht	PN sg. abs. gen.	epic hero	
# KTU 1.19 I:2						
164459	tkrb	!t!krb[	/k-r-b/	vb G prefc. 3 f. sg.	?	
164459	tkrb	!t=!krb[	/k-r-b/	vb G prefc. 2 m. sg.	?	
164459	tkrb	!t==!krb[	/k-r-b/	vb G prefc. 2 f. sg.	?	
164459	tkrb	!t!krb[	/k-r-b/	vb G prefc. 3 m. du.	?	
164459	tkrb	!t!krb[:w	/k-r-b/	vb G prefc. 3 m. pl.	?	
164459	tkrb	!t===!krb[	/k-r-b/	vb G prefc. 2 m. pl.	?	
164460	xxxxxxx	?	?	?	?	
164461	l	l(I)	l (I)	prep.	to	DULAT direct ref
164462	qrb	qrb/	qrb	n. m. sg. abs. gen.	1) inside	DULAT direct ref
164463	qmdym	?	?	?	?	DULAT: NOT FOUND
# KTU 1.19 I:3						
164464	tql	!t!ql[	/q-l/	vb G prefc.	to fall (down)	
164465	ˤnt	ˤn(I)/t=	ʕn (I)	n. f. pl. abs. nom.	eye	
164465	ˤnt	ˤn(t(I)/t	ʕnt (I)	DN f. sg. abs. nom.	ʿAnatu/Anat	
164465	ˤnt	ˤnt(II)	ʕnt (II)	adv.	now	
164466	xxxxxxxlb	?	?	?	?	DULAT: NOT FOUND
164467	tṯbr	!t!(]n]ṯbr[:w	/ṯ-b-r/	vb N prefc. 3 m. pl.	to break	
# KTU 1.19 I:4						
164468	qšt	qšt/	qšt	n. m. pl. abs. nom.	1) bow d) esp. in the Epic of Aqht	DULAT direct ref
164468	qšt	qšt/	qšt	n. m. sg. abs. nom.	1) bow d) esp. in the Epic of Aqht	DULAT direct ref
164469	w	w	w	conj.	and	
164470	xxxxnr	?	?	?	?	DULAT: NOT FOUND
164471	yṯbr	!y!(]n]ṯbr[	/ṯ-b-r/	vb N prefc. 3 m. sg.	to break, be shattered, buckle	
# KTU 1.19 I:5						
164472	ṯmn	ṯmn(I)/	ṯmn(y) (I)	num.	1) eight d) composite numbers	
164473	xxxx	?	?	?	?	
164474	btlt	btl(t/t	btlt	n. f. sg. cstr. nom.	virgin	
164475	ˤnt	ˤn(t(I)/t	ʕnt (I)	DN f. sg. abs. gen.	ʿAnatu/Anat	
# KTU 1.19 I:6						
164476	tṯb	!t!ṯb[	/ṯ-b/	vb G prefc.	to return, turn round, go back, make one’s way, go through	DULAT direct ref
164476	tṯb	&tṯb[	/ṯ-b/	vb G suffc. 3 m. sg.	to return, turn round, go back, make one’s way, go through	DULAT direct ref
164477	xxxxxx	?	?	?	?	
164478	ša	(nš(ʔ[&a	/n-š-ʔ/	vb G impv. 2	to raise	
# KTU 1.19 I:7						
164479	tlm	tlm/	tlm	n. m. sg. abs. nom.	furrow	
164480	k	k(I)	k (I)	prep.	like	DULAT direct ref
164481	mr	mr(I)/	mr (I)	n. m. sg. abs. nom.	myrrh	
164481	mr	mr(II)/	mr (II)	adj. m. sg. abs. nom.	bitter	
164481	mr	mr(IV)/	mr (IV)	adj. m. sg. abs. nom.	valiant	
164481	mr	mr(V)/	mr (V)	n. m. sg. cstr. nom.	son	
164482	xxh	?	?	?	?	DULAT: NOT FOUND
164483	ydh	yd(I)/+h	yd (I)	n. f. cstr. nom.	1) hand a) yrḥṣ ydh ảmth he washed his hands up to the elbow	
164484	k	k(I)	k (I)	prep.	like	DULAT direct ref
164485	šr	šr(II)/	šr (II)	n. m. sg. cstr. gen.	1) singer	DULAT direct ref
# KTU 1.19 I:8						
164486	knr	knr/	knr	n. m. sg. cstr. gen.	harp	
164487	uṣbˤhth	?	?	?	?	DULAT candidates (no reconstructable encoding): ủṣbʕ - finger
164488	ḥrṣ	ḥrṣ[	/ḥ-r-ṣ/	vb G suffc. 3 m. sg.	to cut, bite	DULAT direct ref
164488	ḥrṣ	!!ḥrṣ[/	/ḥ-r-ṣ/	vb G inf.	to cut, bite	DULAT direct ref
164489	abn	abn/	ảbn	n. f. sg. cstr. nom.	stone	DULAT direct ref
# KTU 1.19 I:9						
164490	ph	p(III)/+h	p (III)	n. m. cstr. gen.	1) mouth	
164491	tiḫd	!t!(ʔ&iḫd[	/ʔ-ḫ-d(/ḏ)/	vb G prefc.	to collect, to take (back), grasp, seize, hold	
164492	šnth	?	?	?	?	DULAT candidates (no reconstructable encoding): šn - 1) tooth
164493	w	w	w	conj.	and	
164494	akl	akl(II)/	ảkl (II)	n. m. sg. abs. nom.	2) food	
164495	b	b	b	prep.	in	
164496	qmm	qmm	qmm	?	?	DULAT direct ref
# KTU 1.19 I:10						
164497	tšt	!t!št[	/š-t/	vb G prefc.	to place, set, set up, leave	
164498	ḥrṣ	ḥrṣ[	/ḥ-r-ṣ/	vb G suffc. 3 m. sg.	to cut	
164498	ḥrṣ	!!ḥrṣ[/	/ḥ-r-ṣ/	vb G inf.	to cut	
164498	ḥrṣ	ḥrṣ(II)/	ḥrṣ (II)	n. m. sg. abs. nom.	quicklime	
164499	klb	klb(I)/	klb (I)	n. m. sg. cstr. nom.	dog	
164500	ilnm	iln(I)/m	ỉln (I)	n. m. pl. abs. gen.	1) deity	
# KTU 1.19 I:11						
164501	w	w	w	conj.	and	
164502	ṯn	ṯn(I)/	ṯn (I)	num.	1) the numeral two b) ge	
164503	gprrm	gprr/m	gpr	n. m. pl. abs. nom.	?	KTU corrected: gprm
164504	mn	mn(IV)	mn (IV)	?	?	
164505	grph	grp/+h	grp	PN sg. cstr. nom.	grp	
164506	šr	šr(III)/	šr (III)	n. m. sg. abs. nom.	2) prince	DULAT direct ref
# KTU 1.19 I:12						
164507	aqht	aqht/	ảqht	PN sg. abs. nom.	epic hero	
164508	yˤn	!y!ˤn(w[	/ʕ-n-w/	vb G prefc. 3 m. sg.	to be / remain depressed, humbled	DULAT direct ref
164508	yˤn	!y!ˤn(w[:pass	/ʕ-n-w/	vb Dpass prefc. 3 m. sg.	1) to humiliate	DULAT direct ref
164509	k	k(I)	k (I)	prep.	like	
164510	mr	mr(IV)/	mr (IV)	adj. m. sg. abs. nom.	valiant	DULAT direct ref
164511	k	k(I)	k (I)	prep.	like	
164512	mrm	mr(IV)/m	mr (IV)	adj. m. pl. abs. nom.	valiant	DULAT direct ref
# KTU 1.19 I:13						
164513	k	k(I)	k (I)	prep.	like	DULAT direct ref
164514	apˤ	apˤ/	ảpʕ	n. m. sg. cstr. gen.	viper	
164515	il	il(I)/	ỉl (I)	DN m. sg. abs. gen.	ʾIlu/Ilu/El	
164515	il	il(I)/	ỉl (I)	n. m. sg. abs. gen.	god	
164516	b	b	b	prep.	in	
164517	gdrt	gdr(t/t	gdrt	n. f. sg. abs. gen.	hedge	
164518	k	k(I)	k (I)	prep.	like	DULAT direct ref
164519	klb	klb(I)/	klb (I)	n. m. sg. abs. gen.	dog	
164520	l	l(I)	l (I)	prep.	to	DULAT direct ref
# KTU 1.19 I:14						
164521	ḫṭh	ḫṭ/+h	ḫṭ	n. m. cstr. gen.	1) sceptre	
164522	imḫṣh	!(ʔ&i!mḫṣ[+h	/m-ḫ-ṣ/	vb G prefc. 1 c. sg.	to wound, beat, crush, kill	
164523	kd	kd(II)	kd (II)	conj.	anyway	DULAT direct ref
164524	ˤl	ˤl(I)	ʕl (I)	prep.	2) relationship of cause c) for	DULAT direct ref
164525	qšth	qšt/+h	qšt	n. m. cstr. gen.	1) bow d) esp. in the Epic of Aqht	
# KTU 1.19 I:15						
164526	imḫṣh	!(ʔ&i!mḫṣ[+h	/m-ḫ-ṣ/	vb G prefc. 1 c. sg.	to wound	
164527	ˤl	ˤl(I)	ʕl (I)	prep.	upon	
164527	ˤl	ˤl(II)	ʕl (II)	adv.	above	
164527	ˤl	ˤl(III)/	ʕl (III)	n. m. sg. abs. nom.	offspring	
164527	ˤl	ˤl(III)/	ʕl (III)	n. m. sg. cstr. nom.	offspring	
164528	qṣˤth	qṣˤ(t/t+h	qṣʕt	n. f. sg. cstr. nom.	arrow(s)	
164529	hwt	hw&t	hw	pers. pn.	1) he	DULAT direct ref
# KTU 1.19 I:16						
164530	l	l(II)	l (II)	adv.	no	DULAT direct ref
164531	aḥw	!(ʔ&a!ḥw(y(I)[:d	/ḥ-w/y-y/ (I)	vb D prefc. 1 c. sg.	1) to give (back) life / revive	
164532	ap	ap(I)	ảp (I)	adv./conj.	also	DULAT direct ref
164533	qšth	qšt/+h	qšt	n. m. cstr. nom.	bow	
164534	l	l(II)	l (II)	adv.	no	DULAT direct ref
164535	ttn	!t!(ytn[	/y-t-n/	vb G prefc. 3 f. sg.	to give, hand over, grant, bestow	
164535	ttn	!t=!(ytn[	/y-t-n/	vb G prefc. 2 m. sg.	to give, hand over, grant, bestow	
164535	ttn	!t==!(ytn[	/y-t-n/	vb G prefc. 2 f. sg.	to give, hand over, grant, bestow	
164535	ttn	!t!(ytn[	/y-t-n/	vb G prefc. 3 m. du.	to give, hand over, grant, bestow	
164535	ttn	!t!(ytn[:w	/y-t-n/	vb G prefc. 3 m. pl.	to give, hand over, grant, bestow	
164535	ttn	!t===!(ytn[	/y-t-n/	vb G prefc. 2 m. pl.	to give, hand over, grant, bestow	
# KTU 1.19 I:17						
164536	ly	l(I)+y	l (I)	prep.	to	
164537	w	w	w	conj.	and	
164538	b	b	b	prep.	in	
164539	mth	mt(II)/+h	mt (II)	n. m. cstr. gen.	1) death	
164540	ḥmṣ	ḥmṣ[	/ḥ-m-ṣ/	vb suffc. 3 m. sg.	1) to be(come) sour > to (be) spoil(t)	DULAT direct ref
164541	ṣrr	ṣrr/	ṣrr	n. m. sg. cstr. nom.	young ear of corn	
# KTU 1.19 I:18						
164542	prˤ	prˤ(I)/	prʕ (I)	n. m. sg. cstr. gen.	first fruit	DULAT direct ref
164543	qẓ	qẓ/	qẓ	n. m. sg. abs. gen.	2) summer fruit	
164544	yḥ	!y!ḥ(y(y(I)[	/ḥ-w/y-y/ (I)	vb G prefc. 3 m. sg.	to live	
164545	šblt	šbl(t/t	šblt	n. f. sg. abs. nom.	ear	
# KTU 1.19 I:19						
164546	b	b	b	prep.	in	
164547	ġlph	ġlp/+h	ġlp	n. m. cstr. gen.	1) husk	
164548	apnk	apnk	ảpnk	adv. functor of illation	then	DULAT direct ref
164549	dnil	dnil/	dnỉl	PN sg. abs. nom.	of an ancestral hero	
# KTU 1.19 I:20						
164550	mt	mt(II)/	mt (II)	DN m. sg. abs. nom.	Mot/Death	
164550	mt	mt(II)/	mt (II)	n. m. sg. abs. nom.	death	
164550	mt	mt[	/m-t/	vb G suffc. 3 m. sg.	to die	
164550	mt	mt[/	/m-t/	vb G ptcpl. m. sg. abs. nom.	to die	
164550	mt	mt(III)/	mt (III)	n. m. pl. cstr. nom.	man	
164550	mt	mt(III)/	mt (III)	n. m. sg. abs. nom.	man	
164550	mt	mt(I)/	mt (I)	n. m. sg. abs. nom.	dead person	
164550	mt	mt(IV)	mt (IV)	adv.	certainly	
164551	rpi	rp(u&i/	rpủ	n. m. sg. cstr. nom.	healer	
164551	rpi	rp(u&i/	rpủ	n. m. sg. abs. nom.	healer	
164552	aphn	aphn	ảphn	illative functor	immediately afterwards	DULAT direct ref
164553	ġzr	ġzr/	ġzr	n. m. sg. abs. nom.	lad	
# KTU 1.19 I:21						
164554	mt	mt(II)/	mt (II)	DN m. sg. abs. nom.	Mot/Death	
164554	mt	mt(II)/	mt (II)	n. m. sg. abs. nom.	death	
164554	mt	mt[	/m-t/	vb G suffc. 3 m. sg.	to die	
164554	mt	mt[/	/m-t/	vb G ptcpl. m. sg. abs. nom.	to die	
164554	mt	mt(III)/	mt (III)	n. m. pl. cstr. nom.	man	
164554	mt	mt(III)/	mt (III)	n. m. sg. abs. nom.	man	
164554	mt	mt(I)/	mt (I)	n. m. sg. abs. nom.	dead person	
164554	mt	mt(IV)	mt (IV)	adv.	certainly	
164555	hmmy	?	?	?	?	DULAT: NOT FOUND
164556	ytšu	!y!(n]t]š(ʔ[&u	/n-š-ʔ/	vb Gt prefc. 3 m. sg.	to go up	
# KTU 1.19 I:22						
164557	yṯb	!y!ṯb[	/ṯ-b/	vb G prefc. 3 m. sg.	to return	
164557	yṯb	&yṯb[	/ṯ-b/	vb G suffc. 3 m. sg.	to return	
164557	yṯb	!y!(yṯb[	/y-ṯ-b/	vb G prefc. 3 m. sg.	to sit down	
164557	yṯb	yṯb[	/y-ṯ-b/	vb G suffc. 3 m. sg.	to sit down	
164557	yṯb	yṯb[/	/y-ṯ-b/	vb G act. ptcpl. m. sg. abs. nom.	to sit down	
164558	b	b	b	prep.	in	
164559	ap	ap(I)	ảp (I)	adv./conj.	also	
164559	ap	ap(II)/	ảp (II)	n. m. sg. abs. nom.	nose	
164560	ṯġr	ṯġr(II)/	ṯġr (II)	n. m. sg. abs. nom.	gatekeeper	
164560	ṯġr	ṯġr(I)/	ṯġr (I)	n. m. sg. abs. nom.	gate	
164561	tḥt	tḥt(I)	tḥt (I)	prep.	under	
# KTU 1.19 I:23						
164562	adrm	adr(III)/m	ảdr (III)	n. m. pl. abs. gen.	poplar	
164562	adrm	adr(IV)/m	ảdr (IV)	n. m. pl. abs. gen.	fibula	
164563	d	d	d	det. or rel. functor	the one(s) of	
164564	b	b	b	prep.	in	
164565	gm	g/~m	g	n. m. sg. abs. nom.	(loud) voice	
164565	gm	gm(II)	gm (II)	adv.	also	
164566	ydn	!y!dn[	/d-n/	vb G prefc. 3 m. sg.	to judge	
164566	ydn	!y!(ydn[	/y-d-n/	vb G prefc. 3 m. sg.	?	
# KTU 1.19 I:24						
164567	dn	dn(I)/	dn (I)	n. m. sg. cstr. nom.	judgment	
164568	almnt	almn(t/t	ảlmnt	n. f. sg. abs. gen.	widow	
164569	yṯpṭ	!y!ṯpṭ[	/ṯ-p-ṭ/	vb G prefc. 3 m. sg.	to judge	
# KTU 1.19 I:25						
164570	ṯpṭ	ṯpṭ[/	/ṯ-p-ṭ/	vb G act. ptcpl. m. sg. cstr. nom.	to judge	
164570	ṯpṭ	ṯpṭ(II)/	ṯpṭ (II)	n. m. sg. cstr. nom.	judge	
164570	ṯpṭ	ṯpṭ(I)/	ṯpṭ (I)	n. m. cstr. nom.	case	
164571	ytm	yt/m	yt	n. m. pl. abs. gen.	?	
164571	ytm	ytm/	ytm	n. m. sg. abs. gen.	orphan	
164572	xxxxh	?	?	?	?	DULAT: NOT FOUND
# KTU 1.19 I:26						
164573	b	b	b	prep.	in	
164574	alp	alp(I)/	ảlp (I)	n. m. sg. cstr. nom.	(head of) cattle	
164574	alp	alp(I)/	ảlp (I)	n. m. sg. abs. nom.	(head of) cattle	
164574	alp	alp(II)/	ảlp (II)	num.	(one, a) thousand	
164575	šd	šd(II)/	šd (II)	n. m. sg. abs. nom.	1) a strip b) in lit. texts	DULAT direct ref
164576	rbt	rb(t/t	rb(b)t	num. sg.	ten thousand	
164577	kmn	kmn(I)/	kmn (I)	n. m. sg. cstr. nom.	acre	
# KTU 1.19 I:27						
164578	tdrq	tdrq/	tdrq	n. m. sg. cstr. gen.	nimble step	
164579	pġt	pġ(t/t	pġt	n. f. sg. abs. gen.	girl	
164580	k	+k	-k (I)			
164580	k	~k	-k (II)			
164580	k	k(III)	k (III)	Subordinating or completive functor	when	
164580	k	k(I)	k (I)	prep.	like	
164580	k	k(II)	k (II)	emph. functor	yes	
164581	yˤn	!y!ˤn(y(I)[	/ʕ-n-y/ (I)	vb G prefc. 3 m. sg.	to answer	
164581	yˤn	!y!ˤn[	/ʕ-n/	vb G prefc. 3 m. sg.	to see	
164581	yˤn	!y!ˤn[:pass	/ʕ-n/	vb Dpass prefc. 3 m. sg.	to see	
164581	yˤn	!y!ˤn(w[	/ʕ-n-w/	vb G prefc. 3 m. sg.	to be / remain depressed, humbled	
164581	yˤn	!y!ˤn(w[:pass	/ʕ-n-w/	vb Dpass prefc. 3 m. sg.	to humiliate	
# KTU 1.19 I:28						
164582	hlk	hlk[	/h-l-k/	vb G suffc. 3 m. sg.	to go	
164582	hlk	hlk[/	/h-l-k/	vb G act. ptcpl. m. sg. abs. nom.	to go	
164582	hlk	hlk(I)/	hlk (I)	n. m. sg. abs. nom.	walk	
164583	pġt	pġ(t/t	pġt	n. f. sg. abs. nom.	girl	
164584	yˤn	!y!ˤn(y(I)[	/ʕ-n-y/ (I)	vb G prefc. 3 m. sg.	to answer	
164584	yˤn	!y!ˤn[	/ʕ-n/	vb G prefc. 3 m. sg.	to see	
164584	yˤn	!y!ˤn[:pass	/ʕ-n/	vb Dpass prefc. 3 m. sg.	to see	
164584	yˤn	!y!ˤn(w[	/ʕ-n-w/	vb G prefc. 3 m. sg.	to be / remain depressed, humbled	
164584	yˤn	!y!ˤn(w[:pass	/ʕ-n-w/	vb Dpass prefc. 3 m. sg.	to humiliate	
164585	b	b	b	prep.	in	
164586	nši	!!nš(ʔ[/&i	/n-š-ʔ/	vb G inf.	to raise	
164586	nši	nš(ʔ[/&i	/n-š-ʔ/	vb G act. ptcpl. m. sg. abs. nom.	to raise	
# KTU 1.19 I:29						
164587	ˤnh	ˤn(I)/+h	ʕn (I)	n. f. cstr. nom.	eye	
164588	w	w	w	conj.	and	
164589	tphn	!t!ph(y[+n	/p-h-y/	vb G prefc.	to see	
164590	šˤrm	šˤr(m/m	šʕrm	n. m. pl. abs. nom.	barley	
# KTU 1.19 I:30						
164591	b	b	b	prep.	in	
164592	grn	grn(I)/	grn (I)	n. m. sg. abs. gen.	1) threshing-floor a) b grn yḫrb on the threshing-floor (the harvest) had withered	DULAT direct ref
164593	yḫrb	!y!ḫrb[	/ḫ-r-b/	vb G prefc. 3 m. sg.	to wither, dry up	
164594	xxxx	?	?	?	?	
# KTU 1.19 I:31						
164595	yġly	!y!ġly[	/ġ-l-y/	vb G prefc. 3 m. sg.	to lose the proper aspect, vitality > to wither	
164596	yḫsp	!y!ḫsp[	/ḫ-s-p/	vb G prefc. 3 m. sg.	to sink down, wilt	
164597	ib	ib(II)/	ỉb (II)	n. m. cstr. nom.	fruit	DULAT direct ref
164597	ib	ib(II)/	ỉb (II)	n. m. sg. cstr. nom.	fruit	DULAT direct ref
164598	krmm	krm/m	krm	n. m. pl. abs. gen.	1) vineyard a) krm ảḥd one vineyard	
# KTU 1.19 I:32						
164599	ˤl	ˤl(I)	ʕl (I)	prep.	1) spatial location or pre-eminence a) upon	DULAT direct ref
164600	bt	bt(II)/	bt (II)	n. m. sg. cstr. gen.	1) house	DULAT direct ref
164601	abh	ab/+h	ảb	n. m. cstr. gen.	2) ancestor	
164602	nšrm	nšr/m	nšr	n. m. pl. abs. nom.	bird of prey	
164603	trḫpn	!t!rḫp[n:d	/r-ḫ-p/	vb D prefc.	to hover	
# KTU 1.19 I:33						
164604	ybṣr	!y!bṣr(I)[	/b-ṣ-r/ (I)	vb G prefc. 3 m. sg.	to watch	
164605	ḥbl	ḥbl(I)/	ḥbl (I)	n. m. sg. cstr. nom.	cord	
164606	diym	diy(I)/m	dỉy (I)	n. m. pl. abs. gen.	hawk	
# KTU 1.19 I:34						
164607	tbky	!t!bky[:w	/b-k-y/	vb G prefc. 3 m. pl.	to weep	
164608	pġt	pġ(t/t	pġt	n. f. sg. abs. nom.	girl	
164609	bm	b~m	b	prep.	in	
164610	lb	lb/	lb	n. m. sg. abs. nom.	heart	
# KTU 1.19 I:35						
164611	tdmˤ	!t!dmˤ[	/d-m-ʕ/	vb G prefc. 3 f. sg.	to shed tears, weep, sob	
164611	tdmˤ	!t=!dmˤ[	/d-m-ʕ/	vb G prefc. 2 m. sg.	to shed tears, weep, sob	
164611	tdmˤ	!t==!dmˤ[	/d-m-ʕ/	vb G prefc. 2 f. sg.	to shed tears, weep, sob	
164611	tdmˤ	!t!dmˤ[	/d-m-ʕ/	vb G prefc. 3 m. du.	to shed tears, weep, sob	
164611	tdmˤ	!t!dmˤ[:w	/d-m-ʕ/	vb G prefc. 3 m. pl.	to shed tears, weep, sob	
164611	tdmˤ	!t===!dmˤ[	/d-m-ʕ/	vb G prefc. 2 m. pl.	to shed tears, weep, sob	
164612	bm	b~m	b	prep.	in	
164613	kbd	kbd(II)/	kbd (II)	n. m. sg. abs. nom.	total (quantity or price)	
# KTU 1.19 I:36						
164614	tmzˤ	!t!mzˤ[	/m-z-ʕ/	vb G prefc. 3 f. sg.	to tear	
164614	tmzˤ	!t=!mzˤ[	/m-z-ʕ/	vb G prefc. 2 m. sg.	to tear	
164614	tmzˤ	!t==!mzˤ[	/m-z-ʕ/	vb G prefc. 2 f. sg.	to tear	
164614	tmzˤ	!t!mzˤ[	/m-z-ʕ/	vb G prefc. 3 m. du.	to tear	
164614	tmzˤ	!t!mzˤ[:w	/m-z-ʕ/	vb G prefc. 3 m. pl.	to tear	
164614	tmzˤ	!t===!mzˤ[	/m-z-ʕ/	vb G prefc. 2 m. pl.	to tear	
164615	kst	ks(t/t	kst	n. f. sg. cstr. nom.	a type of robe or cloak	
164616	dnil	dnil/	dnỉl	PN sg. abs. gen.	of an ancestral hero	
164617	mt	mt(II)/	mt (II)	DN m. sg. abs. nom.	Mot/Death	
164617	mt	mt(II)/	mt (II)	n. m. sg. abs. nom.	death	
164617	mt	mt[	/m-t/	vb G suffc. 3 m. sg.	to die	
164617	mt	mt[/	/m-t/	vb G ptcpl. m. sg. abs. nom.	to die	
164617	mt	mt(III)/	mt (III)	n. m. pl. cstr. nom.	man	
164617	mt	mt(III)/	mt (III)	n. m. sg. abs. nom.	man	
164617	mt	mt(I)/	mt (I)	n. m. sg. abs. nom.	dead person	
164617	mt	mt(IV)	mt (IV)	adv.	certainly	
# KTU 1.19 I:37						
164618	rpi	rp(u&i/	rpủ	n. m. sg. cstr. nom.	healer	
164619	all	all(I)/	ảll (I)	n. m. sg. cstr. gen.	outer garment	
164620	ġzr	ġzr/	ġzr	n. m. sg. abs. gen.	lad	
164621	mt	mt(II)/	mt (II)	DN m. sg. abs. nom.	Mot/Death	
164621	mt	mt(II)/	mt (II)	n. m. sg. abs. nom.	death	
164621	mt	mt[	/m-t/	vb G suffc. 3 m. sg.	to die	
164621	mt	mt[/	/m-t/	vb G ptcpl. m. sg. abs. nom.	to die	
164621	mt	mt(III)/	mt (III)	n. m. pl. cstr. nom.	man	
164621	mt	mt(III)/	mt (III)	n. m. sg. abs. nom.	man	
164621	mt	mt(I)/	mt (I)	n. m. sg. abs. nom.	dead person	
164621	mt	mt(IV)	mt (IV)	adv.	certainly	
164622	hrnmy	hrnmy/	hrnmy	GN sg. abs. nom.	native of the TN *hrnm	
# KTU 1.19 I:38						
164623	apnk	apnk	ảpnk	adv. functor of illation	1) then a) then	DULAT direct ref
164624	dnil	dnil/	dnỉl	PN sg. abs. nom.	of an ancestral hero	
164625	mt	mt(II)/	mt (II)	DN m. sg. abs. nom.	Mot/Death	
164625	mt	mt(II)/	mt (II)	n. m. sg. abs. nom.	death	
164625	mt	mt[	/m-t/	vb G suffc. 3 m. sg.	to die	
164625	mt	mt[/	/m-t/	vb G ptcpl. m. sg. abs. nom.	to die	
164625	mt	mt(III)/	mt (III)	n. m. pl. cstr. nom.	man	
164625	mt	mt(III)/	mt (III)	n. m. sg. abs. nom.	man	
164625	mt	mt(I)/	mt (I)	n. m. sg. abs. nom.	dead person	
164625	mt	mt(IV)	mt (IV)	adv.	certainly	
# KTU 1.19 I:39						
164626	rpi	rp(u&i/	rpủ	n. m. sg. cstr. nom.	healer	
164626	rpi	rp(u&i/	rpủ	n. m. sg. abs. nom.	healer	
164627	yṣly	!y!ṣly[:d	/ṣ-l-y/	vb D prefc. 3 m. sg.	to implore	
164628	xˤrpt	&xˤrp(t/t	ʕrpt	n. f. sg. abs. nom.	cloud(s)	KTU corrected: ʿrpt
164629	b	b	b	prep.	in	
# KTU 1.19 I:40						
164630	ḥm	ḥm/	ḥm	n. m. sg. cstr. gen.	heat	
164631	un	un/	ủn	n. m. sg. cstr. gen.	grief	
164632	yr	yr/	yr	n. m. sg. cstr. gen.	early rain	
164633	ˤrpt	ˤrp(t/t	ʕrpt	n. f. sg. abs. gen.	cloud(s)	
# KTU 1.19 I:41						
164634	tmṭr	!t!mṭr[	/m-ṭ-r/	vb G prefc. 3 f. sg.	to rain	
164634	tmṭr	!t=!mṭr[	/m-ṭ-r/	vb G prefc. 2 m. sg.	to rain	
164634	tmṭr	!t==!mṭr[	/m-ṭ-r/	vb G prefc. 2 f. sg.	to rain	
164634	tmṭr	!t!mṭr[	/m-ṭ-r/	vb G prefc. 3 m. du.	to rain	
164634	tmṭr	!t!mṭr[:w	/m-ṭ-r/	vb G prefc. 3 m. pl.	to rain	
164634	tmṭr	!t===!mṭr[	/m-ṭ-r/	vb G prefc. 2 m. pl.	to rain	
164635	b	b	b	prep.	in	
164636	qẓ	qẓ/	qẓ	n. m. sg. cstr. gen.	2) summer fruit	
164637	ṭl	ṭl/	ṭl	n. m. sg. abs. gen.	dew	
164638	yṭll	!y!ṭll[:d	/ṭ-l-l/	vb D prefc. 3 m. sg.	to drop dew	
# KTU 1.19 I:42						
164639	l	l(I)	l (I)	prep.	to	DULAT direct ref
164640	ġnbm	ġnb/m	ġnb	n. m. pl. abs. gen.	grape(s)	
164641	šbˤ	šbˤ(I)/	šbʕ (I)	num.	1) numeral seven d) gen. syntagms	
164642	šnt	šn(t(I)/t	šnt (I)	n. f. sg. abs. nom.	year	
# KTU 1.19 I:43						
164643	yṣrk	!y!ṣrk[	/ṣ-r-k/	vb G prefc. 3 m. sg.	to fail, be missing	
164644	bˤl	bˤl(II)/	bʕl (II)	n. m. pl. cstr. nom.	Baʿlu/Baal	
164644	bˤl	bˤl(II)/	bʕl (II)	n. m. sg. abs. nom.	Baʿlu/Baal	
164645	ṯmn	ṯmn(I)/	ṯmn(y) (I)	num.	1) eight a) elliptical syntagms	
164646	rkb	rkb(I)/	rkb (I)	n. m. sg. cstr. nom.	Charioteer	
# KTU 1.19 I:44						
164647	ˤrpt	ˤrp(t/t	ʕrpt	n. f. sg. abs. gen.	cloud(s)	
164648	bl	bl(I)	bl (I)	adv. or emph. functor	no	DULAT direct ref
164649	ṭl	ṭl/	ṭl	n. m. sg. abs. nom.	dew	
164650	bl	bl(I)	bl (I)	adv. or emph. functor	no	DULAT direct ref
164651	rbb	?	?	?	?	DULAT candidates (no reconstructable encoding): rb(b) - 1) drizzle a) bl ṭl bl rbb there was neither dew nor drizzle
# KTU 1.19 I:45						
164652	bl	bl(I)	bl (I)	adv. or emph. functor	no	
164652	bl	bl(II)	bl (II)	prep.	without	
164652	bl	bl(III)/	bl (III)	n. m. sg. abs. nom.	blended beer	
164653	šrˤ	šrˤ/	šrʕ	n. m. sg. cstr. nom.	flow	
164654	thmtm	thm(t/tm	thmt	n. f. du. abs. gen.	Primordial Ocean	
164655	bl	bl(I)	bl (I)	adv. or emph. functor	no	
164655	bl	bl(II)	bl (II)	prep.	without	
164655	bl	bl(III)/	bl (III)	n. m. sg. abs. nom.	blended beer	
# KTU 1.19 I:46						
164656	ṭbnt	ṭb&n(t/t	ṭbt	n. f. sg. cstr. nom.	well-being	KTU corrected: ṭbt
164657	ql	ql(I)/	ql (I)	n. m. sg. cstr. gen.	4) the thunderous “voice” (said of Baal’s voice)	DULAT direct ref
164658	bˤl	bˤl(II)/	bʕl (II)	n. m. pl. abs. gen.	Baʿlu/Baal	DULAT direct ref
164658	bˤl	bˤl(II)/	bʕl (II)	n. m. sg. abs. gen.	Baʿlu/Baal	DULAT direct ref
164659	k	k(III)	k (III)	Subordinating or completive functor	when	DULAT direct ref
164660	tmzˤ	!t!mzˤ[:w	/m-z-ʕ/	vb G prefc. 3 m. pl.	to tear	
# KTU 1.19 I:47						
164661	kst	ks(t/t	kst	n. f. sg. cstr. nom.	a type of robe or cloak	
164662	dnil	dnil/	dnỉl	PN sg. abs. gen.	of an ancestral hero	
164663	mt	mt(II)/	mt (II)	DN m. sg. abs. nom.	Mot/Death	
164663	mt	mt(II)/	mt (II)	n. m. sg. abs. nom.	death	
164663	mt	mt[	/m-t/	vb G suffc. 3 m. sg.	to die	
164663	mt	mt[/	/m-t/	vb G ptcpl. m. sg. abs. nom.	to die	
164663	mt	mt(III)/	mt (III)	n. m. pl. cstr. nom.	man	
164663	mt	mt(III)/	mt (III)	n. m. sg. abs. nom.	man	
164663	mt	mt(I)/	mt (I)	n. m. sg. abs. nom.	dead person	
164663	mt	mt(IV)	mt (IV)	adv.	certainly	
164664	rpi	rp(u&i/	rpủ	n. m. sg. cstr. nom.	healer	
# KTU 1.19 I:48						
164665	all	all(I)/	ảll (I)	n. m. sg. cstr. gen.	outer garment	
164666	ġzr	ġzr/	ġzr	n. m. sg. abs. gen.	lad	
164667	mt	mt(II)/	mt (II)	DN m. sg. abs. nom.	Mot/Death	
164667	mt	mt(II)/	mt (II)	n. m. sg. abs. nom.	death	
164667	mt	mt[	/m-t/	vb G suffc. 3 m. sg.	to die	
164667	mt	mt[/	/m-t/	vb G ptcpl. m. sg. abs. nom.	to die	
164667	mt	mt(III)/	mt (III)	n. m. pl. cstr. nom.	man	
164667	mt	mt(III)/	mt (III)	n. m. sg. abs. nom.	man	
164667	mt	mt(I)/	mt (I)	n. m. sg. abs. nom.	dead person	
164667	mt	mt(IV)	mt (IV)	adv.	certainly	
164668	hrnmy	hrnmy/	hrnmy	GN sg. abs. nom.	native of the TN *hrnm	
# KTU 1.19 I:49						
164669	gm	g/~m	g	n. m. sg. abs. nom.	(loud) voice	
164669	gm	gm(II)	gm (II)	adv.	also	
164670	l	l(I)	l (I)	prep.	to	DULAT direct ref
164671	bth	b(t(I)/t+h	bt (I)	n. f. sg. cstr. gen.	1) daughter a) of men and gods	DULAT direct ref
164672	dnil	dnil/	dnỉl	PN sg. abs. nom.	of an ancestral hero	
164673	k	k(III)	k (III)	Subordinating or completive functor	when	
164674	yṣḥ	!y!ṣḥ[	/ṣ-ḥ/	vb G prefc. 3 m. sg.	to exclaim	
# KTU 1.19 II:1						
164675	šmˤ	šmˤ[	/š-m-ʕ/	vb G impv. 2	to hear	
164675	šmˤ	!!šmˤ[/	/š-m-ʕ/	vb G inf.	to hear	
164675	šmˤ	šmˤ/	šmʕ	n. m. sg. cstr. nom.	auditor	
164676	pġt	pġ(t/t	pġt	n. f. sg. cstr. nom.	3) PN	
164677	ṯkmt	ṯkm(t/t	ṯkmt	n. f. sg. abs. gen.	she who carries on her shoulders	
164678	my	my(I)	my (I)	pn. interr.	who?	
# KTU 1.19 II:2						
164679	ḥspt	ḥsp(t/t	ḥspt	n. f. sg. abs. nom.	she who collects	
164680	l	l(I)	l (I)	prep.	to	DULAT direct ref
164681	šˤr	šˤr/	šʕr	n. m. sg. cstr. gen.	2) pelisse	DULAT direct ref
164682	ṭl	ṭl/	ṭl	n. m. sg. abs. gen.	dew	
164683	ydˤt	ydˤ[t===	/y-d-ʕ/ (I)	vb G suffc. 3 f. sg.	to know	
164683	ydˤt	ydˤ[t=	/y-d-ʕ/ (I)	vb G suffc. 2 m. sg.	to know	
164683	ydˤt	ydˤ[t==	/y-d-ʕ/ (I)	vb G suffc. 2 f. sg.	to know	
164683	ydˤt	ydˤ[t	/y-d-ʕ/ (I)	vb G suffc. 1 c. sg.	to know	
164683	ydˤt	ydˤ(I)[/t	/y-d-ʕ/ (I)	vb G pass. ptcpl. m. sg. abs. nom.	to know	
# KTU 1.19 II:3						
164684	hlk	hlk(I)/	hlk (I)	n. m. sg. cstr. nom.	walk	DULAT direct ref
164685	kbkbm	kbkb/m	kbkb	n. m. pl. abs. gen.	1) heavenly body	
164686	mdl	mdl[	/m-d-l/	vb G impv. 2	to bridle	DULAT direct ref
164686	mdl	mdl[:d	/m-d-l/	vb D impv. 2	to bridle	DULAT direct ref
164687	ˤr	ˤr(I)/	ʕr (I)	n. f. sg. abs. nom.	city	
164687	ˤr	ˤr(II)/	ʕr (II)	n. m. sg. abs. nom.	donkey	
# KTU 1.19 II:4						
164688	ṣmd	ṣmd/	ṣmd	n. m. sg. abs. nom.	pair	
164688	ṣmd	ṣmd[	/ṣ-m-d/	vb G suffc. 3 m. sg.	to harness	
164688	ṣmd	ṣmd[	/ṣ-m-d/	vb G impv. 2	to harness	
164689	pḥl	pḥl/	pḥl	n. m. sg. abs. nom.	ass	
164690	št	št[	/š-t/	vb G suffc. 3 m. sg.	to place	
164690	št	št[	/š-t/	vb G impv. 2	to place	
164690	št	št[:pass	/š-t/	vb Gpass suffc.	to be placed, set	
164691	gpny	gpn(II)/+y	gpn (II)	n. m. cstr. nom.	harness	DULAT direct ref
164692	dt	d+t	d	det. or rel. functor	the one(s) of	
164693	ksp	ksp/	ksp	n. m. sg. abs. nom.	1) silver b) items made of silver	
# KTU 1.19 II:5						
164694	dt	d+t	d	det. or rel. functor	the one(s) of	
164695	yrq	yrq/	yrq	n. m. sg. cstr. nom.	greenish yellow (a metal / gold)	
164696	nqbny	nqbn/+y	nqbn	n. m. cstr. gen.	caparison	
164697	tšmˤ	!t!šmˤ[	/š-m-ʕ/	vb G prefc. 3 f. sg.	to hear	
164697	tšmˤ	!t=!šmˤ[	/š-m-ʕ/	vb G prefc. 2 m. sg.	to hear	
164697	tšmˤ	!t==!šmˤ[	/š-m-ʕ/	vb G prefc. 2 f. sg.	to hear	
164697	tšmˤ	!t!šmˤ[	/š-m-ʕ/	vb G prefc. 3 m. du.	to hear	
164697	tšmˤ	!t!šmˤ[:w	/š-m-ʕ/	vb G prefc. 3 m. pl.	to hear	
164697	tšmˤ	!t===!šmˤ[	/š-m-ʕ/	vb G prefc. 2 m. pl.	to hear	
# KTU 1.19 II:6						
164698	pġt	pġ(t/t	pġt	n. f. sg. cstr. nom.	girl	
164699	ṯkmt	ṯkm(t/t	ṯkmt	n. f. sg. cstr. gen.	she who carries on her shoulders	
164700	my	my/	mh/y	n. m. sg. cstr. gen.	water	DULAT direct ref
164701	ḥspt	ḥsp(t/t	ḥspt	n. f. sg. abs. gen.	she who collects	
164702	l	l(I)	l (I)	prep.	to	
164703	šˤr	šˤr/	šʕr	n. m. sg. cstr. gen.	hair	
164704	ṭl	ṭl/	ṭl	n. m. sg. abs. gen.	dew	
# KTU 1.19 II:7						
164705	ydˤt	ydˤ[t===	/y-d-ʕ/ (I)	vb G suffc. 3 f. sg.	1) to know	
164705	ydˤt	ydˤ[t=	/y-d-ʕ/ (I)	vb G suffc. 2 m. sg.	1) to know	
164705	ydˤt	ydˤ[t==	/y-d-ʕ/ (I)	vb G suffc. 2 f. sg.	1) to know	
164705	ydˤt	ydˤ[t	/y-d-ʕ/ (I)	vb G suffc. 1 c. sg.	1) to know	
164705	ydˤt	ydˤ(I)[/t	/y-d-ʕ/ (I)	vb G pass. ptcpl. m. sg. abs. nom.	1) to know	
164706	hlk	hlk[	/h-l-k/	vb G suffc. 3 m. sg.	to go	
164706	hlk	hlk[/	/h-l-k/	vb G act. ptcpl. m. sg. abs. nom.	to go	
164706	hlk	hlk(I)/	hlk (I)	n. m. sg. abs. nom.	walk	
164707	kbkbm	kbkb/m	kbkb	n. m. pl. abs. nom.	heavenly body	
# KTU 1.19 II:8						
164708	bkm	bkm	bkm	adv.	next	DULAT direct ref
164709	tmdln	!t!mdl[n	/m-d-l/	vb G prefc.	to bridle	
164709	tmdln	!t!mdl[n:d	/m-d-l/	vb D prefc.	to bridle	
164710	ˤr	ˤr(II)/	ʕr (II)	n. m. sg. abs. nom.	donkey	
# KTU 1.19 II:9						
164711	bkm	bkm	bkm	adv.	next	
164712	tṣmd	!t!ṣmd[	/ṣ-m-d/	vb G prefc. 3 f. sg.	to harness, yoke	
164712	tṣmd	!t=!ṣmd[	/ṣ-m-d/	vb G prefc. 2 m. sg.	to harness, yoke	
164712	tṣmd	!t==!ṣmd[	/ṣ-m-d/	vb G prefc. 2 f. sg.	to harness, yoke	
164712	tṣmd	!t!ṣmd[	/ṣ-m-d/	vb G prefc. 3 m. du.	to harness, yoke	
164712	tṣmd	!t!ṣmd[:w	/ṣ-m-d/	vb G prefc. 3 m. pl.	to harness, yoke	
164712	tṣmd	!t===!ṣmd[	/ṣ-m-d/	vb G prefc. 2 m. pl.	to harness, yoke	
164713	pḥl	pḥl/	pḥl	n. m. sg. abs. nom.	ass	
164714	bkm	bkm	bkm	adv.	next	
# KTU 1.19 II:10						
164715	tšu	!t!(nš(ʔ[&u	/n-š-ʔ/	vb G prefc.	to raise, lift, help up	
164716	abh	ab/+h	ảb	n. m. cstr. nom.	1) father a) ảp ảb ỉ k mtm tmtn father	
164717	tštnn	!t!št[+nn	/š-t/	vb G prefc.	to place, set, set up, leave	
164718	l	l(I)	l (I)	prep.	to	DULAT direct ref
164719	bmt	bm(t/t	bmt	n. f. sg. cstr. gen.	back	
164720	ˤr	ˤr(II)/	ʕr (II)	n. m. sg. abs. gen.	donkey	
# KTU 1.19 II:11						
164721	l	l(I)	l (I)	prep.	to	
164722	ysmsm	ysms(m(t/m	ysmsmt	n. f. pl. cstr. gen.	handsomeness	DULAT direct ref
164723	bmt	bm(t/t	bmt	n. f. sg. cstr. gen.	back	
164724	pḥl	pḥl/	pḥl	n. m. sg. abs. gen.	ass	
# KTU 1.19 II:12						
164725	y	~y	-y (II)	prep. functor	indeed	
164725	y	y	y	prep. functor	oh!	
164726	dnil	dnil/	dnỉl	PN sg. abs. nom.	of an ancestral hero	
164727	ysb	!y!sb(b[	/s:ś-b-b/	vb G prefc. 3 m. sg.	to turn round, go round and round, go through	
164728	palth	pal(t/t+h	pảlt	n. f. sg. cstr. nom.	fallow land	
# KTU 1.19 II:13						
164729	bṣql	bṣql/	bṣql	n. m. sg. abs. nom.	sprout	
164730	yph	!y!ph(y[	/p-h-y/	vb G prefc. 3 m. sg.	to see, espy	
164731	b	b	b	prep.	in	
164732	palt	pal(t/t	pảlt	n. f. sg. cstr. gen.	fallow land	
164733	bṣql	bṣql/	bṣql	n. m. sg. abs. gen.	sprout	
# KTU 1.19 II:14						
164734	yph	!y!ph(y[	/p-h-y/	vb G prefc. 3 m. sg.	to see	
164735	b	b	b	prep.	in	
164736	yġlm	yġl/~m	yġl	n. m. pl. cstr. gen.	poor (earth)	
164737	bṣql	bṣql/	bṣql	n. m. sg. abs. gen.	sprout	
164738	yḥbq	!y!ḥbq[	/ḥ-b-q/	vb G prefc. 3 m. sg.	to embrace, take in one’s arms, cover	
# KTU 1.19 II:15						
164739	w	w	w	conj.	and	
164740	ynšq	!y!nšq[:d	/n-š-q/	vb D prefc. 3 m. sg.	to kiss	
164741	aḥl	aḥl	ảḥl	interj.	if only!	
164742	an	an(II)	ản (II)	adv.	wherever	DULAT direct ref
164743	bṣql	bṣql/	bṣql	n. m. sg. abs. nom.	sprout	
# KTU 1.19 II:16						
164744	ynpˤ	?	?	?	?	DULAT candidates (no reconstructable encoding): /y-p-ʕ/ - to go up, rise
164745	b	b	b	prep.	in	
164746	palt	pal(t/t	pảlt	n. f. sg. cstr. gen.	fallow land	
164747	bṣql	bṣql/	bṣql	n. m. sg. abs. gen.	sprout	
164748	ypˤ	!y!(ypˤ[	/y-p-ʕ/	vb G prefc. 3 m. sg.	to go up, rise	
164748	ypˤ	!y!(]n](ypˤ[	/y-p-ʕ/	vb N prefc. 3 m. sg.	to go up, rise	
164749	b	b	b	prep.	in	
164750	yġlm	yġl/~m	yġl	n. m. pl. cstr. gen.	poor (earth)	
# KTU 1.19 II:17						
164751	ur	ur/	ủr	n. m. sg. abs. gen.	1) warmth	
164752	tispk	!t!(ʔ&isp[:d+k	/ʔ-s-p/	vb G prefc.	to gather, take away, remove, sweep away	
164752	tispk	!t!(ʔ&isp[:d+k	/ʔ-s-p/	vb D prefc.	to gather, take away, remove, sweep away	
164753	yd	yd(I)/	yd (I)	n. f. sg. cstr. nom.	1) hand a) yrḥṣ ydh ảmth he washed his hands up to the elbow	DULAT direct ref
164754	aqht	aqht/	ảqht	PN sg. cstr. gen.	epic hero	
# KTU 1.19 II:18						
164755	ġzr	ġzr/	ġzr	n. m. sg. abs. gen.	lad	
164756	tštk	!t!št[+k	/š-t/	vb G prefc.	to place, set, set up, leave	
164757	b	b	b	prep.	in	
164758	qrbm	qrb/m	qrb	n. m. pl. cstr. gen.	1) inside	
164759	asm	asm/	ảsm	n. m. sg. abs. gen.	granary	
# KTU 1.19 II:19						
164760	ydnil	!y!(ydn[il	/y-d-n/	vb	?	Based on DULAT reconstruction.
164760	ydnil	ydnil	ydnỉl	→	?	
164761	ysb	!y!sb(b[	/s:ś-b-b/	vb G prefc. 3 m. sg.	to turn round	
164762	aklth	aklt(II)/+h	ảklt (II)	n. f. cstr. nom.	waste land	DULAT direct ref
164763	yph	!y!ph(y[	/p-h-y/	vb G prefc. 3 m. sg.	to see	
# KTU 1.19 II:20						
164764	šblt	šbl(t/t	šblt	n. f. sg. abs. nom.	ear	
164765	b	b	b	prep.	in	
164766	aklt	(ʔ&akl[/t	/ʔ-k-l/	vb G act. ptcpl. m. sg. abs. nom.	to eat	
164766	aklt	akl(t(II)/t	ảklt (II)	n. f. sg. abs. nom.	waste land	
164766	aklt	akl(t(I)/t	ảklt (I)	adj. f. sg. abs. nom.	devouring	
164767	šblt	šbl(t/t	šblt	n. f. sg. abs. nom.	ear	
164768	ypˤ	!y!(ypˤ[	/y-p-ʕ/	vb G prefc. 3 m. sg.	to go up	
164768	ypˤ	!y!(]n](ypˤ[	/y-p-ʕ/	vb N prefc. 3 m. sg.	to go up	
# KTU 1.19 II:21						
164769	b	b	b	prep.	in	
164770	ḥmdrt	ḥmdr(t/t	ḥmdrt	n. f. sg. cstr. gen.	parched field	
164771	šblt	šbl(t/t	šblt	n. f. sg. abs. gen.	ear	
164772	yḥbq	!y!ḥbq[	/ḥ-b-q/	vb G prefc. 3 m. sg.	to embrace	
# KTU 1.19 II:22						
164773	w	w	w	conj.	and	
164774	ynšq	!y!nšq[:d	/n-š-q/	vb D prefc. 3 m. sg.	to kiss	
164775	aḥl	aḥl	ảḥl	interj.	if only!	
164776	an	an(I)	ản (I)	pers. pn.	I	
164776	an	an(II)	ản (II)	adv.	wherever	
164777	šblt	šbl(t/t	šblt	n. f. sg. abs. nom.	ear	
# KTU 1.19 II:23						
164778	tpˤ	!t!(ypˤ[	/y-p-ʕ/	vb G prefc. 3 f. sg.	to go up, rise	
164778	tpˤ	!t=!(ypˤ[	/y-p-ʕ/	vb G prefc. 2 m. sg.	to go up, rise	
164778	tpˤ	!t==!(ypˤ[	/y-p-ʕ/	vb G prefc. 2 f. sg.	to go up, rise	
164778	tpˤ	!t!(ypˤ[	/y-p-ʕ/	vb G prefc. 3 m. du.	to go up, rise	
164778	tpˤ	!t!(ypˤ[:w	/y-p-ʕ/	vb G prefc. 3 m. pl.	to go up, rise	
164778	tpˤ	!t===!(ypˤ[	/y-p-ʕ/	vb G prefc. 2 m. pl.	to go up, rise	
164778	tpˤ	!t!(]n](ypˤ[	/y-p-ʕ/	vb N prefc. 3 f. sg.	to go up, rise	
164778	tpˤ	!t=!(]n](ypˤ[	/y-p-ʕ/	vb N prefc. 2 m. sg.	to go up, rise	
164778	tpˤ	!t==!(]n](ypˤ[	/y-p-ʕ/	vb N prefc. 2 f. sg.	to go up, rise	
164778	tpˤ	!t!(]n](ypˤ[	/y-p-ʕ/	vb N prefc. 3 m. du.	to go up, rise	
164778	tpˤ	!t!(]n](ypˤ[:w	/y-p-ʕ/	vb N prefc. 3 m. pl.	to go up, rise	
164778	tpˤ	!t===!(]n](ypˤ[	/y-p-ʕ/	vb N prefc. 2 m. pl.	to go up, rise	
164779	b	b	b	prep.	in	
164780	aklt	akl(t(II)/t	ảklt (II)	n. f. sg. cstr. gen.	waste land	DULAT direct ref
164781	šblt	šbl(t/t	šblt	n. f. sg. abs. gen.	ear	
164782	tpˤ	!t!(ypˤ[	/y-p-ʕ/	vb G prefc. 3 f. sg.	to go up, rise	
164782	tpˤ	!t=!(ypˤ[	/y-p-ʕ/	vb G prefc. 2 m. sg.	to go up, rise	
164782	tpˤ	!t==!(ypˤ[	/y-p-ʕ/	vb G prefc. 2 f. sg.	to go up, rise	
164782	tpˤ	!t!(ypˤ[	/y-p-ʕ/	vb G prefc. 3 m. du.	to go up, rise	
164782	tpˤ	!t!(ypˤ[:w	/y-p-ʕ/	vb G prefc. 3 m. pl.	to go up, rise	
164782	tpˤ	!t===!(ypˤ[	/y-p-ʕ/	vb G prefc. 2 m. pl.	to go up, rise	
164782	tpˤ	!t!(]n](ypˤ[	/y-p-ʕ/	vb N prefc. 3 f. sg.	to go up, rise	
164782	tpˤ	!t=!(]n](ypˤ[	/y-p-ʕ/	vb N prefc. 2 m. sg.	to go up, rise	
164782	tpˤ	!t==!(]n](ypˤ[	/y-p-ʕ/	vb N prefc. 2 f. sg.	to go up, rise	
164782	tpˤ	!t!(]n](ypˤ[	/y-p-ʕ/	vb N prefc. 3 m. du.	to go up, rise	
164782	tpˤ	!t!(]n](ypˤ[:w	/y-p-ʕ/	vb N prefc. 3 m. pl.	to go up, rise	
164782	tpˤ	!t===!(]n](ypˤ[	/y-p-ʕ/	vb N prefc. 2 m. pl.	to go up, rise	
164783	b	b	b	prep.	in	
164784	ḥmdrt	ḥmdr(t/t	ḥmdrt	n. f. sg. cstr. gen.	parched field	
# KTU 1.19 II:24						
164785	ur	ur/	ủr	n. m. sg. abs. gen.	warmth	
164786	tispk	!t!(ʔ&isp[:d+k	/ʔ-s-p/	vb G prefc.	to gather	
164786	tispk	!t!(ʔ&isp[:d+k	/ʔ-s-p/	vb D prefc.	to gather	
164787	yd	yd(I)/	yd (I)	n. f. sg. cstr. nom.	hand	
164787	yd	yd(II)/	yd (II)	n. m. sg. cstr. nom.	love	
164788	aqht	aqht/	ảqht	PN sg. cstr. gen.	epic hero	
164789	ġzr	ġzr/	ġzr	n. m. sg. abs. gen.	lad	
# KTU 1.19 II:25						
164790	tštk	!t!št[+k	/š-t/	vb G prefc.	to place	
164791	bm	b~m	b	prep.	1) spatial location c) goal of movement or action	
164792	qrbm	qrb/m	qrb	n. m. pl. abs. nom.	inside	
164793	asm	asm/	ảsm	n. m. sg. abs. nom.	granary	
# KTU 1.19 II:26						
164794	b	b	b	prep.	in	
164795	ph	p(III)/+h	p (III)	n. m. cstr. gen.	1) mouth	
164796	rgm	rgm/	rgm	n. m. sg. abs. nom.	1) word	DULAT direct ref
164797	l	l(II)	l (II)	adv.	no	DULAT direct ref
164798	yṣa	?	?	?	?	DULAT candidates (no reconstructable encoding): /y-ṣ-ʔ/ - to go out, appear
164799	b	b	b	prep.	in	
164800	špth	šp(t/t+h	špt	n. f. sg. cstr. gen.	lip	
164801	hwth	hw(t(I)/t+h	hwt (I)	n. f. sg. cstr. nom.	word	
# KTU 1.19 II:27						
164802	b	b	b	prep.	in	
164803	nši	!!nš(ʔ[/&i	/n-š-ʔ/	vb G inf.	to raise	
164803	nši	nš(ʔ[/&i	/n-š-ʔ/	vb G act. ptcpl. m. sg. abs. nom.	to raise	
164804	ˤnm	ˤn(I)/m	ʕn (I)	n. f. pl. abs. nom.	eye	
164805	w	w	w	conj.	and	
164806	tphn	!t!ph(y[+n	/p-h-y/	vb G prefc.	to see	
164807	in	in/	ỉn	n. m. sg. abs. nom.	lack of	
164808	šlm	šlm[	/š-l-m/	vb G suffc. 3 m. sg.	to be well, do well, be in peace	
164808	šlm	šlm[:d	/š-l-m/	vb D suffc. 3 m. sg.	to re-establish > to pay	
164808	šlm	šlm[:d:w	/š-l-m/	vb D suffc. 3 m. pl.	to re-establish > to pay	
164808	šlm	šlm(I)/	šlm (I)	n. m. sg. abs. nom.	peace	
# KTU 1.19 II:28						
164809	b	b	b	prep.	in	
164810	hlk	hlk(I)/	hlk (I)	n. m. sg. cstr. gen.	walk	DULAT direct ref
164811	ġlmm	ġlm/~m	ġlm	n. m. abs. gen.	1) boy	
164812	bddy	bddy/	bddy	adj. m. sg. abs. nom.	alone	
164813	yṣa	?	?	?	?	DULAT candidates (no reconstructable encoding): /y-ṣ-ʔ/ - to go out, appear
# KTU 1.19 II:29						
164814	yṣa	?	?	?	?	DULAT candidates (no reconstructable encoding): /y-ṣ-ʔ/ - to go out
164815	w	w	w	conj.	and	
164816	l	l(II)	l (II)	adv.	no	DULAT direct ref
164817	yṣa	?	?	?	?	DULAT candidates (no reconstructable encoding): /y-ṣ-ʔ/ - to go out
164818	hlm	hlm[	/h-l-m/	vb G suffc. 3 m. sg.	to hit	DULAT direct ref
164818	hlm	hlm[	/h-l-m/	vb G impv. 2	to hit	DULAT direct ref
164819	ṯnm	ṯn(I)&m	ṯn (I)	num.	two	
# KTU 1.19 II:30						
164820	qdqd	qdqd/	qdqd	n. m. sg. abs. nom.	skull	
164821	ṯlṯid	ṯlṯid	ṯlṯỉd	adv.	three times	
164822	ˤl	ˤl(I)	ʕl (I)	prep.	upon	
164822	ˤl	ˤl(II)	ʕl (II)	adv.	above	
164822	ˤl	ˤl(III)/	ʕl (III)	n. m. sg. abs. nom.	offspring	
164822	ˤl	ˤl(III)/	ʕl (III)	n. m. sg. cstr. nom.	offspring	
164823	udn	udn(I)/	ủdn (I)	n. m. sg. abs. nom.	ear	
# KTU 1.19 II:31						
164824	l	l(I)	l (I)	prep.	to	
164824	l	l(II)	l (II)	adv.	no	
164824	l	l(III)	l (III)	functor	certainly	
164825	asr	(ʔ&asr[	/ʔ-s-r/	vb G suffc. 3 m. sg.	to tie	DULAT direct ref
164826	pdm	pd(I)/~m	pd (I)	n. m. pl. or du. cstr. nom.	lock (of hair)	
164827	rišh	riš(I)/+h	rỉš (I)	n. m. cstr. gen.	1) head	
# KTU 1.19 II:32						
164828	ˤl	ˤl(I)	ʕl (I)	prep.	1) spatial location or pre-eminence a) upon	DULAT direct ref
164829	pd	pd(I)/	pd (I)	n. m. sg. abs. gen.	lock (of hair)	
164830	asr	(ʔ&asr[	/ʔ-s-r/	vb G suffc. 3 m. sg.	to tie	
164830	asr	asr/	ảsr	n. m. sg. abs. nom.	prisoner	
164831	ḥġxx	?	?	?	?	DULAT: NOT FOUND
164832	l	l(I)	l (I)	prep.	to	
164833	glḥt	?	?	?	?	DULAT: NOT FOUND
# KTU 1.19 II:33						
164834	mḫlpt	mḫlpt/	mḫlpt	n. f. pl. abs. nom.	plait	
164835	w	w	w	conj.	and	
164836	l	l(III)	l (III)	functor	certainly	DULAT direct ref
164837	ytk	!y!(ntk[	/n-t-k/	vb G prefc. 3 m. sg.	to spill, pour (out)	
164838	dmˤt	dmˤ(t/t	dmʕt	n. f. sg. abs. nom.	tear	
164839	k	k(II)	k (II)	emph. functor	yes	
164840	m	m	m(h)	pers. pn.	what?	
# KTU 1.19 II:34						
164841	rbˤt	rbˤ(t/t	rbʕt	num. sg.	a fourth	
164842	lṯqlm	?	?	?	?	DULAT: NOT FOUND
164843	tgrrn	?	?	?	?	DULAT: NOT FOUND
164844	bm	b~m	b	prep.	in	
# KTU 1.19 II:35						
164845	yd	yd(I)/	yd (I)	n. f. sg. cstr. nom.	1) hand c) force	DULAT direct ref
164845	yd	yd(I)/	yd (I)	n. f. sg. abs. nom.	1) hand c) force	DULAT direct ref
164846	ṣpn	ṣpn/	ṣpn	TN/DN sg. abs. nom.	Ṣapānu/Zaphon/the mountain dwelling of bʕl deified	
164847	hm	hm(II)	hm (II)	conj./interr. functor	2) perhaps …? (interr. functor) b) in compound question	DULAT direct ref
164848	nliym	!n!l(ʔ&iy(I)[m	/l-ʔ-y/w/ (I)	vb G prefc. 1 c. pl.	1) to conquer	
164849	b	b	b	prep.	in	
164850	yd	yd(I)/	yd (I)	n. f. sg. cstr. gen.	1) hand c) force	DULAT direct ref
164851	ṣpn	ṣpn/	ṣpn	TN/DN sg. abs. gen.	Ṣapānu/Zaphon/the mountain dwelling of bʕl deified	
164852	hm	hm(II)	hm (II)	conj./interr. functor	2) perhaps …? (interr. functor) b) in compound question	DULAT direct ref
# KTU 1.19 II:36						
164853	nṣḥy	nṣḥ/+y	nṣḥ	n. cstr. nom.	victory	
164854	šrr	šrr/	šrr	n. m. sg. abs. nom.	enemy	
164855	mˤxxx	?	?	?	?	DULAT: NOT FOUND
164856	xxay	?	?	?	?	DULAT: NOT FOUND
# KTU 1.19 II:37						
164857	abšrkm	abšr+km	ảbšr	→	?	
164858	dnil	dnil/	dnỉl	PN sg. abs. nom.	of an ancestral hero	
164859	dxhxx	?	?	?	?	DULAT: NOT FOUND
# KTU 1.19 II:38						
164860	riš	riš(I)/	rỉš (I)	n. m. sg. cstr. nom.	head	
164861	rqth	rq(t/t+h	rqt	n. f. sg. cstr. gen.	temple	
164862	tḥt	tḥt(I)	tḥt (I)	prep.	2) at the feet of	
164863	ˤnt	ˤn(I)/t=	ʕn (I)	n. f. pl. abs. nom.	eye	
164863	ˤnt	ˤn(t(I)/t	ʕnt (I)	DN f. sg. abs. nom.	ʿAnatu/Anat	
164863	ˤnt	ˤnt(II)	ʕnt (II)	adv.	now	
164864	yql	!y!ql[	/q-l/	vb G prefc. 3 m. sg.	to fall (down)	
164865	l	l(II)	l (II)	adv.	no	DULAT direct ref
164866	tšˤly	?	?	?	?	DULAT: NOT FOUND
164867	hwt	hw&t	hw	pers. pn.	1) he	DULAT direct ref
164868	šṣat	?	?	?	?	DULAT candidates (no reconstructable encoding): /y-ṣ-ʔ/ - to make (someone) leave, take out
164869	k	k(I)	k (I)	prep.	like	DULAT direct ref
164870	rḥ	rḥ(I)/	rḥ (I)	n. f. sg. cstr. gen.	2) gust	
164871	npšhm	npš(I)/+hm	npš (I)	n. f. cstr. gen.	4) soul	
# KTU 1.19 II:39						
164872	k	+k	-k (I)			
164872	k	~k	-k (II)			
164872	k	k(III)	k (III)	Subordinating or completive functor	when	
164872	k	k(I)	k (I)	prep.	like	
164872	k	k(II)	k (II)	emph. functor	yes	
164873	iṯl	iṯl/	ỉṯl	n. m. sg. cstr. nom.	saliva	
164874	brlthm	brlt/+hm	brlt	n. f. cstr. gen.	hunger	
164875	k	+k	-k (I)			
164875	k	~k	-k (II)			
164875	k	k(III)	k (III)	Subordinating or completive functor	when	
164875	k	k(I)	k (I)	prep.	like	
164875	k	k(II)	k (II)	emph. functor	yes	
164876	qṭr	qṭr/	qṭr	n. m. sg. abs. nom.	smoke	
164877	b	b	b	prep.	in	
164878	ap	ap(I)	ảp (I)	adv./conj.	also	
164878	ap	ap(II)/	ảp (II)	n. m. sg. abs. nom.	nose	
164879	mprhm	mpr/+hm	mpr	n. m. cstr. nom.	a pot (?)	
# KTU 1.19 II:40						
164880	tmġyn	!t!mġy[+n	/m-ġ-y/	vb G prefc.	to come, arrive	
164881	tša	!t!(nš(ʔ[&a	/n-š-ʔ/	vb G prefc.	to raise	
164882	ghm	g/+hm	g	n. m. sg. cstr. nom.	(loud) voice	
164883	w	w	w	conj.	and	
164884	tṣḥ	!t!ṣḥ[	/ṣ-ḥ/	vb G prefc.	to exclaim	
# KTU 1.19 II:41						
164885	šmˤ	šmˤ[	/š-m-ʕ/	vb G impv. 2	to hear	
164885	šmˤ	!!šmˤ[/	/š-m-ʕ/	vb G inf.	to hear	
164885	šmˤ	šmˤ/	šmʕ	n. m. sg. cstr. nom.	auditor	
164886	l	l(IV)	l (IV)	interj.	oh!	
164887	dnil	dnil/	dnỉl	PN sg. abs. nom.	of an ancestral hero	
164888	mt	mt(II)/	mt (II)	DN m. sg. abs. nom.	Mot/Death	
164888	mt	mt(II)/	mt (II)	n. m. sg. abs. nom.	death	
164888	mt	mt[	/m-t/	vb G suffc. 3 m. sg.	to die	
164888	mt	mt[/	/m-t/	vb G ptcpl. m. sg. abs. nom.	to die	
164888	mt	mt(III)/	mt (III)	n. m. pl. cstr. nom.	man	
164888	mt	mt(III)/	mt (III)	n. m. sg. abs. nom.	man	
164888	mt	mt(I)/	mt (I)	n. m. sg. abs. nom.	dead person	
164888	mt	mt(IV)	mt (IV)	adv.	certainly	
164889	rpi	rp(u&i/	rpủ	n. m. sg. cstr. nom.	healer	
164889	rpi	rp(u&i/	rpủ	n. m. sg. abs. nom.	healer	
# KTU 1.19 II:42						
164890	mt	mt[	/m-t/	vb G suffc. 3 m. sg.	to die	DULAT direct ref
164890	mt	mt[/	/m-t/	vb G ptcpl. m. sg. abs. nom.	to die	DULAT direct ref
164891	aqtht	aq&tht/	ảqht	PN sg. cstr. nom.	epic hero	KTU corrected: aqht
164892	ġzr	ġzr/	ġzr	n. m. sg. abs. gen.	lad	
164893	šṣat	?	?	?	?	DULAT candidates (no reconstructable encoding): /y-ṣ-ʔ/ - to make (someone) leave
# KTU 1.19 II:43						
164894	btlt	btl(t/t	btlt	n. f. sg. cstr. nom.	virgin	
164895	ˤnt	ˤn(t(I)/t	ʕnt (I)	DN f. sg. abs. gen.	ʿAnatu/Anat	
164896	k	+k	-k (I)			
164896	k	~k	-k (II)			
164896	k	k(III)	k (III)	Subordinating or completive functor	when	
164896	k	k(I)	k (I)	prep.	like	
164896	k	k(II)	k (II)	emph. functor	yes	
164897	rḥ	rḥ(I)/	rḥ (I)	n. f. sg. cstr. nom.	wind	
164897	rḥ	rḥ(II)/	rḥ (II)	n. m. sg. cstr. nom.	aroma	
164898	npšh	npš(I)/+h	npš (I)	n. f. cstr. gen.	throat	
# KTU 1.19 II:44						
164899	ik	ik	ỉk	interr. functor	how?	
164900	iṯl	iṯl/	ỉṯl	n. m. sg. cstr. nom.	saliva	
164901	brlth	brl(t/t+h	brlt	n. f. sg. cstr. gen.	hunger	
164902	k	+k	-k (I)			
164902	k	~k	-k (II)			
164902	k	k(III)	k (III)	Subordinating or completive functor	when	
164902	k	k(I)	k (I)	prep.	like	
164902	k	k(II)	k (II)	emph. functor	yes	
164903	qṭr	qṭr/	qṭr	n. m. sg. abs. nom.	smoke	
164904	b	b	b	prep.	in	
164905	aph	ap(I)+h	ảp (I)	adv./conj.	also	
164905	aph	ap(II)/+h	ảp (II)	n. m. cstr. nom.	nose	
164906	bh	b+h	b	prep.	in	
164907	pˤnm	pˤn/m	pʕn	n. f. pl. abs. nom.	foot	
# KTU 1.19 II:45						
164908	tṭṭ	!t!(nṭṭ[	/n-ṭ-ṭ/	vb G prefc.	to shake	
164909	ˤln	ˤl(I)+n	ʕl (I)	prep.	4) relationship of sequence	
164910	pnh	pn(m&/+h	pnm	n. m. pl. cstr. nom.	face	
164911	tdˤ	!t!(ydˤ[:w	/y-d-ʕ/ (I)	vb G prefc. 3 m. pl.	to know	
164912	bˤdn	bˤd+n	bʕd	adv. or prep.	behind	
# KTU 1.19 II:46						
164913	ksl	ksl/	ksl	n. f. sg. abs. nom.	back	
164914	yṯbr	!y!ṯbr[	/ṯ-b-r/	vb G prefc. 3 m. sg.	to break	
164914	yṯbr	&yṯbr[	/ṯ-b-r/	vb G suffc. 3 m. sg.	to break	
164914	yṯbr	!y!(]n]ṯbr[	/ṯ-b-r/	vb N prefc. 3 m. sg.	to break	
164915	yġṣ	?	?	?	?	DULAT: NOT FOUND
164916	pnt	pnt/	pnt	n. f. pl. cstr. nom.	knuckle	
164917	kslh	ksl/+h	ksl	n. f. cstr. gen.	back	
# KTU 1.19 II:47						
164918	anš	(ʔ&anš[	/ʔ-n-š/	vb G suffc. 3 m. sg.	to languish	
164918	anš	anš/	ảnš	n. m. pl. cstr. nom.	muscle	
164919	dt	d+t	d	det. or rel. functor	the one(s) of	
164920	ẓrh	ẓr(I)/+h	ẓr (I)	n. m. cstr. nom.	back	
164921	yšu	!y!(nš(ʔ[&u	/n-š-ʔ/	vb G prefc. 3 m. sg.	to raise	
164922	gh	g/+h	g	n. m. sg. cstr. nom.	(loud) voice	
# KTU 1.19 II:48						
164923	w	w	w	conj.	and	
164924	yṣḥ	!y!ṣḥ[	/ṣ-ḥ/	vb G prefc. 3 m. sg.	to exclaim	
164925	xxxxxxxxxx	?	?	?	?	
# KTU 1.19 II:49						
164926	mḫṣ	!!mḫṣ[/	/m-ḫ-ṣ/	vb G inf.	to wound, beat, crush, kill	DULAT direct ref
164926	mḫṣ	mḫṣ[/	/m-ḫ-ṣ/	vb G act. ptcpl. m. sg. abs. nom.	to wound, beat, crush, kill	DULAT direct ref
164927	xxxxxxxxxxx	?	?	?	?	
# KTU 1.19 II:50						
164928	šxxxxxxxxxxxx	?	?	?	?	DULAT: NOT FOUND
# KTU 1.19 II:51						
164929		?	?	?	?	
# KTU 1.19 II:52						
164930		?	?	?	?	
# KTU 1.19 II:53						
164931		?	?	?	?	
# KTU 1.19 II:54						
164932		?	?	?	?	
# KTU 1.19 II:55						
164933		?	?	?	?	
# KTU 1.19 II:56						
164934	b	b	b	prep.	in	
164935	nši	!!nš(ʔ[/&i	/n-š-ʔ/	vb G inf.	to raise	
164935	nši	nš(ʔ[/&i	/n-š-ʔ/	vb G act. ptcpl. m. sg. abs. nom.	to raise	
164936	ˤnh	ˤn(I)/+h	ʕn (I)	n. f. cstr. nom.	eye	
164937	w	w	w	conj.	and	
164938	yphn	!y!ph(y[+n	/p-h-y/	vb G prefc. 3 m. sg.	to see	
164939	yḥd	yḥd/	yḥd	adj. m. sg. abs. nom.	solitary	
# KTU 1.19 II:57						
164940	b	b	b	prep.	in	
164941	ˤrpt	ˤrp(t/t	ʕrpt	n. f. sg. cstr. gen.	cloud(s)	
164942	nšrm	nšr/m	nšr	n. m. pl. abs. gen.	bird of prey	
164943	yšu	!y!(nš(ʔ[&u	/n-š-ʔ/	vb G prefc. 3 m. sg.	to raise	
# KTU 1.19 III:1						
164944	gh	g/+h	g	n. m. sg. cstr. nom.	(loud) voice	
164945	w	w	w	conj.	and	
164946	yṣḥ	!y!ṣḥ[	/ṣ-ḥ/	vb G prefc. 3 m. sg.	to exclaim	
164947	knp	knp/	knp	n. f. sg. cstr. nom.	wing	
164948	nšrm	nšr/m	nšr	n. m. pl. cstr. gen.	bird of prey	
# KTU 1.19 III:2						
164949	bˤl	bˤl(II)/	bʕl (II)	n. m. pl. abs. gen.	Baʿlu/Baal	
164949	bˤl	bˤl(II)/	bʕl (II)	n. m. sg. abs. gen.	Baʿlu/Baal	
164950	yṯbr	!y!ṯbr[	/ṯ-b-r/	vb G prefc. 3 m. sg.	to break	
164950	yṯbr	&yṯbr[	/ṯ-b-r/	vb G suffc. 3 m. sg.	to break	
164950	yṯbr	!y!(]n]ṯbr[	/ṯ-b-r/	vb N prefc. 3 m. sg.	to break	
164951	bˤl	bˤl(II)/	bʕl (II)	n. m. pl. cstr. nom.	Baʿlu/Baal	
164951	bˤl	bˤl(II)/	bʕl (II)	n. m. sg. abs. nom.	Baʿlu/Baal	
164952	yṯbr	!y!ṯbr[	/ṯ-b-r/	vb G prefc. 3 m. sg.	to break	
164952	yṯbr	&yṯbr[	/ṯ-b-r/	vb G suffc. 3 m. sg.	to break	
164952	yṯbr	!y!(]n]ṯbr[	/ṯ-b-r/	vb N prefc. 3 m. sg.	to break	
164953	diy	diy(II)/	dỉy (II)	n. m. pl. cstr. nom.	wing	
164953	diy	diy(I)/	dỉy (I)	n. m. sg. abs. nom.	hawk	
164954	hmt	hmt	hmt	pers. pn.	p. pn. obl	
164954	hmt	hm(II)~t	hm (II)	conj./interr. functor	if	
164954	hmt	hm(I)~t	hm (I)	pers. pn.	they	
# KTU 1.19 III:3						
164955	tqln	!t!ql[n	/q-l/	vb G prefc.	to fall (down)	
164956	tḥt	tḥt(I)	tḥt (I)	prep.	under	
164957	pˤny	pˤn/+y	pʕn	n. f. cstr. gen.	foot	
164958	ibqˤ	!(ʔ&i!bqˤ[	/b-q-ʕ/	vb G prefc. 1 c. sg.	to split	
164959	kbdthm	kbd(I)&t+hm	kbd (I)	suff. pn. morph.	liver	
164960	w	w	w	conj.	and	
# KTU 1.19 III:4						
164961	aḥd	aḥd/	ảḥd	adj. m. sg. abs. nom.	one	
164961	aḥd	aḥd(II)/	ảḥd (II)	subst./adj. sg.	only one	
164962	hm	hm(II)	hm (II)	conj./interr. functor	2) perhaps …? (interr. functor) b) in compound question	DULAT direct ref
164963	iṯ	iṯ(I)/	ỉṯ (I)	n. m. sg. cstr. nom.	1) to be	
164964	šmt	šm(t(I)/t	šmt (I)	n. f. sg. abs. gen.	fat	DULAT direct ref
164965	hm	hm(II)	hm (II)	conj./interr. functor	2) perhaps …? (interr. functor) b) in compound question	DULAT direct ref
164966	iṯ	iṯ(I)/	ỉṯ (I)	n. m. sg. cstr. nom.	1) to be	
# KTU 1.19 III:5						
164967	ˤẓm	ˤẓm(I)/	ʕẓm (I)	n. f. sg. abs. gen.	1) bone b) ʕẓm yd forearm	DULAT direct ref
164968	abpky	?	?	?	?	DULAT candidates (no reconstructable encoding): /b-k-y/ - to weep
164969	w	w	w	conj.	and	
164970	aqbrnh	!(ʔ&a!qbr[nh	/q-b-r/	vb prefc. 1 c. sg.	1) to bury	
# KTU 1.19 III:6						
164971	ašt	!(ʔ&a!št[	/š-t/	vb G prefc. 1 c. sg.	to place	
164972	b	b	b	prep.	in	
164973	ḫrt	ḫr(t/t	ḫrt	n. f. sg. cstr. gen.	cave	
164974	ilm	il(I)/m	ỉl (I)	n. m. pl. cstr. gen.	god	
164975	art	art(I)/	ảrt (I)	n. f. pl. abs. gen.	shield	
# KTU 1.19 III:7						
164976	b	b	b	prep.	in	
164977	ph	p(III)/+h	p (III)	n. m. cstr. gen.	mouth	
164978	rgm	rgm/	rgm	n. m. sg. abs. nom.	word	
164979	l	l(I)	l (I)	prep.	to	
164979	l	l(II)	l (II)	adv.	no	
164979	l	l(III)	l (III)	functor	certainly	
164980	yṣa	?	?	?	?	DULAT candidates (no reconstructable encoding): /y-ṣ-ʔ/ - to go out
164981	b	b	b	prep.	in	
164982	špth	šp(t/t+h	špt	n. f. sg. cstr. gen.	lip	
164983	hwth	hw(t(I)/t+h	hwt (I)	n. f. sg. cstr. nom.	word	
# KTU 1.19 III:8						
164984	knp	knp/	knp	n. f. sg. abs. nom.	wing	
164985	nšrm	nšr/m	nšr	n. m. pl. abs. nom.	bird of prey	
164986	bˤl	bˤl(II)/	bʕl (II)	n. m. pl. cstr. nom.	Baʿlu/Baal	
164986	bˤl	bˤl(II)/	bʕl (II)	n. m. sg. abs. nom.	Baʿlu/Baal	
164987	yṯbr	!y!ṯbr[	/ṯ-b-r/	vb G prefc. 3 m. sg.	to break, shatter	
164987	yṯbr	&yṯbr[	/ṯ-b-r/	vb G suffc. 3 m. sg.	to break, shatter	
164987	yṯbr	!y!(]n]ṯbr[	/ṯ-b-r/	vb N prefc. 3 m. sg.	to break, be shattered, buckle	
# KTU 1.19 III:9						
164988	bˤl	bˤl(II)/	bʕl (II)	n. m. pl. cstr. nom.	Baʿlu/Baal	
164988	bˤl	bˤl(II)/	bʕl (II)	n. m. sg. abs. nom.	Baʿlu/Baal	
164989	tbr	tbr	tbr			
164990	diy	diy(II)/	dỉy (II)	n. m. pl. cstr. nom.	wing	DULAT direct ref
164991	hmt	hmt	hmt	pers. pn.	p. pn. obl	
164991	hmt	hm(II)~t	hm (II)	conj./interr. functor	if	
164991	hmt	hm(I)~t	hm (I)	pers. pn.	they	
164992	tġln	!t!ġl(y[~n	/ġ-l-y/	vb	to lose the proper aspect	
# KTU 1.19 III:10						
164993	tḥt	tḥt(I)	tḥt (I)	prep.	2) at the feet of	
164994	pˤnh	pˤn/+h	pʕn	n. f. cstr. gen.	foot	
164995	ybqˤ	!y!bqˤ[	/b-q-ʕ/	vb G prefc. 3 m. sg.	to split, open	
164996	kbdthm	kbd(I)&t+hm	kbd (I)	suff. pn. morph.	liver	
164997	w	w	w	conj.	and	
164998	yḥd	yḥd/	yḥd	adj. m. sg. abs. nom.	solitary	
# KTU 1.19 III:11						
164999	in	in/	ỉn	n. m. sg. cstr. nom.	1) there is/are not	
165000	šmt	šm(I)/t=	šm (I)	n. m. pl. cstr. gen.	name	
165000	šmt	šm(t(II)/t	šmt (II)	n. f. sg. cstr. gen.	reddish shade	
165000	šmt	šm(t(I)/t	šmt (I)	n. f. sg. cstr. gen.	fat	
165001	in	in/	ỉn	n. m. sg. cstr. gen.	1) there is/are not	
165002	ˤẓm	ˤẓm(I)/	ʕẓm (I)	n. f. sg. abs. gen.	1) bone b) ʕẓm yd forearm	DULAT direct ref
165003	yšu	!y!(nš(ʔ[&u	/n-š-ʔ/	vb G prefc. 3 m. sg.	to raise	
165004	gh	g/+h	g	n. m. sg. cstr. nom.	(loud) voice	
# KTU 1.19 III:12						
165005	w	w	w	conj.	and	
165006	yṣḥ	!y!ṣḥ[	/ṣ-ḥ/	vb G prefc. 3 m. sg.	to exclaim	
165007	knp	knp/	knp	n. f. sg. cstr. nom.	wing	
165008	nšrm	nšr/m	nšr	n. m. pl. cstr. gen.	bird of prey	
165009	bˤl	bˤl(II)/	bʕl (II)	n. m. pl. abs. gen.	Baʿlu/Baal	
165009	bˤl	bˤl(II)/	bʕl (II)	n. m. sg. abs. gen.	Baʿlu/Baal	
165010	ybn	!y!(]n]bn(y[	/b-n-y/	vb N prefc. 3 m. sg.	to reconstruct, rebuild	
# KTU 1.19 III:13						
165011	bˤl	bˤl(II)/	bʕl (II)	n. m. pl. cstr. nom.	Baʿlu/Baal	
165011	bˤl	bˤl(II)/	bʕl (II)	n. m. sg. abs. nom.	Baʿlu/Baal	
165012	ybn	!y!bn(y[	/b-n-y/	vb G prefc. 3 m. sg.	to build	
165012	ybn	!y!(]n]bn(y[	/b-n-y/	vb N prefc. 3 m. sg.	to be built	
165012	ybn	!y!bn(y[:pass	/b-n-y/	vb Gpass prefc. 3 m. sg.	to build	
165013	diy	diy(II)/	dỉy (II)	n. m. pl. cstr. nom.	wing	DULAT direct ref
165014	hmt	hmt	hmt	pers. pn.	p. pn. obl	
165014	hmt	hm(II)~t	hm (II)	conj./interr. functor	if	
165014	hmt	hm(I)~t	hm (I)	pers. pn.	they	
165015	nšrm	nšr/m	nšr	n. m. pl. abs. nom.	bird of prey	
# KTU 1.19 III:14						
165016	tpr	!t!(npr[	/n-p-r/	vb G prefc.	to fly, start to fly	
165017	w	w	w	conj.	and	
165018	du	!!du[/	/d-ʔ-y/	vb G inf.	to fly	
165019	b	b	b	prep.	in	
165020	nši	!!nš(ʔ[/&i	/n-š-ʔ/	vb G inf.	to raise	
165020	nši	nš(ʔ[/&i	/n-š-ʔ/	vb G act. ptcpl. m. sg. abs. nom.	to raise	
165021	ˤnh	ˤn(I)/+h	ʕn (I)	n. f. cstr. nom.	eye	
165022	w	w	w	conj.	and	
165023	yphn	!y!ph(y[+n	/p-h-y/	vb G prefc. 3 m. sg.	to see	
# KTU 1.19 III:15						
165024	yḥd	!y!ḥd(y[	/ḥ-d-y/	vb G prefc. 3 m. sg.	to see, look, observe	DULAT direct ref
165025	hrgb	hrgb/	hrgb	DN sg. cstr. nom.	mythical animal	
165026	ab	ab/	ảb	n. m. sg. cstr. gen.	1) father c) said of the chief / father of a flock	DULAT direct ref
165027	nšrm	nšr/m	nšr	n. m. pl. abs. gen.	bird of prey	
# KTU 1.19 III:16						
165028	yšu	!y!(nš(ʔ[&u	/n-š-ʔ/	vb G prefc. 3 m. sg.	to raise	
165029	gh	g/+h	g	n. m. sg. cstr. nom.	(loud) voice	
165030	w	w	w	conj.	and	
165031	yṣḥ	!y!ṣḥ[	/ṣ-ḥ/	vb G prefc. 3 m. sg.	to exclaim	
165032	knp	knp/	knp	n. f. sg. cstr. nom.	wing	
165033	hrgb	hrgb/	hrgb	DN sg. cstr. gen.	mythical animal	
# KTU 1.19 III:17						
165034	bˤl	bˤl(II)/	bʕl (II)	n. m. pl. abs. gen.	Baʿlu/Baal	
165034	bˤl	bˤl(II)/	bʕl (II)	n. m. sg. abs. gen.	Baʿlu/Baal	
165035	yṯbr	!y!ṯbr[	/ṯ-b-r/	vb G prefc. 3 m. sg.	to break	
165035	yṯbr	&yṯbr[	/ṯ-b-r/	vb G suffc. 3 m. sg.	to break	
165035	yṯbr	!y!(]n]ṯbr[	/ṯ-b-r/	vb N prefc. 3 m. sg.	to break	
165036	bˤl	bˤl(II)/	bʕl (II)	n. m. pl. cstr. nom.	Baʿlu/Baal	
165036	bˤl	bˤl(II)/	bʕl (II)	n. m. sg. abs. nom.	Baʿlu/Baal	
165037	yṯbr	!y!ṯbr[	/ṯ-b-r/	vb G prefc. 3 m. sg.	to break	
165037	yṯbr	&yṯbr[	/ṯ-b-r/	vb G suffc. 3 m. sg.	to break	
165037	yṯbr	!y!(]n]ṯbr[	/ṯ-b-r/	vb N prefc. 3 m. sg.	to break	
165038	diy	diy(II)/	dỉy (II)	n. m. pl. cstr. nom.	wing	
165038	diy	diy(I)/	dỉy (I)	n. m. sg. abs. nom.	hawk	
165039	hwt	hw&t	hw	pers. pn.	he	
165039	hwt	hw(t(I)/t	hwt (I)	n. f. sg. abs. nom.	word	
# KTU 1.19 III:18						
165040	w	w	w	conj.	and	
165041	yql	!y!ql[	/q-l/	vb G prefc. 3 m. sg.	to fall (down)	
165042	tḥt	tḥt(I)	tḥt (I)	prep.	2) at the feet of	
165043	pˤny	pˤn/+y	pʕn	n. f. cstr. gen.	foot	
165044	ibqˤ	!(ʔ&i!bqˤ[	/b-q-ʕ/	vb G prefc. 1 c. sg.	to split	
165045	kbdh	kbd(I)&h	kbd (I)		2) innards	
# KTU 1.19 III:19						
165046	w	w	w	conj.	and	
165047	aḥd	aḥd/	ảḥd	adj. m. sg. abs. nom.	one	
165047	aḥd	aḥd(II)/	ảḥd (II)	subst./adj. sg.	only one	
165048	hm	hm(II)	hm (II)	conj./interr. functor	if	
165048	hm	hm(I)	hm (I)	pers. pn.	they	
165049	iṯ	iṯ(I)/	ỉṯ (I)	n. m. sg. cstr. nom.	presence	
165050	šmt	šm(I)/t=	šm (I)	n. m. pl. abs. gen.	name	
165050	šmt	šm(t(II)/t	šmt (II)	n. f. sg. abs. gen.	reddish shade	
165050	šmt	šm(t(I)/t	šmt (I)	n. f. sg. abs. gen.	fat	
165051	hm	hm(II)	hm (II)	conj./interr. functor	if	
165051	hm	hm(I)	hm (I)	pers. pn.	they	
165052	iṯ	iṯ(I)/	ỉṯ (I)	n. m. sg. abs. nom.	presence	
165053	ˤẓm	ˤẓm(I)/	ʕẓm (I)	n. f. sg. abs. nom.	bone	
165053	ˤẓm	ˤẓm(II)/	ʕẓm (II)	adj. m. sg. abs. nom.	imposing	
# KTU 1.19 III:20						
165054	abky	!(ʔ&a!bky[	/b-k-y/	vb G prefc. 1 c. sg.	to weep	
165055	w	w	w	conj.	and	
165056	aqbrn	!(ʔ&a!qbr[n	/q-b-r/	vb prefc. 1 c. sg.	to bury	
165057	ašt	!(ʔ&a!št[	/š-t/	vb G prefc. 1 c. sg.	to place	
165058	b	b	b	prep.	in	
165059	ḫrt	ḫr(t/t	ḫrt	n. f. sg. cstr. gen.	cave	
# KTU 1.19 III:21						
165060	ilm	il(I)/m	ỉl (I)	n. m. pl. cstr. gen.	god	
165061	arṣ	arṣ/	ảrṣ	n. f. sg. abs. gen.	earth	
165062	b	b	b	prep.	in	
165063	ph	p(III)/+h	p (III)	n. m. cstr. gen.	mouth	
165064	rgm	rgm[	/r-g-m/	vb G suffc. 3 m. sg.	to say	
165064	rgm	rgm[	/r-g-m/	vb G impv. 2	to say	
165064	rgm	!!rgm[/	/r-g-m/	vb G inf.	to say	
165064	rgm	rgm/	rgm	n. m. sg. abs. nom.	word	
165065	l	l(I)	l (I)	prep.	to	
165065	l	l(II)	l (II)	adv.	no	
165065	l	l(III)	l (III)	functor	certainly	
165066	yṣa	?	?	?	?	DULAT candidates (no reconstructable encoding): /y-ṣ-ʔ/ - to go out
165067	b	b	b	prep.	in	
165068	šp	šp/	šp	n. m. abs. gen.	dune	
# KTU 1.19 III:22						
165069	th	?	?	?	?	DULAT: NOT FOUND
165070	hwth	hw(t(I)/t+h	hwt (I)	n. f. sg. cstr. nom.	word	
165071	knp	knp/	knp	n. f. sg. abs. nom.	wing	
165072	hrgb	hrgb/	hrgb	DN sg. abs. nom.	mythical animal	
165073	bˤl	bˤl(II)/	bʕl (II)	n. m. pl. cstr. nom.	Baʿlu/Baal	
165073	bˤl	bˤl(II)/	bʕl (II)	n. m. sg. abs. nom.	Baʿlu/Baal	
165074	ṯbr	ṯbr[	/ṯ-b-r/	vb G suffc. 3 m. sg.	to break	
# KTU 1.19 III:23						
165075	bˤl	bˤl(II)/	bʕl (II)	n. m. pl. cstr. nom.	Baʿlu/Baal	
165075	bˤl	bˤl(II)/	bʕl (II)	n. m. sg. abs. nom.	Baʿlu/Baal	
165076	ṯbr	ṯbr[	/ṯ-b-r/	vb G suffc. 3 m. sg.	to break	
165077	diy	diy(II)/	dỉy (II)	n. m. pl. cstr. nom.	wing	
165077	diy	diy(I)/	dỉy (I)	n. m. sg. abs. nom.	hawk	
165078	hwt	hw&t	hw	pers. pn.	1) he	DULAT direct ref
165079	w	w	w	conj.	and	
165080	yql	!y!ql[	/q-l/	vb G prefc. 3 m. sg.	to fall (down)	
# KTU 1.19 III:24						
165081	tḥt	tḥt(I)	tḥt (I)	prep.	under	
165082	pˤnh	pˤn/+h	pʕn	n. f. cstr. gen.	foot	
165083	ybqˤ	!y!bqˤ[	/b-q-ʕ/	vb G prefc. 3 m. sg.	to split	
165084	kbdh	kbd(I)&h	kbd (I)		liver	
165085	w	w	w	conj.	and	
165086	yḥd	yḥd/	yḥd	adj. m. sg. abs. nom.	solitary	
# KTU 1.19 III:25						
165087	in	in/	ỉn	n. m. sg. cstr. nom.	lack of	
165088	šmt	šm(I)/t=	šm (I)	n. m. pl. cstr. gen.	name	
165088	šmt	šm(t(II)/t	šmt (II)	n. f. sg. cstr. gen.	reddish shade	
165088	šmt	šm(t(I)/t	šmt (I)	n. f. sg. cstr. gen.	fat	
165089	in	in/	ỉn	n. m. sg. abs. gen.	lack of	
165090	ˤẓm	ˤẓm(I)/	ʕẓm (I)	n. f. sg. abs. nom.	bone	
165090	ˤẓm	ˤẓm(II)/	ʕẓm (II)	adj. m. sg. abs. nom.	imposing	
165091	yšu	!y!(nš(ʔ[&u	/n-š-ʔ/	vb G prefc. 3 m. sg.	to raise	
165092	gh	g/+h	g	n. m. sg. cstr. nom.	(loud) voice	
# KTU 1.19 III:26						
165093	w	w	w	conj.	and	
165094	yṣḥ	!y!ṣḥ[	/ṣ-ḥ/	vb G prefc. 3 m. sg.	to exclaim	
165095	knp	knp/	knp	n. f. sg. cstr. nom.	wing	
165096	hrgb	hrgb/	hrgb	DN sg. cstr. gen.	mythical animal	
165097	bˤl	bˤl(II)/	bʕl (II)	n. m. pl. abs. gen.	Baʿlu/Baal	
165097	bˤl	bˤl(II)/	bʕl (II)	n. m. sg. abs. gen.	Baʿlu/Baal	
165098	ybn	!y!bn(y[	/b-n-y/	vb G prefc. 3 m. sg.	to build	
165098	ybn	!y!(]n]bn(y[	/b-n-y/	vb N prefc. 3 m. sg.	to be built	
165098	ybn	!y!bn(y[:pass	/b-n-y/	vb Gpass prefc. 3 m. sg.	to build	
# KTU 1.19 III:27						
165099	bˤl	bˤl(II)/	bʕl (II)	n. m. pl. cstr. nom.	Baʿlu/Baal	
165099	bˤl	bˤl(II)/	bʕl (II)	n. m. sg. abs. nom.	Baʿlu/Baal	
165100	ybn	!y!bn(y[	/b-n-y/	vb G prefc. 3 m. sg.	to build	
165100	ybn	!y!(]n]bn(y[	/b-n-y/	vb N prefc. 3 m. sg.	to be built	
165100	ybn	!y!bn(y[:pass	/b-n-y/	vb Gpass prefc. 3 m. sg.	to build	
165101	diy	diy(II)/	dỉy (II)	n. m. pl. cstr. nom.	wing	
165101	diy	diy(I)/	dỉy (I)	n. m. sg. abs. nom.	hawk	
165102	hwt	hw&t	hw	pers. pn.	he	
165102	hwt	hw(t(I)/t	hwt (I)	n. f. sg. abs. nom.	word	
165103	hrgb	hrgb/	hrgb	DN sg. abs. nom.	mythical animal	
# KTU 1.19 III:28						
165104	tpr	!t!(npr[	/n-p-r/	vb G prefc.	to fly	
165105	w	w	w	conj.	and	
165106	du	!!du[/	/d-ʔ-y/	vb G inf.	to fly	
165107	b	b	b	prep.	in	
165108	nši	!!nš(ʔ[/&i	/n-š-ʔ/	vb G inf.	to raise	
165108	nši	nš(ʔ[/&i	/n-š-ʔ/	vb G act. ptcpl. m. sg. abs. nom.	to raise	
165109	ˤnh	ˤn(I)/+h	ʕn (I)	n. f. cstr. nom.	eye	
# KTU 1.19 III:29						
165110	w	w	w	conj.	and	
165111	yphn	!y!ph(y[+n	/p-h-y/	vb G prefc. 3 m. sg.	to see	
165112	yḥd	yḥd/	yḥd	adj. m. sg. abs. nom.	solitary	
165113	ṣml	ṣml(I)/	ṣml (I)	n. m. sg. cstr. nom.	a commodity	
165114	um	um/	ủm	n. f. sg. cstr. gen.	1) mother b) of animals	
165115	nšrm	nšr/m	nšr	n. m. pl. abs. gen.	bird of prey	
# KTU 1.19 III:30						
165116	yšu	!y!(nš(ʔ[&u	/n-š-ʔ/	vb G prefc. 3 m. sg.	to raise	
165117	gh	g/+h	g	n. m. sg. cstr. nom.	(loud) voice	
165118	w	w	w	conj.	and	
165119	yṣḥ	!y!ṣḥ[	/ṣ-ḥ/	vb G prefc. 3 m. sg.	to exclaim	
165120	knp	knp/	knp	n. f. sg. cstr. nom.	wing	
165121	ṣml	ṣml(I)/	ṣml (I)	n. m. sg. cstr. gen.	a commodity	
# KTU 1.19 III:31						
165122	bˤl	bˤl(II)/	bʕl (II)	n. m. pl. abs. gen.	Baʿlu/Baal	
165122	bˤl	bˤl(II)/	bʕl (II)	n. m. sg. abs. gen.	Baʿlu/Baal	
165123	yṯbrbˤl	?	?	?	?	DULAT: NOT FOUND
165124	yṯbr	!y!ṯbr[	/ṯ-b-r/	vb G prefc. 3 m. sg.	to break	
165124	yṯbr	&yṯbr[	/ṯ-b-r/	vb G suffc. 3 m. sg.	to break	
165124	yṯbr	!y!(]n]ṯbr[	/ṯ-b-r/	vb N prefc. 3 m. sg.	to break	
165125	diy	diy(II)/	dỉy (II)	n. m. pl. cstr. nom.	wing	
165125	diy	diy(I)/	dỉy (I)	n. m. sg. abs. nom.	hawk	
# KTU 1.19 III:32						
165126	hyt	hy&t	hy	pers. pn.	she	
165127	tql	!t!ql[	/q-l/	vb G prefc.	to fall (down)	
165128	tḥt	tḥt(I)	tḥt (I)	prep.	under	
165129	pˤny	pˤn/+y	pʕn	n. f. cstr. gen.	foot	
165130	ibqˤ	!(ʔ&i!bqˤ[	/b-q-ʕ/	vb G prefc. 1 c. sg.	to split, open	
# KTU 1.19 III:33						
165131	kbdh	kbd(I)&h	kbd (I)		liver	
165132	w	w	w	conj.	and	
165133	aḥd	aḥd/	ảḥd	adj. m. sg. abs. nom.	one	
165133	aḥd	aḥd(II)/	ảḥd (II)	subst./adj. sg.	only one	
165134	hm	hm(II)	hm (II)	conj./interr. functor	if	
165134	hm	hm(I)	hm (I)	pers. pn.	they	
165135	iṯ	iṯ(I)/	ỉṯ (I)	n. m. sg. cstr. nom.	presence	
165136	šmt	šm(I)/t=	šm (I)	n. m. pl. abs. gen.	name	
165136	šmt	šm(t(II)/t	šmt (II)	n. f. sg. abs. gen.	reddish shade	
165136	šmt	šm(t(I)/t	šmt (I)	n. f. sg. abs. gen.	fat	
165137	hm	hm(II)	hm (II)	conj./interr. functor	if	
165137	hm	hm(I)	hm (I)	pers. pn.	they	
165138	iṯ	iṯ(I)/	ỉṯ (I)	n. m. sg. abs. nom.	presence	
# KTU 1.19 III:34						
165139	ˤẓm	ˤẓm(I)/	ʕẓm (I)	n. f. sg. abs. nom.	bone	
165139	ˤẓm	ˤẓm(II)/	ʕẓm (II)	adj. m. sg. abs. nom.	imposing	
165140	abky	!(ʔ&a!bky[	/b-k-y/	vb G prefc. 1 c. sg.	to weep	
165141	w	w	w	conj.	and	
165142	aqbrnh	!(ʔ&a!qbr[nh	/q-b-r/	vb prefc. 1 c. sg.	to bury	
165143	aštn	!(ʔ&a!št[+n	/š-t/	vb G prefc. 1 c. sg.	to place	
# KTU 1.19 III:35						
165144	b	b	b	prep.	in	
165145	ḫrt	ḫr(t/t	ḫrt	n. f. sg. cstr. gen.	cave	
165146	ilm	il(I)/m	ỉl (I)	n. m. pl. cstr. gen.	god	
165147	arṣ	arṣ/	ảrṣ	n. f. sg. abs. gen.	earth	
165148	b	b	b	prep.	in	
165149	ph	p(III)/+h	p (III)	n. m. cstr. gen.	mouth	
165150	rgm	rgm[	/r-g-m/	vb G suffc. 3 m. sg.	to say	
165150	rgm	rgm[	/r-g-m/	vb G impv. 2	to say	
165150	rgm	!!rgm[/	/r-g-m/	vb G inf.	to say	
165150	rgm	rgm/	rgm	n. m. sg. abs. nom.	word	
165151	l	l(I)	l (I)	prep.	to	
165151	l	l(II)	l (II)	adv.	no	
165151	l	l(III)	l (III)	functor	certainly	
165152	yṣa	?	?	?	?	DULAT candidates (no reconstructable encoding): /y-ṣ-ʔ/ - to go out
# KTU 1.19 III:36						
165153	b	b	b	prep.	in	
165154	špth	šp(t/t+h	špt	n. f. sg. cstr. gen.	lip	
165155	hwth	hw(t(I)/t+h	hwt (I)	n. f. sg. cstr. nom.	word	
165156	knp	knp/	knp	n. f. sg. abs. nom.	wing	
165157	ṣml	ṣml(I)/	ṣml (I)	n. m. sg. abs. nom.	a commodity	
165158	bˤl	bˤl(II)/	bʕl (II)	n. m. pl. cstr. nom.	Baʿlu/Baal	
165158	bˤl	bˤl(II)/	bʕl (II)	n. m. sg. abs. nom.	Baʿlu/Baal	
165159	ṯbr	ṯbr[	/ṯ-b-r/	vb G suffc. 3 m. sg.	to break	
# KTU 1.19 III:37						
165160	bˤl	bˤl(II)/	bʕl (II)	n. m. pl. cstr. nom.	Baʿlu/Baal	
165160	bˤl	bˤl(II)/	bʕl (II)	n. m. sg. abs. nom.	Baʿlu/Baal	
165161	ṯbr	ṯbr[	/ṯ-b-r/	vb G suffc. 3 m. sg.	to break	
165162	diy	diy(II)/	dỉy (II)	n. m. pl. cstr. nom.	wing	
165162	diy	diy(I)/	dỉy (I)	n. m. sg. abs. nom.	hawk	
165163	hyt	hy&t	hy	pers. pn.	1) she	
165164	tql	!t!ql[	/q-l/	vb G prefc.	to fall (down)	
165165	tḥt	tḥt(I)	tḥt (I)	prep.	under	
# KTU 1.19 III:38						
165166	pˤnhybqˤ	?	?	?	?	DULAT: NOT FOUND
165167	kbdh	kbd(I)&h	kbd (I)		liver	
165168	w	w	w	conj.	and	
165169	yḥd	yḥd/	yḥd	adj. m. sg. abs. nom.	solitary	
# KTU 1.19 III:39						
165170	iṯ	iṯ(I)/	ỉṯ (I)	n. m. sg. cstr. nom.	presence	
165171	šmt	šm(I)/t=	šm (I)	n. m. pl. cstr. gen.	name	
165171	šmt	šm(t(II)/t	šmt (II)	n. f. sg. cstr. gen.	reddish shade	
165171	šmt	šm(t(I)/t	šmt (I)	n. f. sg. cstr. gen.	fat	
165172	iṯ	iṯ(I)/	ỉṯ (I)	n. m. sg. abs. gen.	presence	
165173	ˤẓm	ˤẓm(I)/	ʕẓm (I)	n. f. sg. abs. nom.	bone	
165173	ˤẓm	ˤẓm(II)/	ʕẓm (II)	adj. m. sg. abs. nom.	imposing	
165174	w	w	w	conj.	and	
165175	yqḥ	!y!(lqḥ[	/l-q-ḥ/	vb G prefc. 3 m. sg.	to get hold of, take, grasp	
165175	yqḥ	!y!(lqḥ[:pass	/l-q-ḥ/	vb Gpass prefc. 3 m. sg.	to receive, accept, take (away)	
165176	bhm	b+hm	b	prep.	1) spatial location d) origin of a quality or process	
# KTU 1.19 III:40						
165177	aqht	aqht/	ảqht	PN sg. abs. nom.	epic hero	
165178	ybky	!y!bky[	/b-k-y/	vb G prefc. 3 m. sg.	to weep	
165179	l	l(III)	l (III)	functor	certainly	DULAT direct ref
165180	lqẓ	!!lqẓ[/	/l-q-ẓ/	vb G inf.	to pick up	
165181	ybky	!y!bky[	/b-k-y/	vb G prefc. 3 m. sg.	to weep	
165182	w	w	w	conj.	and	
165183	yqbr	!y!qbr[	/q-b-r/	vb prefc. 3 m. sg.	1) to bury	
# KTU 1.19 III:41						
165184	yqbrnn	!y!qbr[nn	/q-b-r/	vb	to bury	
165185	b	b	b	prep.	in	
165186	mdgt	mdg(t/t	mdgt	n. f. sg. abs. gen.	cave	
165187	b	b	b	prep.	in	
165188	knrt	knr/~t	knr	n. m. abs. nom.	harp	Based on DULAT reconstruction.
165188	knrt	knrt	knrt	→	?	
165188	knrt	kn(k&r(t/t	knkt	adj. f. sg. abs. nom.	sealed	Based on DULAT reconstruction.
# KTU 1.19 III:42						
165189	w	w	w	conj.	and	
165190	yšu	!y!(nš(ʔ[&u	/n-š-ʔ/	vb G prefc. 3 m. sg.	to raise	
165191	gh	g/+h	g	n. m. sg. cstr. nom.	(loud) voice	
165192	w	w	w	conj.	and	
165193	yṣḥ	!y!ṣḥ[	/ṣ-ḥ/	vb G prefc. 3 m. sg.	to exclaim	
165194	knp	knp/	knp	n. f. sg. cstr. nom.	wing	
165195	nšrm	nšr/m	nšr	n. m. pl. cstr. gen.	bird of prey	
# KTU 1.19 III:43						
165196	bˤl	bˤl(II)/	bʕl (II)	n. m. pl. abs. gen.	Baʿlu/Baal	
165196	bˤl	bˤl(II)/	bʕl (II)	n. m. sg. abs. gen.	Baʿlu/Baal	
165197	yṯbr	!y!ṯbr[	/ṯ-b-r/	vb G prefc. 3 m. sg.	to break	
165197	yṯbr	&yṯbr[	/ṯ-b-r/	vb G suffc. 3 m. sg.	to break	
165197	yṯbr	!y!(]n]ṯbr[	/ṯ-b-r/	vb N prefc. 3 m. sg.	to break	
165198	bˤl	bˤl(II)/	bʕl (II)	n. m. pl. cstr. nom.	Baʿlu/Baal	
165198	bˤl	bˤl(II)/	bʕl (II)	n. m. sg. abs. nom.	Baʿlu/Baal	
165199	yṯbr	!y!ṯbr[	/ṯ-b-r/	vb G prefc. 3 m. sg.	to break	
165199	yṯbr	&yṯbr[	/ṯ-b-r/	vb G suffc. 3 m. sg.	to break	
165199	yṯbr	!y!(]n]ṯbr[	/ṯ-b-r/	vb N prefc. 3 m. sg.	to break	
165200	diy	diy(II)/	dỉy (II)	n. m. pl. cstr. nom.	wing	
165200	diy	diy(I)/	dỉy (I)	n. m. sg. abs. nom.	hawk	
# KTU 1.19 III:44						
165201	hmt	hmt	hmt	pers. pn.	p. pn. obl	
165201	hmt	hm(II)~t	hm (II)	conj./interr. functor	1) if (conj.)	
165201	hmt	hm(I)~t	hm (I)	pers. pn.	1) they	
165202	hm	hm(II)	hm (II)	conj./interr. functor	1) if (conj.)	
165202	hm	hm(I)	hm (I)	pers. pn.	1) they	
165203	tˤpn	!t!ˤp[n	/ʕ-p/	vb G prefc.	to fly	
165204	ˤl	ˤl(I)	ʕl (I)	prep.	1) spatial location or pre-eminence a) upon	DULAT direct ref
165205	qbr	qbr(I)/	qbr (I)	n. m. sg. cstr. gen.	grave	
165206	bny	bn(I)/+y	bn (I)	n. m. cstr. gen.	1) son b) esp. in the royal legends	
# KTU 1.19 III:45						
165207	tšḫṭann	?	?	?	?	DULAT candidates (no reconstructable encoding): /ḫ-ṭ-ʔ/ - to lead astray
165208	b	b	b	prep.	in	
165209	šnth	šn(t(II)/t+h	šnt (II)	n. f. sg. cstr. gen.	sleep	
165210	qr	qr(I)/	qr (I)	n. m. sg. abs. nom.	2) TN	DULAT direct ref
165211	mym	my/m	mh/y	n. m. pl. abs. nom.	water	
# KTU 1.19 III:46						
165212	mlk	mlk(I)/	mlk (I)	n. m. sg. abs. nom.	king	
165213	yṣm	!y!(yṣm[	/y-ṣ-m/	vb prefc. 3 m. sg.	1) to curse	
165214	y	y	y	prep. functor	oh!	DULAT direct ref
165215	lkm	l(I)+k~m	l (I)	prep.	10) modal complement a) in prep. syntagm	
165216	qr	qr(I)/	qr (I)	n. m. sg. abs. nom.	source	
165216	qr	qr(II)/	qr (II)	n. m. sg. cstr. nom.	noise	
165216	qr	qr(III)/	qr (III)	n. m. pl. cstr. nom.	wall	
165217	mym	my/m	mh/y	n. m. pl. abs. nom.	water	
165218	d	d	d	det. or rel. functor	the one(s) of	
165219	ˤlk	ˤl(I)+k	ʕl (I)	prep.	upon	
# KTU 1.19 III:47						
165220	mḫṣ	!!mḫṣ[/	/m-ḫ-ṣ/	vb G inf.	to wound	
165220	mḫṣ	mḫṣ[/	/m-ḫ-ṣ/	vb G act. ptcpl. m. sg. abs. nom.	to wound	
165220	mḫṣ	mḫṣ(II)/	mḫṣ (II)	n. m. sg. abs. nom.	striking instrument	
165221	aqht	aqht/	ảqht	PN sg. cstr. nom.	epic hero	
165222	ġzr	ġzr/	ġzr	n. m. sg. abs. gen.	lad	
165223	amd	amd	ảmd	adv.	always	
165224	gr	gr(I)/	gr (I)	n. m. pl. cstr. nom.	protected	DULAT direct ref
165224	gr	gr(I)/	gr (I)	n. m. sg. cstr. nom.	protected	DULAT direct ref
165225	bt	bt(II)/	bt (II)	n. m. sg. cstr. gen.	3) temple	DULAT direct ref
165226	il	il(I)/	ỉl (I)	DN m. sg. abs. gen.	ʾIlu/Ilu/El	
165226	il	il(I)/	ỉl (I)	n. m. sg. abs. gen.	god	
# KTU 1.19 III:48						
165227	ˤnt	ˤnt(II)	ʕnt (II)	adv.	now	DULAT direct ref
165228	brḥ	brḥ/	brḥ	adj. m. sg. abs. nom.	2) fugitive	
165229	p	p(I)	p (I)	conj. functor	and	DULAT direct ref
165230	ˤlmh	ˤlm(I)/+h	ʕlm (I)	n. m. cstr. nom.	eternity	
165231	ˤnt	ˤnt(II)	ʕnt (II)	adv.	now	DULAT direct ref
165232	p	p(I)	p (I)	conj. functor	and	DULAT direct ref
165233	dr	dr/	dr	n. m. pl. cstr. nom.	2) cycle	DULAT direct ref
165233	dr	dr/	dr	n. m. sg. cstr. nom.	2) cycle	DULAT direct ref
165234	dr	dr/	dr	n. m. pl. abs. gen.	2) cycle	DULAT direct ref
165234	dr	dr/	dr	n. m. sg. abs. gen.	2) cycle	DULAT direct ref
# KTU 1.19 III:49						
165235	ˤdb	ˤdb[	/ʕ-d-b/	vb G suffc. 3 m. sg.	to leave > to put in > to place	
165235	ˤdb	ˤdb[	/ʕ-d-b/	vb G impv. 2	to leave > to put in > to place	
165235	ˤdb	!!ˤdb[/	/ʕ-d-b/	vb G inf.	to leave > to put in > to place	
165235	ˤdb	ˤdb[/	/ʕ-d-b/	vb G act. ptcpl. m. sg. abs. nom.	to leave > to put in > to place	
165236	uḫry	uḫry/	ủḫry	adj. m. sg. abs. nom.	last	
165237	mṭ	mṭ/	mṭ	n. m. sg. cstr. nom.	rod	
165238	ydh	yd(I)/+h	yd (I)	n. f. cstr. gen.	1) hand a) yrḥṣ ydh ảmth he washed his hands up to the elbow	
# KTU 1.19 III:50						
165239	ymġ	!y!mġ(y[	/m-ġ-y/	vb G prefc. 3 m. sg.	to come, arrive	
165240	l	l(I)	l (I)	prep.	to	DULAT direct ref
165241	mrrt	mrr(t(I)/t	mrrt (I)	n. f. sg. abs. gen.	bile	
165242	tġll	!t!ġll[:d	/ġ-l-l/	vb D prefc. 3 f. sg.	to insert	
165242	tġll	!t=!ġll[:d	/ġ-l-l/	vb D prefc. 2 m. sg.	to insert	
165242	tġll	!t==!ġll[:d	/ġ-l-l/	vb D prefc. 2 f. sg.	to insert	
165242	tġll	!t!ġll[:d	/ġ-l-l/	vb D prefc. 3 m. du.	to insert	
165242	tġll	!t!ġll[:d:w	/ġ-l-l/	vb D prefc. 3 m. pl.	to insert	
165242	tġll	!t===!ġll[:d	/ġ-l-l/	vb D prefc. 2 m. pl.	to insert	
165243	b	b	b	prep.	in	
165244	nr	nr/	nr	n. m. sg. cstr. nom.	sheen	
165244	nr	nr[	/n-r/	vb G suffc. 3 m. sg.	to shine	
# KTU 1.19 III:51						
165245	yšu	!y!(nš(ʔ[&u	/n-š-ʔ/	vb G prefc. 3 m. sg.	to raise	
165246	gh	g/+h	g	n. m. sg. cstr. nom.	(loud) voice	
165247	w	w	w	conj.	and	
165248	yṣḥ	!y!ṣḥ[	/ṣ-ḥ/	vb G prefc. 3 m. sg.	to exclaim	
165249	y	~y	-y (II)	prep. functor	indeed	
165249	y	y	y	prep. functor	oh!	
165250	lk	l(I)+k	l (I)	prep.	to	
165251	mrrt	mrr(t(I)/t	mrrt (I)	n. f. sg. abs. nom.	bile	
# KTU 1.19 III:52						
165252	tġll	!t!ġll[:d	/ġ-l-l/	vb D prefc. 3 f. sg.	to insert	
165252	tġll	!t=!ġll[:d	/ġ-l-l/	vb D prefc. 2 m. sg.	to insert	
165252	tġll	!t==!ġll[:d	/ġ-l-l/	vb D prefc. 2 f. sg.	to insert	
165252	tġll	!t!ġll[:d	/ġ-l-l/	vb D prefc. 3 m. du.	to insert	
165252	tġll	!t!ġll[:d:w	/ġ-l-l/	vb D prefc. 3 m. pl.	to insert	
165252	tġll	!t===!ġll[:d	/ġ-l-l/	vb D prefc. 2 m. pl.	to insert	
165253	b	b	b	prep.	in	
165254	nr	nr/	nr	n. m. sg. cstr. nom.	sheen	
165254	nr	nr[	/n-r/	vb G suffc. 3 m. sg.	to shine	
165255	d	d	d	det. or rel. functor	the one(s) of	
165256	ˤlk	ˤl(I)+k	ʕl (I)	prep.	2) relationship of cause d) responsibility	
165257	mḫṣ	!!mḫṣ[/	/m-ḫ-ṣ/	vb G inf.	to wound, beat, crush, kill	DULAT direct ref
165257	mḫṣ	mḫṣ[/	/m-ḫ-ṣ/	vb G act. ptcpl. m. sg. abs. nom.	to wound, beat, crush, kill	DULAT direct ref
165258	aqht	aqht/	ảqht	PN sg. cstr. nom.	epic hero	
# KTU 1.19 III:53						
165259	ġzr	ġzr/	ġzr	n. m. sg. cstr. gen.	lad	
165260	šršk	šrš(I)/+k	šrš (I)	n. m. cstr. gen.	1) root	
165261	b	b	b	prep.	in	
165262	arṣ	arṣ/	ảrṣ	n. f. sg. abs. gen.	1) earth	
165263	al	al(I)	ảl (I)	neg. functor	no	DULAT direct ref
# KTU 1.19 III:54						
165264	ypˤ	!y!(ypˤ[	/y-p-ʕ/	vb G prefc. 3 m. sg.	to go up, rise	
165264	ypˤ	!y!(]n](ypˤ[	/y-p-ʕ/	vb N prefc. 3 m. sg.	to go up, rise	
165265	riš	riš(I)/	rỉš (I)	n. m. sg. abs. nom.	2) top (of a tree)	
165266	ġly	ġly[	/ġ-l-y/	vb G suffc. 3 m. sg.	to lose the proper aspect, vitality > to wither	
165266	ġly	!!ġly[/	/ġ-l-y/	vb G inf.	to lose the proper aspect, vitality > to wither	
165267	bd	b&d	b	prep.	in	
165268	nsˤk	?	?	?	?	DULAT: NOT FOUND
# KTU 1.19 III:55						
165269	ˤnt	ˤnt(II)	ʕnt (II)	adv.	now	
165270	brḥ	brḥ/	brḥ	adj. m. sg. abs. nom.	fleeing	
165271	p	p(I)	p (I)	conj. functor	and	
165271	p	p(III)/	p (III)	n. m. sg. abs. nom.	mouth	
165271	p	p(II)	p (II)	adv.	here	
165272	ˤlmh	ˤlm(I)/+h	ʕlm (I)	n. m. cstr. nom.	eternity	
# KTU 1.19 III:56						
165273	ˤnt	ˤn(I)/t=	ʕn (I)	n. f. pl. abs. nom.	eye	
165273	ˤnt	ˤn(t(I)/t	ʕnt (I)	DN f. sg. abs. nom.	ʿAnatu/Anat	
165273	ˤnt	ˤnt(II)	ʕnt (II)	adv.	now	
165274	p	p(I)	p (I)	conj. functor	and	
165274	p	p(III)/	p (III)	n. m. sg. abs. nom.	mouth	
165274	p	p(II)	p (II)	adv.	here	
165275	dr	dr/	dr	n. m. pl. cstr. nom.	circle	
165275	dr	dr/	dr	n. m. sg. cstr. nom.	circle	
165276	dr	dr/	dr	n. m. pl. abs. gen.	circle	
165276	dr	dr/	dr	n. m. sg. abs. gen.	circle	
165277	ˤdb	ˤdb[	/ʕ-d-b/	vb G suffc. 3 m. sg.	to leave > to put in > to place	
165277	ˤdb	ˤdb[	/ʕ-d-b/	vb G impv. 2	to leave > to put in > to place	
165277	ˤdb	!!ˤdb[/	/ʕ-d-b/	vb G inf.	to leave > to put in > to place	
165277	ˤdb	ˤdb[/	/ʕ-d-b/	vb G act. ptcpl. m. sg. abs. nom.	to leave > to put in > to place	
165278	uḫry	uḫry/	ủḫry	adj. m. sg. abs. nom.	1) last	
165279	mṭ	mṭ/	mṭ	n. m. sg. cstr. nom.	rod	
165280	ydh	yd(I)/+h	yd (I)	n. f. cstr. gen.	hand	
# KTU 1.19 IV:1						
165281	ymġ	!y!mġ(y[	/m-ġ-y/	vb G prefc. 3 m. sg.	to come	
165282	l	l(I)	l (I)	prep.	to	
165283	qrt	qr(t(I)/t	qrt (I)	n. f. sg. cstr. gen.	1) city	
165284	ablm	ablm/	ảblm	TN sg. cstr. gen.	in mythological texts	DULAT direct ref
165285	ablm	ablm/	ảblm	TN sg. cstr. gen.	in mythological texts	DULAT direct ref
# KTU 1.19 IV:2						
165286	qrt	qr(t(I)/t	qrt (I)	n. f. sg. cstr. gen.	city	
165287	szbl	&szbl(I)/	zbl (I)	n. m. cstr. gen.	prince	KTU corrected: zbl
165287	szbl	&szbl(II)/	zbl (II)	n. m. cstr. gen.	principality	KTU corrected: zbl
165287	szbl	&szbl(III)/	zbl (III)	n. m. cstr. gen.	one carried	KTU corrected: zbl
165288	yrḫ	yrḫ/	yrḫ	DN m. sg. abs. gen.	Yariḫu/Yarikh	DULAT direct ref
165288	yrḫ	yrḫ/	yrḫ	n. m. sg. abs. gen.	2) DN	DULAT direct ref
165289	yšu	!y!(nš(ʔ[&u	/n-š-ʔ/	vb G prefc. 3 m. sg.	to raise	
165290	gh	g/+h	g	n. m. sg. cstr. nom.	(loud) voice	
# KTU 1.19 IV:3						
165291	w	w	w	conj.	and	
165292	yṣḥ	!y!ṣḥ[	/ṣ-ḥ/	vb G prefc. 3 m. sg.	to exclaim	
165293	y	~y	-y (II)	prep. functor	indeed	
165293	y	y	y	prep. functor	oh!	
165294	lk	l(I)+k	l (I)	prep.	to	
165295	qrt	qr(t(I)/t	qrt (I)	n. f. sg. abs. nom.	city	
165296	ablm	ablm/	ảblm	TN sg. abs. nom.	in mythological texts	DULAT direct ref
# KTU 1.19 IV:4						
165297	d	d	d	det. or rel. functor	the one(s) of	
165298	ˤlk	ˤl(I)+k	ʕl (I)	prep.	upon	
165299	mḫṣ	!!mḫṣ[/	/m-ḫ-ṣ/	vb G inf.	to wound	
165299	mḫṣ	mḫṣ[/	/m-ḫ-ṣ/	vb G act. ptcpl. m. sg. abs. nom.	to wound	
165299	mḫṣ	mḫṣ(II)/	mḫṣ (II)	n. m. sg. abs. nom.	striking instrument	
165300	aqht	aqht/	ảqht	PN sg. cstr. nom.	epic hero	
165301	ġzr	ġzr/	ġzr	n. m. sg. cstr. gen.	lad	
# KTU 1.19 IV:5						
165302	ˤwrt	ˤwr/t	ʕwr	n. f. sg. abs. gen.	blind man	
165303	yštk	!y!št[+k	/š-t/	vb G prefc. 3 m. sg.	to place, set, set up, leave	
165304	bˤl	bˤl(II)/	bʕl (II)	n. m. pl. cstr. nom.	Baʿlu/Baal	
165304	bˤl	bˤl(II)/	bʕl (II)	n. m. sg. abs. nom.	Baʿlu/Baal	
165305	l	l(I)	l (I)	prep.	to	DULAT direct ref
165306	ht	ht	ht	adv.	1) adv b) of time	
# KTU 1.19 IV:6						
165307	w	w	w	conj.	and	
165308	xˤlmh	&xˤlm(I)&h/	ʕlm (I)	n. m. abs. nom.	eternity	KTU corrected: ʿlmh
165309	l	l(I)	l (I)	prep.	to	
165310	ˤnt	ˤnt(II)	ʕnt (II)	adv.	now	DULAT direct ref
165311	p	p(I)	p (I)	conj. functor	and	
165311	p	p(III)/	p (III)	n. m. sg. abs. nom.	mouth	
165311	p	p(II)	p (II)	adv.	here	
165312	dr	dr/	dr	n. m. pl. cstr. nom.	circle	
165312	dr	dr/	dr	n. m. sg. cstr. nom.	circle	
165313	dr	dr/	dr	n. m. pl. abs. gen.	circle	
165313	dr	dr/	dr	n. m. sg. abs. gen.	circle	
# KTU 1.19 IV:7						
165314	ˤdb	ˤdb[	/ʕ-d-b/	vb G suffc. 3 m. sg.	to leave > to put in > to place	
165314	ˤdb	ˤdb[	/ʕ-d-b/	vb G impv. 2	to leave > to put in > to place	
165314	ˤdb	!!ˤdb[/	/ʕ-d-b/	vb G inf.	to leave > to put in > to place	
165314	ˤdb	ˤdb[/	/ʕ-d-b/	vb G act. ptcpl. m. sg. abs. nom.	to leave > to put in > to place	
165315	uḫry	uḫry/	ủḫry	adj. m. sg. abs. nom.	last	
165316	mṭ	mṭ/	mṭ	n. m. sg. cstr. nom.	rod	
165317	ydh	yd(I)/+h	yd (I)	n. f. cstr. gen.	hand	
# KTU 1.19 IV:8						
165318	dnil	dnil/	dnỉl	PN sg. abs. nom.	of an ancestral hero	
165319	bth	bt(II)/+h	bt (II)	n. m. sg. cstr. nom.	house	
165319	bth	b(t(I)/t+h	bt (I)	n. f. sg. cstr. nom.	daughter	
165320	ym	ym(I)/	ym (I)	n. m. sg. cstr. nom.	day	
165320	ym	ym(I)/	ym (I)	n. m. sg. abs. nom.	day	
165320	ym	ym(II)/	ym (II)	DN m. sg. abs. nom.	Yammu/the god “Sea”	
165320	ym	ym(II)/	ym (II)	n. m. sg. abs. nom.	sea	
165321	ġyn	?	?	?	?	DULAT: NOT FOUND
165322	yšt	!y!št[	/š-t/	vb G prefc. 3 m. sg.	to place	
165322	yšt	!y!št[:pass	/š-t/	vb Gpass prefc. 3 m. sg.	to be placed, set	
165322	yšt	!y!št(y[	/š-t-y/	vb G prefc. 3 m. sg.	to drink	
# KTU 1.19 IV:9						
165323	ql	ql[	/q-l/	vb G suffc. 3 m. sg.	to fall (down)	
165323	ql	ql[	/q-l/	vb G impv. 2	to fall (down)	
165323	ql	ql(I)/	ql (I)	n. m. sg. abs. nom.	voice	
165324	dnil	dnil/	dnỉl	PN sg. abs. nom.	of an ancestral hero	
165325	l	l(I)	l (I)	prep.	to	
165326	hklh	hkl/+h	hkl	n. m. cstr. gen.	palace	
165327	ˤrb	ˤrb[	/ʕ-r-b/ (I)	vb G suffc. 3 m. sg.	1) to enter	
165327	ˤrb	ˤrb[:w	/ʕ-r-b/ (I)	vb G suffc. 3 m. pl.	1) to enter	
165328	b	b	b	prep.	in	
# KTU 1.19 IV:10						
165329	bkyt	bkyt/	bkyt	n. f. pl. abs. gen.	mourners	
165330	b	b	b	prep.	in	
165331	hklh	hkl/+h	hkl	n. m. cstr. gen.	palace	
165332	mšspdt	mšspdt/	mšspdt	n. f. pl. abs. nom.	wailing woman	
165333	b	b	b	prep.	in	
165334	ḥẓrh	ḥẓr/+h	ḥẓr	n. m. cstr. gen.	1) mansion	
165335	pẓ	?	?	?	?	Incomplete pẓġm rewritten in full at the start of the next line (scribal anticipation).
# KTU 1.19 IV:11						
165336	pẓġm	pẓġ/m	pẓġ	n. m. pl. cstr. nom.	one who lacerates	
165337	ġr	ġr(III)/	ġr (III)	n. m. sg. abs. gen.	skin	DULAT direct ref
165338	ybk	!y!bk(y[	/b-k-y/	vb G prefc. 3 m. sg.	to weep	
165339	l	l(I)	l (I)	prep.	to	DULAT direct ref
165340	aqht	aqht/	ảqht	PN sg. cstr. gen.	epic hero	
# KTU 1.19 IV:12						
165341	ġzr	ġzr/	ġzr	n. m. sg. abs. gen.	lad	
165342	ydmˤ	!y!dmˤ[	/d-m-ʕ/	vb G prefc. 3 m. sg.	to shed tears, weep, sob	
165343	l	l(I)	l (I)	prep.	to	
165344	kdd	kdd/	kdd	n. m. sg. cstr. gen.	child	
165345	dnil	dnil/	dnỉl	PN sg. abs. gen.	of an ancestral hero	
165346	mt	mt(II)/	mt (II)	DN m. sg. abs. nom.	Mot/Death	
165346	mt	mt(II)/	mt (II)	n. m. sg. abs. nom.	death	
165346	mt	mt[	/m-t/	vb G suffc. 3 m. sg.	to die	
165346	mt	mt[/	/m-t/	vb G ptcpl. m. sg. abs. nom.	to die	
165346	mt	mt(III)/	mt (III)	n. m. pl. cstr. nom.	man	
165346	mt	mt(III)/	mt (III)	n. m. sg. abs. nom.	man	
165346	mt	mt(I)/	mt (I)	n. m. sg. abs. nom.	dead person	
165346	mt	mt(IV)	mt (IV)	adv.	certainly	
# KTU 1.19 IV:13						
165347	mt	mt(II)/	mt (II)	DN m. sg. abs. nom.	Mot/Death	
165347	mt	mt(II)/	mt (II)	n. m. sg. abs. nom.	death	
165347	mt	mt[	/m-t/	vb G suffc. 3 m. sg.	to die	
165347	mt	mt[/	/m-t/	vb G ptcpl. m. sg. abs. nom.	to die	
165347	mt	mt(III)/	mt (III)	n. m. pl. cstr. nom.	man	
165347	mt	mt(III)/	mt (III)	n. m. sg. abs. nom.	man	
165347	mt	mt(I)/	mt (I)	n. m. sg. abs. nom.	dead person	
165347	mt	mt(IV)	mt (IV)	adv.	certainly	
165348	rpi	rp(u&i/	rpủ	n. m. sg. cstr. nom.	healer	
165348	rpi	rp(u&i/	rpủ	n. m. sg. abs. nom.	healer	
165349	l	l(I)	l (I)	prep.	to	
165350	ymm	ym(I)/m	ym (I)	n. m. pl. abs. gen.	day	DULAT direct ref
165351	l	l(I)	l (I)	prep.	to	
165352	yrḫm	yrḫ/~m	yrḫ	n. m. abs. gen.	moon	
# KTU 1.19 IV:14						
165353	l	l(I)	l (I)	prep.	to	
165354	yrḫm	yrḫ/~m	yrḫ	n. m. abs. gen.	moon	
165355	l	l(I)	l (I)	prep.	to	
165356	šnt	šn(t(I)/t	šnt (I)	n. f. sg. abs. gen.	year	
165357	ˤdrasur	?	?	?	?	DULAT: NOT FOUND
165358	š	š/	š	n. m. sg. abs. nom.	ram	
# KTU 1.19 IV:15						
165359	šbˤt	šbˤ(I)&t/	šbʕ (I)	num. f.	seven	
165360	šnt	šn(t(I)/t	šnt (I)	n. f. sg. abs. nom.	year	
165361	ybk	!y!bk(y[	/b-k-y/	vb G prefc. 3 m. sg.	to weep	
165362	l	l(I)	l (I)	prep.	to	
165363	aq	?	?	?	?	DULAT: NOT FOUND
# KTU 1.19 IV:16						
165364	ht	ht	ht	adv.	here	
165365	ġzr	ġzr/	ġzr	n. m. sg. abs. nom.	lad	
165366	ydmˤ	!y!dmˤ[	/d-m-ʕ/	vb G prefc. 3 m. sg.	to shed tears	
165367	l	l(I)	l (I)	prep.	to	
165368	kdd	kdd/	kdd	n. m. sg. cstr. gen.	child	
# KTU 1.19 IV:17						
165369	dnil	dnil/	dnỉl	PN sg. abs. gen.	of an ancestral hero	
165370	mt	mt(II)/	mt (II)	DN m. sg. abs. nom.	Mot/Death	
165370	mt	mt(II)/	mt (II)	n. m. sg. abs. nom.	death	
165370	mt	mt[	/m-t/	vb G suffc. 3 m. sg.	to die	
165370	mt	mt[/	/m-t/	vb G ptcpl. m. sg. abs. nom.	to die	
165370	mt	mt(III)/	mt (III)	n. m. pl. cstr. nom.	man	
165370	mt	mt(III)/	mt (III)	n. m. sg. abs. nom.	man	
165370	mt	mt(I)/	mt (I)	n. m. sg. abs. nom.	dead person	
165370	mt	mt(IV)	mt (IV)	adv.	certainly	
165371	rpi	rp(u&i/	rpủ	n. m. sg. cstr. nom.	healer	
165371	rpi	rp(u&i/	rpủ	n. m. sg. abs. nom.	healer	
165372	mk	mk(II)	mk (II)	deictic functor	behold!	
165372	mk	mk(I)/	mk (I)	n. m. sg. abs. nom.	large puddle	
165373	b	b	b	prep.	in	
165374	šbˤ	šbˤ(I)/	šbʕ (I)	num.	seven	
# KTU 1.19 IV:18						
165375	šnt	šn(t(I)/t	šnt (I)	n. f. sg. abs. nom.	year	
165375	šnt	šn(t(II)/t	šnt (II)	n. f. sg. abs. nom.	sleep	
165376	w	w	w	conj.	and	
165377	yˤn	!y!ˤn(y(I)[	/ʕ-n-y/ (I)	vb G prefc. 3 m. sg.	to answer	
165377	yˤn	!y!ˤn[	/ʕ-n/	vb G prefc. 3 m. sg.	to see	
165377	yˤn	!y!ˤn[:pass	/ʕ-n/	vb Dpass prefc. 3 m. sg.	to see	
165377	yˤn	!y!ˤn(w[	/ʕ-n-w/	vb G prefc. 3 m. sg.	to be / remain depressed, humbled	
165377	yˤn	!y!ˤn(w[:pass	/ʕ-n-w/	vb Dpass prefc. 3 m. sg.	to humiliate	
165378	dnil	dnil/	dnỉl	PN sg. abs. nom.	of an ancestral hero	
165379	mt	mt(II)/	mt (II)	DN m. sg. abs. nom.	Mot/Death	
165379	mt	mt(II)/	mt (II)	n. m. sg. abs. nom.	death	
165379	mt	mt[	/m-t/	vb G suffc. 3 m. sg.	to die	
165379	mt	mt[/	/m-t/	vb G ptcpl. m. sg. abs. nom.	to die	
165379	mt	mt(III)/	mt (III)	n. m. pl. cstr. nom.	man	
165379	mt	mt(III)/	mt (III)	n. m. sg. abs. nom.	man	
165379	mt	mt(I)/	mt (I)	n. m. sg. abs. nom.	dead person	
165379	mt	mt(IV)	mt (IV)	adv.	certainly	
165380	rpi	rp(u&i/	rpủ	n. m. sg. cstr. nom.	healer	
165380	rpi	rp(u&i/	rpủ	n. m. sg. abs. nom.	healer	
# KTU 1.19 IV:19						
165381	yṯb	!y!ṯb[	/ṯ-b/	vb G prefc. 3 m. sg.	to return	
165381	yṯb	&yṯb[	/ṯ-b/	vb G suffc. 3 m. sg.	to return	
165381	yṯb	!y!(yṯb[	/y-ṯ-b/	vb G prefc. 3 m. sg.	to sit down	
165381	yṯb	yṯb[	/y-ṯ-b/	vb G suffc. 3 m. sg.	to sit down	
165381	yṯb	yṯb[/	/y-ṯ-b/	vb G act. ptcpl. m. sg. abs. nom.	to sit down	
165382	ġzr	ġzr/	ġzr	n. m. sg. abs. nom.	lad	
165383	mt	mt(II)/	mt (II)	DN m. sg. abs. nom.	Mot/Death	
165383	mt	mt(II)/	mt (II)	n. m. sg. abs. nom.	death	
165383	mt	mt[	/m-t/	vb G suffc. 3 m. sg.	to die	
165383	mt	mt[/	/m-t/	vb G ptcpl. m. sg. abs. nom.	to die	
165383	mt	mt(III)/	mt (III)	n. m. pl. cstr. nom.	man	
165383	mt	mt(III)/	mt (III)	n. m. sg. abs. nom.	man	
165383	mt	mt(I)/	mt (I)	n. m. sg. abs. nom.	dead person	
165383	mt	mt(IV)	mt (IV)	adv.	certainly	
165384	hrnmy	hrnmy/	hrnmy	GN sg. abs. nom.	native of the TN *hrnm	
165385	yšu	!y!(nš(ʔ[&u	/n-š-ʔ/	vb G prefc. 3 m. sg.	to raise	
# KTU 1.19 IV:20						
165386	gh	g/+h	g	n. m. sg. cstr. nom.	(loud) voice	
165387	w	w	w	conj.	and	
165388	yṣḥ	!y!ṣḥ[	/ṣ-ḥ/	vb G prefc. 3 m. sg.	to exclaim	
165389	tbˤ	tbˤ[	/t-b-ʕ/	vb G suffc. 3 m. sg.	to go, leave, depart	
165390	b	b	b	prep.	in	
165391	bty	bt(II)/+y	bt (II)	n. m. cstr. gen.	house	
# KTU 1.19 IV:21						
165392	bkyt	bky[/t	/b-k-y/	vb G act. ptcpl. m. sg. abs. nom.	to weep	
165392	bkyt	bkyt/	bkyt	n. f. pl. abs. nom.	mourners	
165393	b	b	b	prep.	in	
165394	hkly	hkl/+y	hkl	n. m. cstr. gen.	palace	
165395	mšspdt	mšspdt/	mšspdt	n. f. pl. abs. nom.	wailing woman	
# KTU 1.19 IV:22						
165396	b	b	b	prep.	in	
165397	ḥẓry	ḥẓr/+y	ḥẓr	n. m. cstr. gen.	mansion	
165398	pẓġm	pẓġ/m	pẓġ	n. m. pl. abs. nom.	one who lacerates	
165399	ġr	ġr(III)/	ġr (III)	n. m. sg. abs. nom.	skin	
165400	w	w	w	conj.	and	
165401	yqry	!y!qry[	/q-r-y/	vb	to meet	
# KTU 1.19 IV:23						
165402	dbḥ	dbḥ/	dbḥ	n. m. sg. cstr. nom.	1) sacrifice	DULAT direct ref
165403	ilm	il(I)/m	ỉl (I)	n. m. pl. abs. gen.	1) god c) object or purpose of an action	
165404	yšˤly	?	?	?	?	DULAT: NOT FOUND
165405	dġṯhm	dġṯ/+hm	dġṯ	n. m. cstr. nom.	offering of perfumes	
# KTU 1.19 IV:24						
165406	b	b	b	prep.	in	
165407	šmym	šm&y(m(I)/m	šmm (I)	n. m. pl. cstr. gen.	heavens	
165408	dġṯ	dġṯ/	dġṯ	n. m. sg. cstr. gen.	offering of perfumes	
165409	hrnmy	hrnmy/	hrnmy	GN sg. abs. gen.	native of the TN *hrnm	
165410	b	b	b	prep.	in	
165411	k	+k	-k (I)			
165411	k	~k	-k (II)			
165411	k	k(III)	k (III)	Subordinating or completive functor	when	
165411	k	k(I)	k (I)	prep.	like	
165411	k	k(II)	k (II)	emph. functor	yes	
# KTU 1.19 IV:25						
165412	bkbm	?	?	?	?	DULAT: NOT FOUND
165413	ˤlh	ˤl(I)+h	ʕl (I)	prep.	upon	
165414	yd	yd(I)/	yd (I)	n. f. sg. cstr. nom.	1) hand a) yrḥṣ ydh ảmth he washed his hands up to the elbow	DULAT direct ref
165414	yd	yd(I)/	yd (I)	n. f. sg. abs. nom.	1) hand a) yrḥṣ ydh ảmth he washed his hands up to the elbow	DULAT direct ref
165415	dnil	dnil/	dnỉl	PN sg. abs. nom.	of an ancestral hero	
165416	xxxx	?	?	?	?	
# KTU 1.19 IV:26						
165417	ˤlh	ˤl(I)+h	ʕl (I)	prep.	1) spatial location or pre-eminence a) upon	
165418	yd	yd(I)/	yd (I)	n. f. sg. cstr. nom.	hand	
165418	yd	yd(I)/	yd (I)	n. f. sg. abs. nom.	hand	
165418	yd	yd(II)/	yd (II)	n. m. sg. cstr. nom.	love	
165419	ˤd	ˤd(III)/	ʕd (III)	n. m. sg. abs. nom.	throne	
165419	ˤd	ˤd(II)/	ʕd (II)	n. m. sg. abs. nom.	time	
165420	l	l(I)	l (I)	prep.	to	
165421	hklh	hkl/+h	hkl	n. m. cstr. gen.	palace	
165422	xxx	?	?	?	?	
165423	mṣ	?	?	?	?	DULAT: NOT FOUND
# KTU 1.19 IV:27						
165424	ltm	lt~m	lt	?	?	
165425	mrqdm	mrqd/m	mrqd	n. m. pl. abs. nom.	castanet	
165426	dšn	dšn	dšn			
165427	l	l(I)	l (I)	prep.	to	
165428	bth	bt(II)/+h	bt (II)	n. m. sg. cstr. gen.	house	
165428	bth	b(t(I)/t+h	bt (I)	n. f. sg. cstr. gen.	daughter	
# KTU 1.19 IV:28						
165429	w	w	w	conj.	and	
165430	tˤn	!t!ˤn(y[	/ʕ-n-y/ (I)	vb G prefc. 3 f. sg.	to answer	
165430	tˤn	!t=!ˤn(y[	/ʕ-n-y/ (I)	vb G prefc. 2 m. sg.	to answer	
165430	tˤn	!t==!ˤn(y[	/ʕ-n-y/ (I)	vb G prefc. 2 f. sg.	to answer	
165430	tˤn	!t!ˤn(y[	/ʕ-n-y/ (I)	vb G prefc. 3 m. du.	to answer	
165430	tˤn	!t!ˤn(y[:w	/ʕ-n-y/ (I)	vb G prefc. 3 m. pl.	to answer	
165430	tˤn	!t===!ˤn(y[	/ʕ-n-y/ (I)	vb G prefc. 2 m. pl.	to answer	
165430	tˤn	!t!ˤn[	/ʕ-n/	vb G prefc.	to see	
165430	tˤn	!t!ˤn(w[	/ʕ-n-w/	vb G prefc. 3 f. sg.	to be / remain depressed	
165430	tˤn	!t=!ˤn(w[	/ʕ-n-w/	vb G prefc. 2 m. sg.	to be / remain depressed	
165430	tˤn	!t==!ˤn(w[	/ʕ-n-w/	vb G prefc. 2 f. sg.	to be / remain depressed	
165430	tˤn	!t!ˤn(w[	/ʕ-n-w/	vb G prefc. 3 m. du.	to be / remain depressed	
165430	tˤn	!t!ˤn(w[:w	/ʕ-n-w/	vb G prefc. 3 m. pl.	to be / remain depressed	
165430	tˤn	!t===!ˤn(w[	/ʕ-n-w/	vb G prefc. 2 m. pl.	to be / remain depressed	
165431	pġt	pġ(t/t	pġt	n. f. sg. cstr. nom.	girl	
165432	ṯkmt	ṯkm(t/t	ṯkmt	n. f. sg. cstr. gen.	she who carries on her shoulders	
165433	mym	my/m	mh/y	n. m. pl. abs. gen.	water	
# KTU 1.19 IV:29						
165434	qrym	qry[m:d	/q-r-y/	vb D suffc.	to present, offer	
165435	ab	ab/	ảb	n. m. sg. cstr. nom.	1) father a) ảp ảb ỉ k mtm tmtn father	DULAT direct ref
165435	ab	ab/	ảb	n. m. sg. abs. nom.	1) father a) ảp ảb ỉ k mtm tmtn father	DULAT direct ref
165436	dbḥ	dbḥ/	dbḥ	n. m. sg. cstr. nom.	sacrifice	
165436	dbḥ	dbḥ/	dbḥ	n. m. sg. abs. nom.	sacrifice	
165436	dbḥ	dbḥ[	/d-b-ḥ/	vb G suffc. 3 m. sg.	to sacrifice	
165436	dbḥ	dbḥ[	/d-b-ḥ/	vb G impv. 2	to sacrifice	
165436	dbḥ	dbḥ[/	/d-b-ḥ/	vb G act. ptcpl. m. sg. abs. nom.	to sacrifice	
165437	l	l(I)	l (I)	prep.	to	DULAT direct ref
165438	ilm	il(I)/m	ỉl (I)	n. m. pl. abs. gen.	god	
# KTU 1.19 IV:30						
165439	šˤly	?	?	?	?	DULAT: NOT FOUND
165440	dġṯh	dġṯ/+h	dġṯ	n. m. cstr. nom.	offering of perfumes	
165441	b	b	b	prep.	in	
165442	šmym	šm&y(m(I)/m	šmm (I)	n. m. pl. cstr. gen.	heavens	
# KTU 1.19 IV:31						
165443	dġṯ	dġṯ/	dġṯ	n. m. sg. cstr. gen.	offering of perfumes	
165444	hrnmy	hrnmy/	hrnmy	GN sg. abs. gen.	native of the TN *hrnm	
165445	b	b	b	prep.	in	
165446	kbkbm	kbkb/m	kbkb	n. m. pl. abs. gen.	1) heavenly body	
# KTU 1.19 IV:32						
165447	l	l(I)	l (I)	prep.	to	
165447	l	l(II)	l (II)	adv.	no	
165447	l	l(III)	l (III)	functor	certainly	
165448	tbrkn	!t!brk(II)[:d+n	/b-r-k/ (II)	vb D prefc.	to be blessed	
165449	alk	!(ʔ&a!(hlk[	/h-l-k/	vb G prefc. 1 c. sg.	to go, go away	
165450	brktm	brk(II)[/tm	/b-r-k/ (II)	vb Gpass ptcpl. m. sg. cstr. nom.	to be blessed	
# KTU 1.19 IV:33						
165451	tmrn	tmr/~n	tmr	PN sg. abs. gen.	tmr	
165452	alk	!(ʔ&a!(hlk[	/h-l-k/	vb G prefc. 1 c. sg.	to go	
165453	nmrrt	?	?	?	?	DULAT: NOT FOUND
# KTU 1.19 IV:34						
165454	imḫṣ	!(ʔ&i!mḫṣ[	/m-ḫ-ṣ/	vb G prefc. 1 c. sg.	to wound, beat, crush, kill	
165455	mḫṣ	!!mḫṣ[/	/m-ḫ-ṣ/	vb G inf.	to wound, beat, crush, kill	DULAT direct ref
165455	mḫṣ	mḫṣ[/	/m-ḫ-ṣ/	vb G act. ptcpl. m. sg. abs. nom.	to wound, beat, crush, kill	DULAT direct ref
165456	aḫy	aḫ(I)/+y	ảḫ (I)	n. m. cstr. nom.	brother (by blood)	
165457	akl	akl(II)/	ảkl (II)	n. m. sg. abs. nom.	grain	
165458	m	m	m(h)	pers. pn.	what?	
# KTU 1.19 IV:35						
165459	kly	kly[	/k-l-y/	vb G suffc. 3 m. sg.	to finish	
165460	ˤl	ˤl(III)/	ʕl (III)	n. m. sg. cstr. nom.	2) infant	DULAT direct ref
165461	umty	um(t/t+y	umt	n. f. sg. cstr. gen.	family	
165462	w	w	w	conj.	and	
165463	yˤn	!y!ˤn(y(I)[	/ʕ-n-y/ (I)	vb G prefc. 3 m. sg.	to answer	
165463	yˤn	!y!ˤn[	/ʕ-n/	vb G prefc. 3 m. sg.	to see	
165463	yˤn	!y!ˤn[:pass	/ʕ-n/	vb Dpass prefc. 3 m. sg.	to see	
165463	yˤn	!y!ˤn(w[	/ʕ-n-w/	vb G prefc. 3 m. sg.	to be / remain depressed, humbled	
165463	yˤn	!y!ˤn(w[:pass	/ʕ-n-w/	vb Dpass prefc. 3 m. sg.	to humiliate	
165464	dn	dn(I)/	dn (I)	n. m. sg. cstr. nom.	judgment	
# KTU 1.19 IV:36						
165465	il	il(I)/	ỉl (I)	DN m. sg. abs. gen.	ʾIlu/Ilu/El	
165465	il	il(I)/	ỉl (I)	n. m. sg. abs. gen.	god	
165466	mt	mt(II)/	mt (II)	DN m. sg. abs. nom.	Mot/Death	
165466	mt	mt(II)/	mt (II)	n. m. sg. abs. nom.	death	
165466	mt	mt[	/m-t/	vb G suffc. 3 m. sg.	to die	
165466	mt	mt[/	/m-t/	vb G ptcpl. m. sg. abs. nom.	to die	
165466	mt	mt(III)/	mt (III)	n. m. pl. cstr. nom.	man	
165466	mt	mt(III)/	mt (III)	n. m. sg. abs. nom.	man	
165466	mt	mt(I)/	mt (I)	n. m. sg. abs. nom.	dead person	
165466	mt	mt(IV)	mt (IV)	adv.	certainly	
165467	rpi	rp(u&i/	rpủ	n. m. sg. cstr. nom.	healer	
165468	npš	npš(I)/	npš (I)	n. f. sg. abs. gen.	throat	
165469	tḥ	!t!ḥ(w(y(I)[	/ḥ-w/y-y/ (I)	vb G prefc.	1) to live	
165470	pġt	pġ(t/t	pġt	n. f. sg. cstr. nom.	girl	
# KTU 1.19 IV:37						
165471	ṯkmt	ṯkm(t/t	ṯkmt	n. f. sg. cstr. gen.	she who carries on her shoulders	
165472	mym	my/m	mh/y	n. m. pl. cstr. gen.	water	
165473	ḥspt	ḥsp(t/t	ḥspt	n. f. sg. abs. gen.	she who collects	
165474	l	l(I)	l (I)	prep.	to	
165475	šˤr	šˤr/	šʕr	n. m. sg. cstr. gen.	hair	
# KTU 1.19 IV:38						
165476	ṭl	ṭl/	ṭl	n. m. sg. abs. gen.	dew	
165477	ydˤt	ydˤ[t===	/y-d-ʕ/ (I)	vb G suffc. 3 f. sg.	to know	
165477	ydˤt	ydˤ[t=	/y-d-ʕ/ (I)	vb G suffc. 2 m. sg.	to know	
165477	ydˤt	ydˤ[t==	/y-d-ʕ/ (I)	vb G suffc. 2 f. sg.	to know	
165477	ydˤt	ydˤ[t	/y-d-ʕ/ (I)	vb G suffc. 1 c. sg.	to know	
165477	ydˤt	ydˤ(I)[/t	/y-d-ʕ/ (I)	vb G pass. ptcpl. m. sg. abs. nom.	to know	
165478	hlk	hlk[	/h-l-k/	vb G suffc. 3 m. sg.	to go	
165478	hlk	hlk[/	/h-l-k/	vb G act. ptcpl. m. sg. abs. nom.	to go	
165478	hlk	hlk(I)/	hlk (I)	n. m. sg. abs. nom.	walk	
165479	kbkbm	kbkb/m	kbkb	n. m. pl. abs. nom.	1) heavenly body	
165480	xx	?	?	?	?	
# KTU 1.19 IV:39						
165481	npš	npš(I)/	npš (I)	n. f. sg. abs. nom.	3) breath	
165482	hy	hy	hy	pers. pn.	1) she	
165483	mḫ	mḫ[	/m-ḫ/	vb G suffc. 3 m. sg.	to feel exuberant	DULAT direct ref
165483	mḫ	mḫ[	/m-ḫ/	vb G impv. 2	to feel exuberant	DULAT direct ref
165483	mḫ	!!mḫ[/	/m-ḫ/	vb G inf.	to feel exuberant	DULAT direct ref
165484	tmḫṣ	!t!mḫṣ[	/m-ḫ-ṣ/	vb G prefc. 3 f. sg.	to wound	
165484	tmḫṣ	!t=!mḫṣ[	/m-ḫ-ṣ/	vb G prefc. 2 m. sg.	to wound	
165484	tmḫṣ	!t==!mḫṣ[	/m-ḫ-ṣ/	vb G prefc. 2 f. sg.	to wound	
165484	tmḫṣ	!t!mḫṣ[	/m-ḫ-ṣ/	vb G prefc. 3 m. du.	to wound	
165484	tmḫṣ	!t!mḫṣ[:w	/m-ḫ-ṣ/	vb G prefc. 3 m. pl.	to wound	
165484	tmḫṣ	!t===!mḫṣ[	/m-ḫ-ṣ/	vb G prefc. 2 m. pl.	to wound	
165485	mḫṣ	!!mḫṣ[/	/m-ḫ-ṣ/	vb G inf.	to wound	
165485	mḫṣ	mḫṣ[/	/m-ḫ-ṣ/	vb G act. ptcpl. m. sg. abs. nom.	to wound	
165485	mḫṣ	mḫṣ(II)/	mḫṣ (II)	n. m. sg. abs. nom.	striking instrument	
165486	aḫh	aḫ(I)/+h	ảḫ (I)	n. m. cstr. nom.	brother (by blood)	
# KTU 1.19 IV:40						
165487	tkl	!t!kl(y[:d	/k-l-y/	vb D prefc. 3 f. sg.	to finish (off)	
165487	tkl	!t=!kl(y[:d	/k-l-y/	vb D prefc. 2 m. sg.	to finish (off)	
165487	tkl	!t==!kl(y[:d	/k-l-y/	vb D prefc. 2 f. sg.	to finish (off)	
165487	tkl	!t!kl(y[:d	/k-l-y/	vb D prefc. 3 m. du.	to finish (off)	
165487	tkl	!t!kl(y[:d:w	/k-l-y/	vb D prefc. 3 m. pl.	to finish (off)	
165487	tkl	!t===!kl(y[:d	/k-l-y/	vb D prefc. 2 m. pl.	to finish (off)	
165488	mkly	mkly[/	/k-l-y/	vb D act. ptcpl. m. sg. abs. nom.	to finish (off)	
165489	ˤl	ˤl(I)	ʕl (I)	prep.	upon	
165489	ˤl	ˤl(II)	ʕl (II)	adv.	above	
165489	ˤl	ˤl(III)/	ʕl (III)	n. m. sg. abs. nom.	offspring	
165489	ˤl	ˤl(III)/	ʕl (III)	n. m. sg. cstr. nom.	offspring	
165490	umt	um(t/t	umt	n. f. sg. abs. nom.	family	
165491	xxx	?	?	?	?	
# KTU 1.19 IV:41						
165492	d	d	d	det. or rel. functor	the one(s) of	
165493	txxl	?	?	?	?	DULAT: NOT FOUND
165494	b	b	b	prep.	in	
165495	ym	ym(II)/	ym (II)	DN m. sg. abs. gen.	Yammu/the god “Sea”	DULAT direct ref
165495	ym	ym(II)/	ym (II)	n. m. sg. abs. gen.	1) sea	DULAT direct ref
165496	trtḥṣ	!t!r]t]ḥṣ[	/r-ḥ-ṣ/	vb Gt prefc. 3 f. sg.	to wash oneself	
165496	trtḥṣ	!t=!r]t]ḥṣ[	/r-ḥ-ṣ/	vb Gt prefc. 2 m. sg.	to wash oneself	
165496	trtḥṣ	!t==!r]t]ḥṣ[	/r-ḥ-ṣ/	vb Gt prefc. 2 f. sg.	to wash oneself	
165496	trtḥṣ	!t!r]t]ḥṣ[	/r-ḥ-ṣ/	vb Gt prefc. 3 m. du.	to wash oneself	
165496	trtḥṣ	!t!r]t]ḥṣ[:w	/r-ḥ-ṣ/	vb Gt prefc. 3 m. pl.	to wash oneself	
165496	trtḥṣ	!t===!r]t]ḥṣ[	/r-ḥ-ṣ/	vb Gt prefc. 2 m. pl.	to wash oneself	
# KTU 1.19 IV:42						
165497	w	w	w	conj.	and	
165498	tadm	!t!(]n](ʔ&adm[	/ʔ-d-m/	vb N prefc.	to rouge oneself, to put on red make-up	
165499	tidm	?	?	?	?	DULAT candidates (no reconstructable encoding): /ʔ-d-m/ - to be, become red, turn the colour red
165500	b	b	b	prep.	in	
165501	ġlp	ġlp/	ġlp	n. m. pl. cstr. gen.	2) sea snail	
165502	ym	ym(II)/	ym (II)	DN m. sg. abs. gen.	Yammu/the god “Sea”	DULAT direct ref
165502	ym	ym(II)/	ym (II)	n. m. sg. abs. gen.	1) sea	DULAT direct ref
# KTU 1.19 IV:43						
165503	d	d	d	det. or rel. functor	the one(s) of	
165504	alp	alp(II)/	ảlp (II)	num.	(one, a) thousand	
165505	šd	šd(II)/	šd (II)	n. m. sg. cstr. nom.	1) a strip b) in lit. texts	DULAT direct ref
165506	ẓuh	ẓu/+h	ẓủ	n. m. sg. cstr. gen.	exhalation	
165507	b	b	b	prep.	in	
165508	ym	ym(I)/	ym (I)	n. m. sg. abs. gen.	day	
165508	ym	ym(II)/	ym (II)	DN m. sg. abs. gen.	Yammu/the god “Sea”	
165508	ym	ym(II)/	ym (II)	n. m. sg. abs. gen.	sea	
165509	tḥt	tḥt(I)	tḥt (I)	prep.	under	
# KTU 1.19 IV:44						
165510	tlbš	!t!lbš[	/l-b-š/	vb G prefc. 3 f. sg.	to dress, wear, put on clothes	
165510	tlbš	!t=!lbš[	/l-b-š/	vb G prefc. 2 m. sg.	to dress, wear, put on clothes	
165510	tlbš	!t==!lbš[	/l-b-š/	vb G prefc. 2 f. sg.	to dress, wear, put on clothes	
165510	tlbš	!t!lbš[	/l-b-š/	vb G prefc. 3 m. du.	to dress, wear, put on clothes	
165510	tlbš	!t!lbš[:w	/l-b-š/	vb G prefc. 3 m. pl.	to dress, wear, put on clothes	
165510	tlbš	!t===!lbš[	/l-b-š/	vb G prefc. 2 m. pl.	to dress, wear, put on clothes	
165511	npṣ	npṣ/	npṣ	n. m. sg. cstr. nom.	2) clothes	DULAT direct ref
165512	ġzr	ġzr/	ġzr	n. m. sg. abs. gen.	3) champion	
165513	tšt	!t!št[	/š-t/	vb G prefc.	to place	
165513	tšt	!t!št(y[	/š-t-y/	vb G prefc. 3 f. sg.	to drink	
165513	tšt	!t=!št(y[	/š-t-y/	vb G prefc. 2 m. sg.	to drink	
165513	tšt	!t==!št(y[	/š-t-y/	vb G prefc. 2 f. sg.	to drink	
165513	tšt	!t!št(y[	/š-t-y/	vb G prefc. 3 m. du.	to drink	
165513	tšt	!t!št(y[:w	/š-t-y/	vb G prefc. 3 m. pl.	to drink	
165513	tšt	!t===!št(y[	/š-t-y/	vb G prefc. 2 m. pl.	to drink	
165514	ḫlpn	ḫlpn(I)/	ḫlpn (I)	n. m. sg. abs. nom.	type of cloak or cape	
165515	b	b	b	prep.	in	
# KTU 1.19 IV:45						
165516	nšgh	nšg/+h	nšg	n. m. sg. cstr. gen.	scabbard	
165517	ḥrb	ḥrb/	ḥrb	n. f. sg. abs. nom.	1) knife	
165518	tšt	!t!št[	/š-t/	vb G prefc.	to place, set, set up, leave	
165519	b	b	b	prep.	in	
165520	tˤrth	tˤr(t/t+h	tʕrt	n. f. sg. cstr. gen.	1) sheath	
# KTU 1.19 IV:46						
165521	w	w	w	conj.	and	
165522	ˤl	ˤl(II)	ʕl (II)	adv.	1) above	DULAT direct ref
165523	tlbš	!t!lbš[	/l-b-š/	vb G prefc. 3 f. sg.	to dress	
165523	tlbš	!t=!lbš[	/l-b-š/	vb G prefc. 2 m. sg.	to dress	
165523	tlbš	!t==!lbš[	/l-b-š/	vb G prefc. 2 f. sg.	to dress	
165523	tlbš	!t!lbš[	/l-b-š/	vb G prefc. 3 m. du.	to dress	
165523	tlbš	!t!lbš[:w	/l-b-š/	vb G prefc. 3 m. pl.	to dress	
165523	tlbš	!t===!lbš[	/l-b-š/	vb G prefc. 2 m. pl.	to dress	
165524	npṣ	npṣ/	npṣ	n. m. sg. cstr. nom.	personal belongings	
165525	aṯt	aṯ(t/t	ảṯt	n. f. sg. abs. gen.	1) woman	DULAT direct ref
165526	lm	l(I)~m	l (I)	prep.	to	
# KTU 1.19 IV:47						
165527	ṣbi	ṣb(u(II)&i/	ṣbủ (II)	n. m. sg. abs. nom.	setting	DULAT direct ref
165528	nrt	nr(t(I)/t	nrt (I)	n. f. sg. cstr. nom.	lantern	
165529	ilm	il(I)/m	ỉl (I)	n. m. pl. abs. nom.	god	
165530	špš	špš/	špš	DN f. sg. abs. nom.	Šapšu/Shapsh/Shapshu	
165530	špš	špš/	špš	n. f. sg. abs. nom.	sun	
165531	ˤrbt	ˤrb(I)[t	/ʕ-r-b/ (I)	vb G suffc. 1 c. sg.	to enter	
# KTU 1.19 IV:48						
165532	pġt	pġ(t/t	pġt	n. f. sg. cstr. nom.	girl	
165533	minš	minš/	mỉnš	n. m. sg. cstr. gen.	camp	
165534	šdm	šd(I)/m	šd (I)	n. m. pl. abs. gen.	2) stretch of cultivated land	
165535	l	l(I)	l (I)	prep.	to	DULAT direct ref
165536	mˤrb	mˤrb(II)/	mʕrb (II)	n. m. sg. cstr. gen.	sunset	DULAT direct ref
# KTU 1.19 IV:49						
165537	nrt	nr(t(I)/t	nrt (I)	n. f. sg. cstr. gen.	lantern	
165537	nrt	nr(t(II)/t	nrt (II)	n. f. sg. cstr. gen.	ploughed land	
165538	ilm	il(I)/m	ỉl (I)	n. m. pl. cstr. gen.	god	
165539	špš	špš/	špš	DN f. sg. abs. gen.	Šapšu/Shapsh/Shapshu	
165539	špš	špš/	špš	n. f. sg. abs. gen.	sun	
165540	mġyt	mġy[t	/m-ġ-y/	vb G suffc. 1 c. sg.	to come, arrive	
# KTU 1.19 IV:50						
165541	pġt	pġ(t/t	pġt	n. f. sg. abs. nom.	3) PN	
165542	l	l(I)	l (I)	prep.	to	DULAT direct ref
165543	ahlm	ahl/m	ảhl	n. m. pl. abs. gen.	tent	
165544	rgm	rgm/	rgm	n. m. sg. abs. nom.	word	
165545	l	l(I)	l (I)	prep.	to	DULAT direct ref
165546	yṭpn	?	yṭpn	?	?	DULAT: NOT FOUND | LUPT lemma
165547	y	~y	-y (II)	prep. functor	indeed	
165547	y	y	y	prep. functor	oh!	
# KTU 1.19 IV:51						
165548	bl	bl(I)	bl (I)	adv. or emph. functor	no	
165548	bl	bl(II)	bl (II)	prep.	without	
165548	bl	bl(III)/	bl (III)	n. m. sg. abs. nom.	blended beer	
165549	agrtn	agr(t/t+n	ảgrt	n. f. sg. cstr. nom.	mistress	
165550	bat	?	?	?	?	DULAT candidates (no reconstructable encoding): /b-ʔ/ - to enter, come, reach
165551	b	b	b	prep.	1) spatial location c) goal of movement or action	
165552	ḏdk	ḏd(II)/+k	ḏd (II)	n. m. cstr. gen.	grotto	
165553	pġt	pġ(t/t	pġt	n. f. sg. abs. nom.	girl	
# KTU 1.19 IV:52						
165554	bat	?	?	?	?	DULAT candidates (no reconstructable encoding): /b-ʔ/ - to enter
165555	b	b	b	prep.	in	
165556	ahlm	ahl/m	ảhl	n. m. pl. abs. gen.	tent	
165557	w	w	w	conj.	and	
165558	yˤn	!y!ˤn(y(I)[	/ʕ-n-y/ (I)	vb G prefc. 3 m. sg.	to answer	
165558	yˤn	!y!ˤn[	/ʕ-n/	vb G prefc. 3 m. sg.	to see	
165558	yˤn	!y!ˤn[:pass	/ʕ-n/	vb Dpass prefc. 3 m. sg.	to see	
165558	yˤn	!y!ˤn(w[	/ʕ-n-w/	vb G prefc. 3 m. sg.	to be / remain depressed, humbled	
165558	yˤn	!y!ˤn(w[:pass	/ʕ-n-w/	vb Dpass prefc. 3 m. sg.	to humiliate	
165559	yṭpn	?	yṭpn	?	?	DULAT: NOT FOUND | LUPT lemma
165560	mhr	mhr(I)/	mhr (I)	n. m. sg. abs. nom.	warrior (trained, expert)	
# KTU 1.19 IV:53						
165561	št	št[	/š-t/	vb G suffc. 3 m. sg.	to place	
165561	št	št[	/š-t/	vb G impv. 2	to place	
165561	št	št[:pass	/š-t/	vb Gpass suffc.	to be placed, set	
165562	qḥn	!!(lqḥ[n	/l-q-ḥ/	vb G impv. 2	to get hold of, take, grasp	
165563	w	w	w	conj.	and	
165564	tšqyn	!t!šqy[+n	/š-q-y/	vb G prefc.	to offer (something to) drink	
165565	yn	yn/	yn	n. m. sg. abs. nom.	1) wine a) yn	
165566	qḥ	!!(lqḥ[	/l-q-ḥ/	vb G impv. 2	to get hold of, take, grasp	
# KTU 1.19 IV:54						
165567	ks	ks(I)/	ks (I)	n. m. sg. abs. nom.	cup	DULAT direct ref
165568	bdy	bd(IV)+y	bd (IV)	prep.	2) from the hands of	
165569	qbˤt	qbˤ(t/t	qbʕt	n. f. sg. abs. nom.	goblet	
165570	b	b	b	prep.	in	
165571	ymny	ymn(I)/+y	ymn (I)	n. m. cstr. gen.	1) right (side) a) right (hand)	
165572	tq	tq/	tq	PN sg. abs. nom.	tq	
# KTU 1.19 IV:55						
165573	ḥ	ḥ/	ḥ	n. m. abs. nom.	life	
165574	pġt	pġ(t/t	pġt	n. f. sg. abs. nom.	girl	
165575	w	w	w	conj.	and	
165576	tšqynh	!t!šqy[+nh	/š-q-y/	vb G prefc.	to offer (something to) drink	
165577	tqḥ	!t!(lqḥ[	/l-q-ḥ/	vb G prefc.	to get hold of	
165578		?	?	?	?	
165579	ks	ks(I)/	ks (I)	n. m. sg. abs. nom.	cup	
165579	ks	ks/	ks/śm(n)	n. m. pl. abs. nom.	emmer-corn	
165580	bdh	bd(IV)+h	bd (IV)	prep.	into the hands of	
# KTU 1.19 IV:56						
165581	qbˤt	qbˤ(t/t	qbʕt	n. f. sg. abs. nom.	goblet	
165582	b	b	b	prep.	in	
165583	ymnh	ymn(I)/+h	ymn (I)	n. m. cstr. gen.	right (side)	
165584	w	w	w	conj.	and	
165585	yˤn	!y!ˤn(y(I)[	/ʕ-n-y/ (I)	vb G prefc. 3 m. sg.	to answer	
165585	yˤn	!y!ˤn[	/ʕ-n/	vb G prefc. 3 m. sg.	to see	
165585	yˤn	!y!ˤn[:pass	/ʕ-n/	vb Dpass prefc. 3 m. sg.	to see	
165585	yˤn	!y!ˤn(w[	/ʕ-n-w/	vb G prefc. 3 m. sg.	to be / remain depressed, humbled	
165585	yˤn	!y!ˤn(w[:pass	/ʕ-n-w/	vb Dpass prefc. 3 m. sg.	to humiliate	
165586	yṭpn	?	yṭpn	?	?	DULAT: NOT FOUND | LUPT lemma
165587	mhr	mhr(I)/	mhr (I)	n. m. sg. abs. nom.	warrior (trained, expert)	
# KTU 1.19 IV:57						
165588	št	št[	/š-t/	vb G suffc. 3 m. sg.	to place	
165588	št	št[	/š-t/	vb G impv. 2	to place	
165588	št	št[:pass	/š-t/	vb Gpass suffc.	to be placed, set	
165589	b	b	b	prep.	3) relationship of cause or reason	
165590	yny	yny(II)/	yny (II)	GN sg. abs. gen.	yny (II)	
165591	št	št[	/š-t/	vb G suffc. 3 m. sg.	to place	
165591	št	št[	/š-t/	vb G impv. 2	to place	
165591	št	št[:pass	/š-t/	vb Gpass suffc.	to be placed, set	
165592	ila	?	?	?	?	DULAT: NOT FOUND
165593	ilšnn	ilš(I)/+nn	ỉlš (I)	DN sg. cstr. nom.	gatekeeper god / divine herald	
165594		?	?	?	?	
165595	il	il(I)/	ỉl (I)	DN m. sg. cstr. nom.	ʾIlu/Ilu/El	DULAT direct ref
165595	il	il(I)/	ỉl (I)	DN m. sg. abs. nom.	ʾIlu/Ilu/El	DULAT direct ref
165595	il	il(I)/	ỉl (I)	n. m. sg. cstr. nom.	1) god b) activities of the gods	DULAT direct ref
165595	il	il(I)/	ỉl (I)	n. m. sg. abs. nom.	1) god b) activities of the gods	DULAT direct ref
# KTU 1.19 IV:58						
165596	d	d	d	det. or rel. functor	2) which	
165597	yqny	!y!qny[	/q-n-y/	vb G prefc. 3 m. sg.	to acquire	
165598	ḏdm	ḏd(II)/m	ḏd (II)	n. m. pl. cstr. nom.	grotto	
165599	yd	yd(I)/	yd (I)	n. f. sg. abs. gen.	1) hand a) yrḥṣ ydh ảmth he washed his hands up to the elbow	DULAT direct ref
165600	mḫṣt	mḫṣ[t	/m-ḫ-ṣ/	vb G suffc. 1 c. sg.	to wound, beat, crush, kill	
165601	aqht	aqht/	ảqht	PN sg. abs. nom.	epic hero	
165602	ġ	?	?	?	?	DULAT: NOT FOUND
# KTU 1.19 IV:59						
165603	zr	?	?	?	?	DULAT: NOT FOUND
165604	tmḫṣ	!t!mḫṣ[	/m-ḫ-ṣ/	vb G prefc. 3 f. sg.	to wound	
165604	tmḫṣ	!t=!mḫṣ[	/m-ḫ-ṣ/	vb G prefc. 2 m. sg.	to wound	
165604	tmḫṣ	!t==!mḫṣ[	/m-ḫ-ṣ/	vb G prefc. 2 f. sg.	to wound	
165604	tmḫṣ	!t!mḫṣ[	/m-ḫ-ṣ/	vb G prefc. 3 m. du.	to wound	
165604	tmḫṣ	!t!mḫṣ[:w	/m-ḫ-ṣ/	vb G prefc. 3 m. pl.	to wound	
165604	tmḫṣ	!t===!mḫṣ[	/m-ḫ-ṣ/	vb G prefc. 2 m. pl.	to wound	
165605	alpm	alp(II)&m/	ảlp (II)	num. pl. / num. du.	1) (one, a) thousand b) adv.	DULAT direct ref
165606	ib	ib(I)/	ỉb (I)	n. m. sg. cstr. nom.	enemy	DULAT direct ref
165606	ib	ib(I)/	ỉb (I)	n. m. sg. abs. nom.	enemy	DULAT direct ref
165607	št	št[	/š-t/	vb G suffc. 3 m. sg.	to place, set, set up, leave	
165607	št	št[	/š-t/	vb G impv. 2	to place, set, set up, leave	
165607	št	št[:pass	/š-t/	vb Gpass suffc.	to cause, leave (in a condition)	
165608	tšt	!t!št[	/š-t/	vb G prefc.	to place, set, set up, leave	
# KTU 1.19 IV:60						
165609	ḥršm	ḥrš(I)/m	ḥrš (I)	n. m. pl. abs. nom.	craftsman	
165610	l	l(I)	l (I)	prep.	to	DULAT direct ref
165611	ahlm	ahl/m	ảhl	n. m. pl. abs. gen.	tent	
165612	p	p(I)	p (I)	conj. functor	and	
165612	p	p(III)/	p (III)	n. m. sg. abs. nom.	mouth	
165612	p	p(II)	p (II)	adv.	here	
165613	xx	?	?	?	?	
165614	ḥkm	ḥkm/	ḥkm	adj. m. sg. abs. nom.	wise	
# KTU 1.19 IV:61						
165615	ybl	!y!(ybl[	/y-b-l/	vb G prefc. 3 m. sg.	to carry	
165615	ybl	ybl[	/y-b-l/	vb G suffc. 3 m. sg.	to carry	
165615	ybl	ybl(I)/	ybl (I)	n. m. sg. cstr. nom.	produce	
165616	lbh	lb/+h	lb	n. m. cstr. nom.	heart	
165617	km	km	km	prep./conj./adv.		
165618	bṯn	bṯn/	bṯn	n. m. sg. cstr. gen.	serpent	
165619	yn	yn/	yn	n. m. sg. abs. gen.	1) wine d) cf. in poetry	
165620	tmlah	!t!ml(ʔ[&ah:d	/m-l-ʔ/	vb D prefc.	to fill (up)	
165621	ṯnm	ṯn(I)&m	ṯn (I)	num.	two	
165622	tšqy	!t!šqy[	/š-q-y/	vb G prefc. 3 f. sg.	to offer (something to) drink	
165622	tšqy	!t=!šqy[	/š-q-y/	vb G prefc. 2 m. sg.	to offer (something to) drink	
165622	tšqy	!t==!šqy[	/š-q-y/	vb G prefc. 2 f. sg.	to offer (something to) drink	
165622	tšqy	!t!šqy[	/š-q-y/	vb G prefc. 3 m. du.	to offer (something to) drink	
165622	tšqy	!t!šqy[:w	/š-q-y/	vb G prefc. 3 m. pl.	to offer (something to) drink	
165622	tšqy	!t===!šqy[	/š-q-y/	vb G prefc. 2 m. pl.	to offer (something to) drink	
165623	msk	msk/	msk	n. m. sg. abs. nom.	mixture	
165624	hwt	hw&t	hw	pers. pn.	1) he	DULAT direct ref
165625	tšqy	!t!šqy[	/š-q-y/	vb G prefc. 3 f. sg.	to offer (something to) drink	
165625	tšqy	!t=!šqy[	/š-q-y/	vb G prefc. 2 m. sg.	to offer (something to) drink	
165625	tšqy	!t==!šqy[	/š-q-y/	vb G prefc. 2 f. sg.	to offer (something to) drink	
165625	tšqy	!t!šqy[	/š-q-y/	vb G prefc. 3 m. du.	to offer (something to) drink	
165625	tšqy	!t!šqy[:w	/š-q-y/	vb G prefc. 3 m. pl.	to offer (something to) drink	
165625	tšqy	!t===!šqy[	/š-q-y/	vb G prefc. 2 m. pl.	to offer (something to) drink	
# KTU 1.19 IV:62						
165626	w	w	w	conj.	and	
165627	hndt	hnd&t	hnd	dem.	this	
165628	yṯb	!y!ṯb[	/ṯ-b/	vb G prefc. 3 m. sg.	to return	
165628	yṯb	&yṯb[	/ṯ-b/	vb G suffc. 3 m. sg.	to return	
165628	yṯb	!y!(yṯb[	/y-ṯ-b/	vb G prefc. 3 m. sg.	to sit down	
165628	yṯb	yṯb[	/y-ṯ-b/	vb G suffc. 3 m. sg.	to sit down	
165628	yṯb	yṯb[/	/y-ṯ-b/	vb G act. ptcpl. m. sg. abs. nom.	to sit down	
165629	l	l(I)	l (I)	prep.	to	
165630	mspr	mspr/	mspr	n. m. sg. abs. gen.	recitation	
