id	surface form	morphological parsing	DULAT	POS	gloss	comments
# KTU 1.4 I:1						
156904		?	?	?	?	
# KTU 1.4 I:2						
156905	y	~y	-y (II)	prep. functor	indeed	
156905	y	y	y	prep. functor	oh!	
# KTU 1.4 I:3						
156906		?	?	?	?	
# KTU 1.4 I:4						
156907	any	!!(ʔ&any[/	/ʔ-n-y/	vb G inf.	to sigh	
156907	any	(ʔ&any[/	/ʔ-n-y/	vb G ptcpl. m. sg. abs. nom.	to sigh	
156908	l	l(I)	l (I)	prep.	to	
156908	l	l(II)	l (II)	adv.	no	
156908	l	l(III)	l (III)	functor	certainly	
156909	yṣḥ	!y!ṣḥ[	/ṣ-ḥ/	vb G prefc. 3 m. sg.	to exclaim	
156910	ṯr	ṯr(I)/	ṯr (I)	n. m. sg. cstr. nom.	bull	
# KTU 1.4 I:5						
156911	il	il(I)/	ỉl (I)	DN m. sg. cstr. gen.	ʾIlu/Ilu/El	
156912	abh	ab/+h	ảb	n. m. cstr. gen.	father	
156913	il	il(I)/	ỉl (I)	DN m. sg. cstr. nom.	ʾIlu/Ilu/El	
156913	il	il(I)/	ỉl (I)	DN m. sg. abs. nom.	ʾIlu/Ilu/El	
156913	il	il(I)/	ỉl (I)	n. m. sg. cstr. nom.	god	
156913	il	il(I)/	ỉl (I)	n. m. sg. abs. nom.	god	
156914	mlk	mlk(I)/	mlk (I)	n. m. sg. abs. nom.	king	
# KTU 1.4 I:6						
156915	d	d	d	det. or rel. functor	the one(s) of	
156916	yknnh	!y!knn[:l+h	/k-n/	vb L prefc. 3 m. sg.	to establish	
156917	yṣḥ	!y!ṣḥ[	/ṣ-ḥ/	vb G prefc. 3 m. sg.	to exclaim	
156918	aṯ	?	?	?	?	DULAT: NOT FOUND
# KTU 1.4 I:7						
156919	rt	rt/	rt	PN sg. abs. nom.	rt	
156920	w	w	w	conj.	and	
156921	bnh	bn(I)/+h	bn (I)	n. m. cstr. nom.	son	
156922		?	?	?	?	
156923	ilt	il(t(I)/t	ỉlt (I)	n. f. sg. abs. nom.	goddess	
# KTU 1.4 I:8						
156924	w	w	w	conj.	and	
156925	ṣbrt	ṣbr(t/t	ṣbrt	n. f. sg. cstr. nom.	clan	
156926	aryh	ary(I)/+h	ảry (I)	n. m. sg. cstr. gen.	fellow	
# KTU 1.4 I:9						
156927	wn	w+n	w	conj.	and	
156928	in	in/	ỉn	n. m. sg. cstr. nom.	lack of	
156929	bt	bt(II)/	bt (II)	n. m. sg. abs. gen.	house	
156930	l	l(I)	l (I)	prep.	to	
156931	bˤl	bˤl(II)/	bʕl (II)	n. m. pl. abs. gen.	Baʿlu/Baal	
# KTU 1.4 I:10						
156932	km	km	km	prep./conj./adv.		
156933	ilm	il(I)/m	ỉl (I)	n. m. pl. abs. gen.	god	
156934	w	w	w	conj.	and	
156935	ḥẓr	ḥẓr/	ḥẓr	n. m. sg. abs. nom.	mansion	
# KTU 1.4 I:11						
156936	k	+k	-k (I)			
156936	k	~k	-k (II)			
156936	k	k(III)	k (III)	Subordinating or completive functor	when	
156936	k	k(I)	k (I)	prep.	like	
156936	k	k(II)	k (II)	emph. functor	yes	
156937	bn	b+n	b	prep.	in	
156937	bn	bn(I)/	bn (I)	n. m. sg. cstr. nom.	son	
156937	bn	bn(I)/	bn (I)	n. m. sg. abs. nom.	son	
156937	bn	bn(II)	bn (II)	prep.	between	
156937	bn	bn[	/b-n/	vb G suffc. 3 m. sg.	to understand	
156937	bn	bn[	/b-n/	vb G impv. 2	to understand	
156938	aṯrt	aṯr(t(II)/t	ảṯrt (II)	DN f. sg. cstr. nom.	ʾAṯiratu/Athirat/Asherah/El’s wife	
# KTU 1.4 I:12						
156939	mṯb	mṯb/	mṯb	n. m. sg. cstr. gen.	1) residence	
156940	il	il(I)/	ỉl (I)	DN m. sg. cstr. gen.	ʾIlu/Ilu/El	
156940	il	il(I)/	ỉl (I)	n. m. sg. cstr. gen.	god	
156941	mẓll	mẓll/	mẓll	n. m. sg. cstr. gen.	shelter	
# KTU 1.4 I:13						
156942	bnh	bn(I)/+h	bn (I)	n. m. cstr. gen.	4) special uses b) pl. cstr./suff. bn “sons of” > family	
156943	mṯb	mṯb/	mṯb	n. m. sg. abs. nom.	residence	
156944	rbt	rb(t(I)/t	rbt (I)	n. f. sg. abs. nom.	Lady	
# KTU 1.4 I:14						
156945	aṯrt	aṯr(t(II)/t	ảṯrt (II)	DN f. sg. abs. nom.	ʾAṯiratu/Athirat/Asherah/El’s wife	
156946	ym	ym(II)/	ym (II)	n. m. sg. abs. nom.	sea	
156947	mṯb	mṯb/	mṯb	n. m. sg. abs. nom.	residence	
# KTU 1.4 I:15						
156948	klt	kl(t(I)/t	klt (I)	n. f. sg. abs. nom.	1) bride	DULAT direct ref
156949	knyt	knyt/	knyt	adj. f. pl. abs. nom.	glorious	
# KTU 1.4 I:16						
156950	mṯb	mṯb/	mṯb	n. m. sg. cstr. nom.	residence	
156951	pdry	pdry/	pdry	DN sg. cstr. gen.	Pidray	
156952	bt	b(t(I)/t	bt (I)	n. f. sg. cstr. gen.	daughter	
156953	ar	ar/	ả/ỉr	n. m. sg. cstr. gen.	light	
# KTU 1.4 I:17						
156954	mẓll	mẓll/	mẓll	n. m. sg. cstr. gen.	shelter	
156955	ṭly	ṭly/	ṭly	DN sg. cstr. gen.	Tallay	
156956	bt	b(t(I)/t	bt (I)	n. f. sg. cstr. gen.	daughter	
156957	rb	rb/	rb(b)	n. m. sg. cstr. gen.	1) drizzle b) bt rb “daugh- ter of drizzle”	DULAT direct ref
# KTU 1.4 I:18						
156958	mṯb	mṯb/	mṯb	n. m. sg. cstr. gen.	residence	
156959	arṣy	arṣ/+y	ảrṣ	n. f. cstr. gen.	earth	
156959	arṣy	arṣy/	ảrṣy	DN sg. cstr. gen.	Arṣay/Arsay	
156960	bt	b(t(I)/t	bt (I)	n. f. sg. cstr. gen.	daughter	
156961	yˤbdr	yˤbdr/	yʕbdr	DN sg. abs. gen.	Yaʿibdarru/'(Daughter) of the Wide World'/attribute of ảrṣy, daughter of the god bʕl (etym. unc.)	
# KTU 1.4 I:19						
156962	ap	ap(I)	ảp (I)	adv./conj.	also	
156962	ap	ap(II)/	ảp (II)	n. m. sg. abs. nom.	nose	
156963	mṯn	mṯn/	mṯn	n. m. sg. cstr. nom.	repetition	DULAT direct ref
156964	rgmm	rgm/m	rgm	n. m. pl. abs. gen.	2) matter	
# KTU 1.4 I:20						
156965	argmk	!(ʔ&a!rgm[+k	/r-g-m/	vb G prefc. 1 c. sg.	to say	
156966	šskn	]š]skn[	/s-k-n/	vb Š impv. 2	to take care of	
156967	mˤ	mˤ(II)	mʕ (II)	adv.	as one	
# KTU 1.4 I:21						
156968	mgn	mgn(I)/	mgn (I)	n. m. sg. cstr. nom.	gift	
156969	rbt	rb(t(I)/t	rbt (I)	n. f. sg. cstr. gen.	Lady	
156970	aṯrt	aṯr(t(II)/t	ảṯrt (II)	DN f. sg. cstr. gen.	ʾAṯiratu/Athirat/Asherah/El’s wife	
156971	ym	ym(II)/	ym (II)	n. m. sg. cstr. gen.	sea	
# KTU 1.4 I:22						
156972	mġẓ	mġẓ/	mġẓ	n. m. cstr. gen.	present	
156973	qnyt	qny[/t	/q-n-y/	vb G act. ptcpl. m. sg. cstr. gen.	to acquire	
156974	ilm	il(I)/m	ỉl (I)	n. m. pl. abs. gen.	god	
# KTU 1.4 I:23						
156975	hyn	hy+n	hy	pers. pn.	she	
156975	hyn	hyn/	hyn	DN sg. abs. nom.	Hayyānu/alt. name of the god kṯr (Kothar)	
156976	ˤly	ˤly[	/ʕ-l-y/	vb G suffc. 3 m. sg.	to go up, rise	
156977	l	l(I)	l (I)	prep.	to	DULAT direct ref
156978	mpḫm	mpḫ/m	mpḫ	n. m. pl. abs. gen.	bellows of the forge	
# KTU 1.4 I:24						
156979	bd	b&d	b	prep.	in	
156980	ḫss	ḫss/	ḫss	DN/element sg. cstr. gen.	Ḫasisu/Khasis	
156981	mṣbṭm	mṣbṭ/m	mṣbṭ	n. m. pl. abs. gen.	handle	
# KTU 1.4 I:25						
156982	yṣq	!y!(yṣq[	/y-ṣ-q/	vb G prefc. 3 m. sg.	to pour (out), serve	
156982	yṣq	yṣq[	/y-ṣ-q/	vb G suffc. 3 m. sg.	to pour (out), serve	
156983	ksp	ksp/	ksp	n. m. sg. abs. nom.	silver	
156984	yšl	?	?	?	?	DULAT: NOT FOUND
# KTU 1.4 I:26						
156985	ḥ	ḥ/	ḥ	n. m. cstr. nom.	life	
156986	ḫrṣ	ḫrṣ/	ḫrṣ	n. m. sg. abs. gen.	1) gold a) in general	
156987	yṣq	!y!(yṣq[	/y-ṣ-q/	vb G prefc. 3 m. sg.	to pour (out)	
156987	yṣq	yṣq[	/y-ṣ-q/	vb G suffc. 3 m. sg.	to pour (out)	
156988	ksp	ksp/	ksp	n. m. sg. abs. nom.	silver	
# KTU 1.4 I:27						
156989	l	l(I)	l (I)	prep.	to	
156990	alpm	alp(II)&m/	ảlp (II)	num. pl. / num. du.	1) (one, a) thousand b) adv.	DULAT direct ref
156991	ḫrṣ	ḫrṣ/	ḫrṣ	n. m. sg. abs. nom.	1) gold a) in general	
156992	yṣq	!y!(yṣq[	/y-ṣ-q/	vb G prefc. 3 m. sg.	to pour (out)	
156992	yṣq	yṣq[	/y-ṣ-q/	vb G suffc. 3 m. sg.	to pour (out)	
# KTU 1.4 I:28						
156993	m	m	m(h)	pers. pn.	what?	
156994	l	l(I)	l (I)	prep.	to	DULAT direct ref
156995	rbbtx	?	?	?	?	DULAT: NOT FOUND
156996	x	?	?	?	?	
156997	x	?	?	?	?	
# KTU 1.4 I:29						
156998	yṣq	!y!(yṣq[	/y-ṣ-q/	vb G prefc. 3 m. sg.	to pour (out)	
156998	yṣq	yṣq[	/y-ṣ-q/	vb G suffc. 3 m. sg.	to pour (out)	
156999	ḫym	ḫym/	ḫym	n. m. sg. abs. nom.	canopy	
157000	w	w	w	conj.	and	
157001	tbṯḫ	tbṯḫ/	tbṯḫ	n. m. sg. cstr. nom.	bed	
# KTU 1.4 I:30						
157002	kt	k(t(II)/t	kt (II)	n. f. sg. cstr. gen.	stage	DULAT direct ref
157003	il	il(I)/	ỉl (I)	DN m. sg. abs. gen.	ʾIlu/Ilu/El	DULAT direct ref
157003	il	il(I)/	ỉl (I)	n. m. sg. abs. gen.	1) god i) periphrastic superlative	DULAT direct ref
157004	dt	d+t	d	det. or rel. functor	1) the one(s) of c) specifying value	
157005	rbtm	rbt&m/	rb(b)t	num. du.	ten thousand	
# KTU 1.4 I:31						
157006	kt	k(t(I)/t	kt (I)	n. f. sg. cstr. nom.	pitcher	
157006	kt	k(t(II)/t	kt (II)	n. f. sg. cstr. nom.	stage	
157007	il	il(I)/	ỉl (I)	DN m. sg. cstr. gen.	ʾIlu/Ilu/El	
157007	il	il(I)/	ỉl (I)	n. m. sg. cstr. gen.	god	
157008	nbt	nb(t/t	nbt	n. f. sg. abs. gen.	honey	
157009	b	b	b	prep.	1) spatial location e) material	
157010	ksp	ksp/	ksp	n. m. sg. abs. gen.	1) silver c) treatment	
# KTU 1.4 I:32						
157011	šmrḫt	?	?	?	?	DULAT candidates (no reconstructable encoding): /m-r-ḫ/ - 1) to be coated
157012	b	b	b	prep.	in	
157013	dm	dm(II)/	dm (II)	n. m. sg. cstr. gen.	blood	DULAT direct ref
157014	ḫrṣ	ḫrṣ/	ḫrṣ	n. m. sg. cstr. gen.	1) gold b) in craftwork	
# KTU 1.4 I:33						
157015	kḥṯ	kḥṯ/	kḥṯ	n. m. sg. cstr. gen.	throne	
157016	il	il(I)/	ỉl (I)	DN m. sg. cstr. gen.	ʾIlu/Ilu/El	
157016	il	il(I)/	ỉl (I)	n. m. sg. cstr. gen.	god	
157017	nḫt	nḫ(t/t	nḫt	n. f. sg. cstr. gen.	divan	DULAT direct ref
# KTU 1.4 I:34						
157018	bẓr	bẓr/	bẓr	n. m. sg. cstr. gen.	refined gold	
157019	hdm	hdm/	hdm	n. m. sg. abs. gen.	footstool	
157020	id	id	ỉd	conj.	when	
# KTU 1.4 I:35						
157021	d	d	d	det. or rel. functor	2) which	
157022	prša	prš[a	/p-r-š/	vb G suffc.	to extend, apply a coat of a material, resurface	
157023	b	b	b	prep.	in	
157024	br	br/	br(r)	n. m. sg. cstr. gen.	1) tin c) transport	DULAT direct ref
# KTU 1.4 I:36						
157025	nˤl	nˤl/	nʕl	n. m. pl. cstr. gen.	portable platform	DULAT direct ref
157026	il	il(I)/	ỉl (I)	DN m. sg. abs. gen.	ʾIlu/Ilu/El	
157026	il	il(I)/	ỉl (I)	n. m. sg. abs. gen.	god	
157027	d	d	d	det. or rel. functor	1) the one(s) of a) det. of quality	
157028	qblbl	qblbl/	qblbl	n. m. sg. abs. nom.	junction	
# KTU 1.4 I:37						
157029	ˤln	ˤl(I)+n	ʕl (I)	prep.	1) spatial location or pre-eminence a) upon	
157030	yblhm	ybl(II)/+hm	ybl (II)	n. m. pl. cstr. nom.	rod	
157031	ḫrṣ	ḫrṣ/	ḫrṣ	n. m. sg. abs. nom.	1) gold b) in craftwork	
# KTU 1.4 I:38						
157032	ṯlḥn	ṯlḥn/	ṯlḥn	n. m. sg. cstr. nom.	table	DULAT direct ref
157032	ṯlḥn	ṯlḥn/	ṯlḥn	n. m. sg. abs. nom.	table	DULAT direct ref
157033	il	il(I)/	ỉl (I)	DN m. sg. cstr. nom.	ʾIlu/Ilu/El	
157033	il	il(I)/	ỉl (I)	DN m. sg. abs. nom.	ʾIlu/Ilu/El	
157033	il	il(I)/	ỉl (I)	n. m. sg. cstr. nom.	god	
157033	il	il(I)/	ỉl (I)	n. m. sg. abs. nom.	god	
157034	d	d	d	det. or rel. functor	2) which	
157035	mla	?	?	?	?	DULAT candidates (no reconstructable encoding): /m-l-ʔ/ - to be full
# KTU 1.4 I:39						
157036	mnm	mnm	mnm	indef. pn.	any(thing)	
157037	dbbm	dbb(I)/m	dbb (I)	n. m. pl. abs. nom.	beast	DULAT direct ref
157038	d	d	d	det. or rel. functor	the one(s) of	
# KTU 1.4 I:40						
157039	msdt	msdt/	msdt	n. f. pl. cstr. nom.	foundation(s)	
157040	arṣ	arṣ/	ảrṣ	n. f. sg. cstr. gen.	3) lower world	
# KTU 1.4 I:41						
157041	ṣˤ	ṣˤ(I)/	ṣʕ (I)	n. m. sg. cstr. gen.	plate / wide bowl / platter	
157042	il	il(I)/	ỉl (I)	DN m. sg. abs. gen.	ʾIlu/Ilu/El	
157042	il	il(I)/	ỉl (I)	n. m. sg. abs. gen.	god	
157043	dqt	dq(t(I)/t	dqt (I)	adj. f. sg. abs. nom.	small	
157043	dqt	dq(t(I)/t=	dqt (I)	adj. f. pl. abs. nom.	small	
157044	k	k(I)	k (I)	prep.	like	DULAT direct ref
157045	amr	amr(I)/	ảmr (I)	n. m. sg. cstr. gen.	order	
# KTU 1.4 I:42						
157046	sknt	skn(t/t	sknt	n. f. sg. abs. gen.	form	
157047	k	+k	-k (I)			
157047	k	~k	-k (II)			
157047	k	k(III)	k (III)	Subordinating or completive functor	when	
157047	k	k(I)	k (I)	prep.	like	
157047	k	k(II)	k (II)	emph. functor	yes	
157048	ḥwt	ḥw(t/t	ḥwt	n. f. sg. cstr. nom.	1) country	
157049	yman	yman/	ymản	TN sg. abs. gen.	Ionia	
# KTU 1.4 I:43						
157050	d	d	d	det. or rel. functor	2) which	
157051	bh	b+h	b	prep.	in	
157052	rumm	rum/m	rủm	n. m. pl. abs. nom.	wild bull	
157053	l	l(I)	l (I)	prep.	to	
157054	rbbt	rbb(t/t	rb(b)t	num. sg.	ten thousand	
# KTU 1.4 II:1						
157055	xb	?	?	?	?	DULAT: NOT FOUND
157056	xxx	?	?	?	?	
157057	xxx	?	?	?	?	
157058	xxx	?	?	?	?	
# KTU 1.4 II:2						
157059	l	l(I)	l (I)	prep.	to	
157060	abn	abn/	ảbn	n. f. sg. abs. gen.	3) weight	DULAT direct ref
# KTU 1.4 II:3						
157061	aḫdt	(ʔ&aḫd[t	/ʔ-ḫ-d(/ḏ)/	vb G suffc. 1 c. sg.	to collect, to take (back), grasp, seize, hold	
157062	plkh	plk/+h	plk	n. m. cstr. nom.	spindle	
157063	b	b	b	prep.	in	
157064	ydh	yd(I)/+h	yd (I)	n. f. cstr. gen.	hand	
# KTU 1.4 II:4						
157065	plk	plk/	plk	n. m. sg. abs. nom.	spindle	
157066	tˤlt	tˤl(t/t	tʕlt	n. f. sg. abs. nom.	superior power	
157067	b	b	b	prep.	in	
157068	ymnh	ymn(I)/+h	ymn (I)	n. m. cstr. gen.	1) right (side) a) right (hand)	
# KTU 1.4 II:5						
157069	npynh	npyn/+h	npyn	n. m. sg. cstr. nom.	tunic	
157070	mks	mks/	mks	n. m. sg. abs. nom.	blanket	
157071	bšrh	bšr/+h	bšr	n. m. cstr. nom.	1) flesh	
# KTU 1.4 II:6						
157072	tmtˤ	!t!mtˤ[	/m-t-ʕ/	vb G prefc. 3 f. sg.	to remove, shed	
157072	tmtˤ	!t=!mtˤ[	/m-t-ʕ/	vb G prefc. 2 m. sg.	to remove, shed	
157072	tmtˤ	!t==!mtˤ[	/m-t-ʕ/	vb G prefc. 2 f. sg.	to remove, shed	
157072	tmtˤ	!t!mtˤ[	/m-t-ʕ/	vb G prefc. 3 m. du.	to remove, shed	
157072	tmtˤ	!t!mtˤ[:w	/m-t-ʕ/	vb G prefc. 3 m. pl.	to remove, shed	
157072	tmtˤ	!t===!mtˤ[	/m-t-ʕ/	vb G prefc. 2 m. pl.	to remove, shed	
157073	mdh	md(I)/+h	md (I)	n. f. sg. cstr. nom.	cape	
157074	b	b	b	prep.	in	
157075	ym	ym(II)/	ym (II)	n. m. sg. abs. gen.	1) sea	DULAT direct ref
157076	ṯn	ṯn(I)/	ṯn (I)	num.	2) double	DULAT direct ref
# KTU 1.4 II:7						
157077	npynh	npyn/+h	npyn	n. m. sg. cstr. nom.	tunic	
157078	b	b	b	prep.	in	
157079	nhrm	nhr/+m(I)	nhr	n. m. cstr. gen.	1) river	
# KTU 1.4 II:8						
157080	štt	št[t	/š-t/	vb G suffc. 1 c. sg.	to place, set, set up, leave	
157080	štt	št[t:pass	/š-t/	vb Gpass suffc. 1 c. sg.	to cause, leave (in a condition)	
157081	ḫptr	ḫptr/	ḫptr	n. m. sg. abs. nom.	cooking pot	
157082	l	l(I)	l (I)	prep.	to	DULAT direct ref
157083	išt	iš(t/t	ỉšt	n. f. sg. cstr. gen.	1) fire	
# KTU 1.4 II:9						
157084	ḫbrṯ	ḫbrṯ/	ḫbrṯ	n. f. sg. abs. gen.	stewpot	
157085	l	l(I)	l (I)	prep.	to	
157086	ẓr	ẓr(I)/	ẓr (I)	n. m. cstr. gen.	upon	
157087	pḥmm	pḥm/m	pḥm	n. m. pl. abs. gen.	1) ember	
# KTU 1.4 II:10						
157088	tˤpp	?	?	?	?	DULAT: NOT FOUND
157089	ṯr	ṯr(I)/	ṯr (I)	n. m. sg. cstr. nom.	bull	DULAT direct ref
157090	il	il(I)/	ỉl (I)	DN m. sg. abs. gen.	ʾIlu/Ilu/El	
157091	d	d	d	det. or rel. functor	the one(s) of	
157092	pid	pid/	pỉd	n. m. sg. abs. nom.	heart	
# KTU 1.4 II:11						
157093	tġzy	?	?	?	?	DULAT: NOT FOUND
157094	bny	bny/	bny	n. m. sg. cstr. nom.	architect	DULAT direct ref
157095	bnwt	bn&w(t(II)/t=	bnt (II)	n. f. pl. abs. gen.	2) creature	
# KTU 1.4 II:12						
157096	b	b	b	prep.	in	
157097	nši	!!nš(ʔ[/&i	/n-š-ʔ/	vb G inf.	to raise	
157097	nši	nš(ʔ[/&i	/n-š-ʔ/	vb G act. ptcpl. m. sg. abs. nom.	to raise	
157098	ˤnh	ˤn(I)/+h	ʕn (I)	n. f. cstr. nom.	1) eye a) ʕn bʕl qdm ydh the eye(/s) of DN precede(s) his hands	
157099	w	w	w	conj.	3) in the correlation protasis-apodosis	
157100	tphn	!t!ph(y[+n	/p-h-y/	vb G prefc.	to see	
# KTU 1.4 II:13						
157101	hlk	hlk(I)/	hlk (I)	n. m. sg. cstr. nom.	walk	DULAT direct ref
157102	bˤl	bˤl(II)/	bʕl (II)	n. m. pl. cstr. gen.	Baʿlu/Baal	
157102	bˤl	bˤl(II)/	bʕl (II)	n. m. sg. cstr. gen.	Baʿlu/Baal	
157103	aṯtrt	aṯ&tr(t(II)/t	ảṯrt (II)	DN f. sg. abs. gen.	ʾAṯiratu/Athirat/Asherah/El’s wife	KTU corrected: aṯrt
# KTU 1.4 II:14						
157104	k	k(II)	k (II)	emph. functor	yes	DULAT direct ref
157105	tˤn	!t!ˤn(y[	/ʕ-n-y/ (I)	vb G prefc. 3 f. sg.	to answer	
157105	tˤn	!t=!ˤn(y[	/ʕ-n-y/ (I)	vb G prefc. 2 m. sg.	to answer	
157105	tˤn	!t==!ˤn(y[	/ʕ-n-y/ (I)	vb G prefc. 2 f. sg.	to answer	
157105	tˤn	!t!ˤn(y[	/ʕ-n-y/ (I)	vb G prefc. 3 m. du.	to answer	
157105	tˤn	!t!ˤn(y[:w	/ʕ-n-y/ (I)	vb G prefc. 3 m. pl.	to answer	
157105	tˤn	!t===!ˤn(y[	/ʕ-n-y/ (I)	vb G prefc. 2 m. pl.	to answer	
157105	tˤn	!t!ˤn[	/ʕ-n/	vb G prefc.	to see	
157105	tˤn	!t!ˤn(w[	/ʕ-n-w/	vb G prefc. 3 f. sg.	to be / remain depressed	
157105	tˤn	!t=!ˤn(w[	/ʕ-n-w/	vb G prefc. 2 m. sg.	to be / remain depressed	
157105	tˤn	!t==!ˤn(w[	/ʕ-n-w/	vb G prefc. 2 f. sg.	to be / remain depressed	
157105	tˤn	!t!ˤn(w[	/ʕ-n-w/	vb G prefc. 3 m. du.	to be / remain depressed	
157105	tˤn	!t!ˤn(w[:w	/ʕ-n-w/	vb G prefc. 3 m. pl.	to be / remain depressed	
157105	tˤn	!t===!ˤn(w[	/ʕ-n-w/	vb G prefc. 2 m. pl.	to be / remain depressed	
157106	hlk	hlk(I)/	hlk (I)	n. m. sg. abs. nom.	walk	
157107	btlt	btl(t/t	btlt	n. f. sg. cstr. nom.	virgin	
# KTU 1.4 II:15						
157108	ˤnt	ˤn(t(I)/t	ʕnt (I)	DN f. sg. cstr. gen.	ʿAnatu/Anat	
157109	tdrq	tdrq/	tdrq	n. m. sg. cstr. gen.	nimble step	
157110	ybmt	ybm(t/t	ybmt	n. f. sg. cstr. gen.	widow sister-in-law	
# KTU 1.4 II:16						
157111	limm	lim(I)/m	lỉm (I)	n. m. pl. abs. gen.	people	
157112	bh	b+h	b	prep.	in	
157113	pˤnm	pˤn/m	pʕn	n. f. pl. abs. nom.	foot	
# KTU 1.4 II:17						
157114	tṭṭ	!t!(nṭṭ[	/n-ṭ-ṭ/	vb G prefc.	to shake	
157115	bˤdn	bˤd+n	bʕd	adv. or prep.	behind	
157116	ksl	ksl/	ksl	n. f. sg. abs. nom.	back	
# KTU 1.4 II:18						
157117	tṯbr	!t!(]n]ṯbr[:w	/ṯ-b-r/	vb N prefc. 3 m. pl.	to break	
157118	ˤln	ˤl(I)+n	ʕl (I)	prep.	upon	
157119	pnh	pn(m&/+h	pnm	n. m. pl. cstr. nom.	face	
157120	tdˤ	!t!(ydˤ[:w	/y-d-ʕ/ (I)	vb G prefc. 3 m. pl.	to know	
# KTU 1.4 II:19						
157121	tġṣ	!t!(nġṣ[	/n-ġ-ṣ/	vb G prefc.	to contract	
157122	pnt	pnt/	pnt	n. f. pl. cstr. nom.	knuckle	
157123	kslh	ksl/+h	ksl	n. f. cstr. gen.	back	
# KTU 1.4 II:20						
157124	anš	(ʔ&anš[	/ʔ-n-š/	vb G suffc. 3 m. sg.	to languish	
157124	anš	anš/	ảnš	n. m. pl. cstr. nom.	muscle	
157125	dt	d+t	d	det. or rel. functor	the one(s) of	
157126	ẓrh	ẓr(I)/+h	ẓr (I)	n. m. cstr. nom.	back	
# KTU 1.4 II:21						
157127	tšu	!t!(nš(ʔ[&u	/n-š-ʔ/	vb G prefc.	to raise	
157128	gh	g/+h	g	n. m. sg. cstr. nom.	(loud) voice	
157129	w	w	w	conj.	and	
157130	tṣḥ	!t!ṣḥ[	/ṣ-ḥ/	vb G prefc.	to exclaim	
157131	ik	ik	ỉk	interr. functor	how?	
# KTU 1.4 II:22						
157132	mġy	mġy[	/m-ġ-y/	vb G suffc. 3 m. sg.	to come, arrive	
157132	mġy	!!mġy[/	/m-ġ-y/	vb G inf.	to come, arrive	
157133	aliyn	aliyn/	ảlỉyn	adj. m. sg. abs. nom.	The Very / Most Powerful	
157134	bˤl	bˤl(II)/	bʕl (II)	DN m. sg. abs. nom.	Baʿlu/Baal	
# KTU 1.4 II:23						
157135	ik	ik	ỉk	interr. functor	how?	
157136	mġyt	mġy[t	/m-ġ-y/	vb G suffc. 1 c. sg.	to come	
157137	btlt	btl(t/t	btlt	n. f. sg. cstr. nom.	virgin	
# KTU 1.4 II:24						
157138	ˤnt	ˤn(t(I)/t	ʕnt (I)	DN f. sg. cstr. gen.	ʿAnatu/Anat	
157139	mḫṣy	mḫṣ[/y	/m-ḫ-ṣ/	vb G act. ptcpl. m. sg. abs. gen.	to wound, beat, crush, kill	
157140	hm	hm(I)	hm (I)	pers. pn.	1) they	DULAT direct ref
157141	mḫṣ	!!mḫṣ[/	/m-ḫ-ṣ/	vb G inf.	to wound, beat, crush, kill	DULAT direct ref
157141	mḫṣ	mḫṣ[/	/m-ḫ-ṣ/	vb G act. ptcpl. m. sg. abs. nom.	to wound, beat, crush, kill	DULAT direct ref
# KTU 1.4 II:25						
157142	bny	bn(I)/+y	bn (I)	n. m. cstr. nom.	4) special uses b) pl. cstr./suff. bn “sons of” > family	DULAT direct ref
157143	hm	hm(II)	hm (II)	conj./interr. functor	if	
157143	hm	hm(I)	hm (I)	pers. pn.	they	
157144	mkly	mkly[/	/k-l-y/	vb D act. ptcpl. m. sg. cstr. nom.	to finish (off), destroy, drain	
157145	ṣbrt	ṣbr(t/t	ṣbrt	n. f. sg. cstr. gen.	clan	
# KTU 1.4 II:26						
157146	aryy	ary(I)&y/	ảry (I)	n. m. sg. cstr. gen.	fellow	
157147	ẓl	ẓl(I)/	ẓl (I)	n. m. sg. cstr. gen.	2) reflection	
157148	ksp	ksp/	ksp	n. m. sg. cstr. gen.	1) silver a) 4.738	
157149	aṯrt	aṯr(t(I)/t	ảṯrt (I)	n. f. sg. abs. gen.	back part (of the head)	
# KTU 1.4 II:27						
157150	k	k(III)	k (III)	Subordinating or completive functor	when	
157151	tˤn	!t!ˤn[	/ʕ-n/	vb G prefc.	to see, look (at), watch, spy	DULAT direct ref
157152	ẓl	ẓl(I)/	ẓl (I)	n. m. sg. cstr. nom.	shade	
157153	ksp	ksp/	ksp	n. m. sg. abs. gen.	silver	
157154	w	w	w	conj.	and	
157155	nr	nr/	nr	n. m. sg. cstr. nom.	1) sheen	DULAT direct ref
# KTU 1.4 II:28						
157156	ḫrṣ	ḫrṣ/	ḫrṣ	n. m. sg. abs. gen.	1) gold a) in general	
157157	šmḫ	šmḫ[	/š-m-ḫ/	vb G suffc. 3 m. sg.	to be glad	
157157	šmḫ	!!šmḫ[/	/š-m-ḫ/	vb G inf.	to be glad	
157158	rbt	rb(t(I)/t	rbt (I)	n. f. sg. cstr. nom.	Lady	
157159	aṯrt	aṯr(t(II)/t	ảṯrt (II)	DN f. sg. cstr. gen.	ʾAṯiratu/Athirat/Asherah/El’s wife	
# KTU 1.4 II:29						
157160	ym	ym(II)/	ym (II)	n. m. sg. abs. gen.	sea	
157161	gm	g/~m	g	n. m. sg. abs. nom.	(loud) voice	
157161	gm	gm(II)	gm (II)	adv.	also	
157162	l	l(I)	l (I)	prep.	to	
157163	ġlmh	ġlm/+h	ġlm	n. m. cstr. gen.	1) boy	
157164	k	+k	-k (I)			
157164	k	~k	-k (II)			
157164	k	k(III)	k (III)	Subordinating or completive functor	when	
157164	k	k(I)	k (I)	prep.	like	
157164	k	k(II)	k (II)	emph. functor	yes	
157165	tṣḥ	!t!ṣḥ[	/ṣ-ḥ/	vb G prefc.	to exclaim	
# KTU 1.4 II:30						
157166	ˤn	ˤn[	/ʕ-n/	vb G impv. 2	to see, look (at), watch, spy	DULAT direct ref
157167	mkṯr	mkṯr/	mkṯr	n. m. sg. cstr. nom.	expert	
157168	apq	apq/	ảpq	n. m. sg. cstr. gen.	spring	
157169	ym	ym(II)/	ym (II)	n. m. sg. cstr. gen.	sea	
# KTU 1.4 II:31						
157170	dgy	dgy/	dgy	n. m. du. cstr. gen.	triton	
157171	rbt	rb(t(I)/t	rbt (I)	n. f. sg. cstr. gen.	Lady	
157172	aṯrt	aṯr(t(II)/t	ảṯrt (II)	DN f. sg. cstr. gen.	ʾAṯiratu/Athirat/Asherah/El’s wife	
157173	ym	ym(II)/	ym (II)	n. m. sg. abs. gen.	sea	
# KTU 1.4 II:32						
157174	qḥ	!!(lqḥ[	/l-q-ḥ/	vb G impv. 2	to get hold of, take, grasp	
157175	rṯt	rṯ(t/t	rṯt	n. f. sg. abs. nom.	net	
157176	bdk	bd(IV)+k	bd (IV)	prep.	1) into the hands of	
157177	t	/t, /t=				DULAT: NOT FOUND
157177	t	[t, [t=, [t==, [t===				DULAT: NOT FOUND
# KTU 1.4 II:33						
157178	rbt	rb(t(II)/t	rbt (II)	n. f. sg. abs. nom.	seine	DULAT direct ref
157179	ˤl	ˤl(I)	ʕl (I)	prep.	1) spatial location or pre-eminence b) in	DULAT direct ref
157180	ydm	yd(I)/m	yd (I)	n. f. pl. abs. gen.	hand	
# KTU 1.4 II:34						
157181	b	b	b	prep.	in	
157182	mdd	mdd(I)/	mdd (I)	n. m. sg. cstr. gen.	beloved	
157183	il	il(I)/	ỉl (I)	DN m. sg. cstr. gen.	ʾIlu/Ilu/El	
157183	il	il(I)/	ỉl (I)	n. m. sg. cstr. gen.	god	
157184	ym	ym(I)/	ym (I)	n. m. sg. abs. gen.	day	
157184	ym	ym(II)/	ym (II)	n. m. sg. abs. gen.	sea	
# KTU 1.4 II:35						
157185	b	b	b	prep.	in	
157186	ym	ym(II)/	ym (II)	n. m. sg. cstr. gen.	sea	DULAT direct ref
157187	il	il(I)/	ỉl (I)	DN m. sg. abs. gen.	ʾIlu/Ilu/El	
157187	il	il(I)/	ỉl (I)	n. m. sg. abs. gen.	god	
157188	d	d	d	det. or rel. functor	the one(s) of	
157189	n	~n	-n (I)	encl. morph.		DULAT: NOT FOUND
157189	n		-n (IV)	vb	him/her/it	DULAT: NOT FOUND
# KTU 1.4 II:36						
157190	hr	hr(II)/	hr (II)	n. m. sg. cstr. nom.	conception	
157191	il	il(I)/	ỉl (I)	DN m. sg. abs. gen.	ʾIlu/Ilu/El	
157191	il	il(I)/	ỉl (I)	n. m. sg. abs. gen.	god	
157192	y	~y	-y (II)	prep. functor	indeed	
157192	y	y	y	prep. functor	oh!	
# KTU 1.4 II:37						
157193	aliyn	aliyn/	ảlỉyn	adj. m. sg. abs. nom.	The Very / Most Powerful	
157194	bˤl	bˤl(II)/	bʕl (II)	DN m. sg. cstr. nom.	Baʿlu/Baal	
# KTU 1.4 II:38						
157195	btlt	btl(t/t	btlt	n. f. sg. cstr. gen.	virgin	
157196	ˤnt	ˤn(t(I)/t	ʕnt (I)	DN f. sg. abs. gen.	ʿAnatu/Anat	
# KTU 1.4 II:39						
157197	mh	m&h	m(h)	pers. pn.	2) anything	DULAT direct ref
157198	kx	?	?	?	?	DULAT: NOT FOUND
# KTU 1.4 II:40						
157199	w	w	w	conj.	and	
157200	at	at(I)	ảt (I)	pers. pn.	you	
157200	at	a(t(II)/t	ảt (II)	n. f. sg. abs. nom.	prodigious	
# KTU 1.4 II:41						
157201	aṯrt	aṯr(t(I)/t	ảṯrt (I)	n. f. sg. abs. nom.	back part (of the head)	
# KTU 1.4 II:42						
157202	b	b	b	prep.	in	
157203	im	im(II)	hm (II)	conj./interr. functor	if	
157203	im	im	ỉm	conj.	if	
# KTU 1.4 II:43						
157204	bl	bl(I)	bl (I)	adv. or emph. functor	no	
157204	bl	bl(II)	bl (II)	prep.	without	
157204	bl	bl(III)/	bl (III)	n. m. sg. abs. nom.	blended beer	
157205	lx	?	?	?	?	DULAT: NOT FOUND
# KTU 1.4 II:44						
157206	mlk	mlk(I)/	mlk (I)	n. m. sg. abs. nom.	king	
# KTU 1.4 II:45						
157207	dt	d+t	d	det. or rel. functor	the one(s) of	
# KTU 1.4 II:46						
157208	b	b	b	prep.	in	
157209	ṭ	?	?	?	?	DULAT: NOT FOUND
# KTU 1.4 II:47						
157210	gt	g(t/t	gt	n. f. sg. abs. nom.	gittu	
# KTU 1.4 II:48						
157211	yx	?	?	?	?	DULAT: NOT FOUND
# KTU 1.4 III:1						
157212	xh	?	?	?	?	DULAT: NOT FOUND
# KTU 1.4 III:2						
157213	tdn	!t!dn[	/d-n/	vb G prefc.	to judge	
# KTU 1.4 III:3						
157214		?	?	?	?	
157215	mdd	mdd(I)/	mdd (I)	n. m. sg. abs. nom.	beloved	
# KTU 1.4 III:4						
157216	xn	?	?	?	?	DULAT: NOT FOUND
157217	kb	kb(II)/	kb (II)	n. m. abs. nom.	intestine(s)	
# KTU 1.4 III:5						
157218	x	?	?	?	?	
157219	al	al(I)	ảl (I)	neg. functor	no	DULAT direct ref
157220	yns	!y!ns[	/n-s/	vb G prefc. 3 m. sg.	to flee	
# KTU 1.4 III:6						
157221	x	?	?	?	?	
157222	ysdk	ysd+k	ysd	?		
# KTU 1.4 III:7						
157223	xxxxx	?	?	?	?	
157224	w	w	w	conj.	and	
157225	dr	dr/	dr	n. m. pl. cstr. nom.	circle	
157225	dr	dr/	dr	n. m. sg. cstr. nom.	circle	
157226	dr	dr/	dr	n. m. pl. abs. gen.	circle	
157226	dr	dr/	dr	n. m. sg. abs. gen.	circle	
# KTU 1.4 III:8						
157227	xxxx	?	?	?	?	
157228		?	?	?	?	
157229	ḥyk	ḥy(m&/+k	ḥym	n. m. pl. cstr. nom.	life	
157230	w	w	w	conj.	and	
157231	rḥ	rḥ(I)/	rḥ (I)	n. f. sg. abs. nom.	2) gust	
157232	d	d	d	det. or rel. functor	the one(s) of	
# KTU 1.4 III:9						
157233	xxxxy	?	?	?	?	DULAT: NOT FOUND
157234	ilm	il(I)/m	ỉl (I)	n. m. pl. abs. nom.	god	
157235	d	d	d	det. or rel. functor	4) in compound conjunctions	
157236	mlk	mlk[/	/m-l-k/	vb G act. ptcpl. m. sg. abs. nom.	to reign, rule	DULAT direct ref
# KTU 1.4 III:10						
157237	yṯb	!y!ṯb[	/ṯ-b/	vb G prefc. 3 m. sg.	to return, turn round, go back, make one’s way, go through	DULAT direct ref
157237	yṯb	&yṯb[	/ṯ-b/	vb G suffc. 3 m. sg.	to return, turn round, go back, make one’s way, go through	DULAT direct ref
157238	aliyn	aliyn/	ảlỉyn	adj. m. sg. abs. nom.	The Very / Most Powerful	
157239	bˤl	bˤl(II)/	bʕl (II)	DN m. sg. abs. nom.	Baʿlu/Baal	
# KTU 1.4 III:11						
157240	ytˤdd	?	?	?	?	DULAT candidates (no reconstructable encoding): /ʕ-d(-d)/ - to declare
157241	rkb	rkb(I)/	rkb (I)	n. m. sg. cstr. nom.	Charioteer	
157242	ˤrpt	ˤrp(t/t	ʕrpt	n. f. sg. abs. gen.	cloud(s)	
157242	ˤrpt	ˤrp(t/t=	ʕrpt	n. f. pl. abs. gen.	cloud(s)	
# KTU 1.4 III:12						
157243	qm	qm[	/q-m/	vb G suffc. 3 m. sg.	to stand up	DULAT direct ref
157243	qm	qm[	/q-m/	vb G impv. 2	to stand up	DULAT direct ref
157243	qm	qm[/	/q-m/	vb G act. ptcpl. m. sg. abs. nom.	to stand up	DULAT direct ref
157244	ydd	!y!(ndd[	/n-d-d/	vb G prefc. 3 m. sg.	to go, move	DULAT direct ref
157245	w	w	w	conj.	and	
157246	yqlṣn	!y!qlṣ[+n	/q-l-ṣ/	vb G prefc. 3 m. sg.	to resist, stand up to, oppose	
157246	yqlṣn	!y!qlṣ[:d+n	/q-l-ṣ/	vb D prefc. 3 m. sg.	to resist, stand up to, oppose	
# KTU 1.4 III:13						
157247	yqm	!y!qm[	/q-m/	vb G prefc. 3 m. sg.	to stand up	
157248	w	w	w	conj.	3) in the correlation protasis-apodosis	
157249	ywpṯn	!y!wpṯ[:d+n	/w-p-ṯ/	vb D prefc. 3 m. sg.	to spit	
157250	b	b	b	prep.	in	
157251	tk	tk/	tk	n. m. cstr. gen.	1) in	
# KTU 1.4 III:14						
157252	pḫr	pḫr(I)/	pḫr (I)	n. m. sg. cstr. gen.	1) assembly a) Assembly	
157253	bn	bn(I)/	bn (I)	n. m. cstr. gen.	son	
157253	bn	bn(I)/	bn (I)	n. m. sg. cstr. gen.	son	
157254	ilm	il(I)/m	ỉl (I)	n. m. pl. abs. gen.	god	
157255	štt	št[t	/š-t/	vb G suffc. 1 c. sg.	to place, set, set up, leave	
157255	štt	št[t:pass	/š-t/	vb Gpass suffc. 1 c. sg.	to cause, leave (in a condition)	
# KTU 1.4 III:15						
157256	pglt	pgl(t/t	pglt	n. f. sg. abs. nom.	unclean offering	
157257	b	b	b	prep.	in	
157258	ṯlḥny	ṯlḥn/+y	ṯlḥn	n. m. cstr. gen.	table	DULAT direct ref
157259	qlt	ql(t(I)/t	qlt (I)	n. f. sg. abs. nom.	vileness	DULAT direct ref
# KTU 1.4 III:16						
157260	b	b	b	prep.	in	
157261	ks	ks(I)/	ks (I)	n. m. sg. abs. gen.	cup	DULAT direct ref
157262	ištynh	!(ʔ&i!šty[+nh	/š-t-y/	vb G prefc. 1 c. sg.	to drink	
# KTU 1.4 III:17						
157263	dm	dm(I)	dm (I)	functor	since	DULAT direct ref
157264	ṯn	ṯn(I)/	ṯn (I)	num.	1) the numeral two b) ge	DULAT direct ref
157265	dbḥm	dbḥ/m	dbḥ	n. m. pl. abs. nom.	1) sacrifice	
157266	šna	?	?	?	?	DULAT candidates (no reconstructable encoding): /š-n-ʔ/ - to hate, loathe
157267	bˤl	bˤl(II)/	bʕl (II)	n. m. pl. cstr. nom.	Baʿlu/Baal	
157267	bˤl	bˤl(II)/	bʕl (II)	n. m. sg. abs. nom.	Baʿlu/Baal	
157268	ṯlṯ	ṯlṯ(I)/	ṯlṯ (I)	num.	1) the numeral three a) elliptical syntagms	DULAT direct ref
# KTU 1.4 III:18						
157269	rkb	rkb(I)/	rkb (I)	n. m. sg. cstr. nom.	Charioteer	
157270	ˤrpt	ˤrp(t/t	ʕrpt	n. f. sg. cstr. gen.	cloud(s)	
157270	ˤrpt	ˤrp(t/t=	ʕrpt	n. f. pl. cstr. gen.	cloud(s)	
157271	dbḥ	dbḥ/	dbḥ	n. m. sg. cstr. gen.	1) sacrifice	DULAT direct ref
# KTU 1.4 III:19						
157272	bṯt	bṯ(t(I)/t	bṯt (I)	n. f. sg. abs. gen.	shame	DULAT direct ref
157273	w	w	w	conj.	and	
157274	dbḥ	dbḥ/	dbḥ	n. m. sg. cstr. nom.	sacrifice	
157274	dbḥ	dbḥ/	dbḥ	n. m. sg. abs. nom.	sacrifice	
157274	dbḥ	dbḥ[	/d-b-ḥ/	vb G suffc. 3 m. sg.	to sacrifice	
157274	dbḥ	dbḥ[	/d-b-ḥ/	vb G impv. 2	to sacrifice	
157274	dbḥ	dbḥ[/	/d-b-ḥ/	vb G act. ptcpl. m. sg. abs. nom.	to sacrifice	
157275	w	w	w	conj.	and	
157276	dbḥ	dbḥ/	dbḥ	n. m. sg. cstr. nom.	sacrifice	
157276	dbḥ	dbḥ/	dbḥ	n. m. sg. abs. nom.	sacrifice	
157276	dbḥ	dbḥ[	/d-b-ḥ/	vb G suffc. 3 m. sg.	to sacrifice	
157276	dbḥ	dbḥ[	/d-b-ḥ/	vb G impv. 2	to sacrifice	
157276	dbḥ	dbḥ[/	/d-b-ḥ/	vb G act. ptcpl. m. sg. abs. nom.	to sacrifice	
# KTU 1.4 III:20						
157277	dnt	dnt	ỉky	interr. functor	what of?	
157277	dnt	dn(t(II)/t	dnt (II)	n. f. sg. abs. nom.	plight	
157278	w	w	w	conj.	and	
157279	dbḥ	dbḥ/	dbḥ	n. m. sg. cstr. nom.	sacrifice	
157279	dbḥ	dbḥ/	dbḥ	n. m. sg. abs. nom.	sacrifice	
157279	dbḥ	dbḥ[	/d-b-ḥ/	vb G suffc. 3 m. sg.	to sacrifice	
157279	dbḥ	dbḥ[	/d-b-ḥ/	vb G impv. 2	to sacrifice	
157279	dbḥ	dbḥ[/	/d-b-ḥ/	vb G act. ptcpl. m. sg. abs. nom.	to sacrifice	
157280	tdmm	tdmm/	tdmm	n. m. sg. cstr. nom.	lascivious	
# KTU 1.4 III:21						
157281	amht	am&ht(I)/	ảmt (I)	n. f. pl. abs. gen.	1) female slave	
157282	k	k(II)	k (II)	emph. functor	yes	
157283	bh	b+h	b	prep.	in	
157284	bṯt	bṯ(t(I)/t	bṯt (I)	n. f. sg. abs. nom.	shame	DULAT direct ref
157285	l	l(III)	l (III)	functor	certainly	DULAT direct ref
157286	tbṭ	!t!(nbṭ[	/n-b-ṭ/	vb G prefc.	to appear, arise, be obvious	
# KTU 1.4 III:22						
157287	w	w	w	conj.	and	
157288	bh	b+h	b	prep.	in	
157289	tdmmt	tdmm(t/t	tdmmt	n. f. sg. abs. nom.	lasciviousness	
157290	amht	am&ht(I)/	ảmt (I)	n. f. pl. abs. nom.	(female) slave	
# KTU 1.4 III:23						
157291	aḫr	aḫr	ảḫr	adv./prep./conj.	3) after	
157292	mġy	mġy[	/m-ġ-y/	vb G suffc. 3 m. sg.	to come, arrive	
157292	mġy	!!mġy[/	/m-ġ-y/	vb G inf.	to come, arrive	
157293	aliyn	aliyn/	ảlỉyn	adj. m. sg. abs. nom.	The Very / Most Powerful	
157294	bˤl	bˤl(II)/	bʕl (II)	DN m. sg. abs. nom.	Baʿlu/Baal	
# KTU 1.4 III:24						
157295	mġyt	mġy[t	/m-ġ-y/	vb G suffc. 1 c. sg.	to come	
157296	btlt	btl(t/t	btlt	n. f. sg. cstr. nom.	virgin	
157297	ˤnt	ˤn(t(I)/t	ʕnt (I)	DN f. sg. abs. gen.	ʿAnatu/Anat	
# KTU 1.4 III:25						
157298	tmgnn	!t!mgn[:d+n	/m-g-n/	vb D prefc.	to wine and dine, regale, welcome	
157299	rbt	rb(t(I)/t	rbt (I)	n. f. sg. cstr. nom.	Lady	
157300	aṯrt	aṯr(t(II)/t	ảṯrt (II)	DN f. sg. cstr. gen.	ʾAṯiratu/Athirat/Asherah/El’s wife	
157301	ym	ym(II)/	ym (II)	n. m. sg. abs. gen.	sea	
# KTU 1.4 III:26						
157302	tġẓyn	!t!ġẓy[n	/ġ-ẓ-y/	vb G prefc.	1) to win over	
157302	tġẓyn	!t!ġẓy[n:d	/ġ-ẓ-y/	vb D prefc.	to win over	
157303	qnyt	qny[/t	/q-n-y/	vb G act. ptcpl. m. sg. cstr. nom.	to acquire	
157304	ilm	il(I)/m	ỉl (I)	n. m. pl. abs. gen.	god	
# KTU 1.4 III:27						
157305	w	w	w	conj.	and	
157306	tˤn	!t!ˤn(y[:w	/ʕ-n-y/ (I)	vb G prefc. 3 m. pl.	to answer	
157306	tˤn	!t!ˤn(w[:w	/ʕ-n-w/	vb G prefc. 3 m. pl.	to be / remain depressed	
157307	rbt	rb(t(I)/t	rbt (I)	n. f. sg. cstr. nom.	Lady	
157308	aṯrt	aṯr(t(II)/t	ảṯrt (II)	DN f. sg. cstr. gen.	ʾAṯiratu/Athirat/Asherah/El’s wife	
157309	ym	ym(II)/	ym (II)	n. m. sg. abs. gen.	sea	
# KTU 1.4 III:28						
157310	ik	ik	ỉk	interr. functor	how?	
157311	tmgnn	!t!mgn[:d+n	/m-g-n/	vb D prefc.	to wine and dine, regale, welcome	
157312	rbt	rb(t(I)/t	rbt (I)	n. f. sg. cstr. nom.	Lady	
# KTU 1.4 III:29						
157313	aṯrt	aṯr(t(II)/t	ảṯrt (II)	DN f. sg. cstr. gen.	ʾAṯiratu/Athirat/Asherah/El’s wife	
157314	ym	ym(II)/	ym (II)	n. m. sg. abs. gen.	sea	
157315	tġẓyn	!t!ġẓy[n	/ġ-ẓ-y/	vb G prefc.	to win over	
157315	tġẓyn	!t!ġẓy[n:d	/ġ-ẓ-y/	vb D prefc.	to win over	
# KTU 1.4 III:30						
157316	qnyt	qny[/t	/q-n-y/	vb G act. ptcpl. m. sg. cstr. nom.	to acquire	
157317	ilm	il(I)/m	ỉl (I)	n. m. pl. abs. gen.	god	
157318	mgntm	mgn[tm:d	/m-g-n/	vb D suffc. 2 c. pl.	to wine and dine, regale, welcome	
# KTU 1.4 III:31						
157319	ṯr	ṯr(I)/	ṯr (I)	n. m. sg. cstr. nom.	bull	
157320	il	il(I)/	ỉl (I)	DN m. sg. abs. gen.	ʾIlu/Ilu/El	
157321	d	d	d	det. or rel. functor	the one(s) of	
157322	pid	pid/	pỉd	n. m. sg. abs. nom.	heart	
157323	hm	hm(II)	hm (II)	conj./interr. functor	2) perhaps …? (interr. functor) b) in compound question	DULAT direct ref
157324	ġẓtm	?	?	?	?	DULAT candidates (no reconstructable encoding): /ġ-ẓ-y/ - 1) to win over; /ġ-ẓ-y/ - to win over
# KTU 1.4 III:32						
157325	bny	bn(I)/+y	bn (I)	n. m. cstr. nom.	son	
157325	bny	bny[/	/b-n-y/	vb G act. ptcpl. m. sg. cstr. nom.	to build	
157325	bny	bny/	bny	n. m. sg. cstr. nom.	architect	
157326	bnwt	bn&w(t(II)/t=	bnt (II)	n. f. pl. abs. gen.	produce	
157327	w	w	w	conj.	and	
157328	tˤn	!t!ˤn(y[	/ʕ-n-y/ (I)	vb G prefc. 3 f. sg.	to answer	
157328	tˤn	!t=!ˤn(y[	/ʕ-n-y/ (I)	vb G prefc. 2 m. sg.	to answer	
157328	tˤn	!t==!ˤn(y[	/ʕ-n-y/ (I)	vb G prefc. 2 f. sg.	to answer	
157328	tˤn	!t!ˤn(y[	/ʕ-n-y/ (I)	vb G prefc. 3 m. du.	to answer	
157328	tˤn	!t!ˤn(y[:w	/ʕ-n-y/ (I)	vb G prefc. 3 m. pl.	to answer	
157328	tˤn	!t===!ˤn(y[	/ʕ-n-y/ (I)	vb G prefc. 2 m. pl.	to answer	
157328	tˤn	!t!ˤn[	/ʕ-n/	vb G prefc.	to see	
157328	tˤn	!t!ˤn(w[	/ʕ-n-w/	vb G prefc. 3 f. sg.	to be / remain depressed	
157328	tˤn	!t=!ˤn(w[	/ʕ-n-w/	vb G prefc. 2 m. sg.	to be / remain depressed	
157328	tˤn	!t==!ˤn(w[	/ʕ-n-w/	vb G prefc. 2 f. sg.	to be / remain depressed	
157328	tˤn	!t!ˤn(w[	/ʕ-n-w/	vb G prefc. 3 m. du.	to be / remain depressed	
157328	tˤn	!t!ˤn(w[:w	/ʕ-n-w/	vb G prefc. 3 m. pl.	to be / remain depressed	
157328	tˤn	!t===!ˤn(w[	/ʕ-n-w/	vb G prefc. 2 m. pl.	to be / remain depressed	
# KTU 1.4 III:33						
157329	btlt	btl(t/t	btlt	n. f. sg. cstr. nom.	virgin	
157330	ˤnt	ˤn(t(I)/t	ʕnt (I)	DN f. sg. abs. gen.	ʿAnatu/Anat	
157331	nmgn	!n!mgn[:d	/m-g-n/	vb D prefc. 1 c. pl.	to wine and dine, regale, welcome	
# KTU 1.4 III:34						
157332	km	km	km	prep./conj./adv.		
157333	rbt	rb(t(I)/t	rbt (I)	n. f. sg. cstr. gen.	Lady	
157334	aṯrt	aṯr(t(II)/t	ảṯrt (II)	DN f. sg. cstr. gen.	ʾAṯiratu/Athirat/Asherah/El’s wife	
157335	ym	ym(II)/	ym (II)	n. m. sg. abs. gen.	sea	
# KTU 1.4 III:35						
157336	nġẓ	?	?	?	?	DULAT: NOT FOUND
157337	qnyt	qny[/t	/q-n-y/	vb G act. ptcpl. m. sg. cstr. nom.	to acquire	
157338	ilm	il(I)/m	ỉl (I)	n. m. pl. abs. gen.	god	
# KTU 1.4 III:36						
157339	aḫr	aḫr	ảḫr	adv./prep./conj.	afterwards	
157340	nmgn	!n!mgn[:d	/m-g-n/	vb D prefc. 1 c. pl.	to wine and dine	
157341	hwt	hw&t	hw	pers. pn.	1) he	DULAT direct ref
# KTU 1.4 III:37						
157342	xxx	?	?	?	?	
157343	aliyn	aliyn/	ảlỉyn	adj. m. sg. abs. nom.	The Very / Most Powerful	
157344	bˤl	bˤl(II)/	bʕl (II)	DN m. sg. abs. nom.	Baʿlu/Baal	
# KTU 1.4 III:38						
157345	xxxrbt	?	?	?	?	DULAT: NOT FOUND
157346	aṯrt	aṯr(t(II)/t	ảṯrt (II)	DN f. sg. cstr. nom.	ʾAṯiratu/Athirat/Asherah/El’s wife	
157347	ym	ym(II)/	ym (II)	n. m. sg. abs. gen.	sea	
# KTU 1.4 III:39						
157348	xxxbtlt	?	?	?	?	DULAT: NOT FOUND
157349	ˤnt	ˤn(t(I)/t	ʕnt (I)	DN f. sg. abs. nom.	ʿAnatu/Anat	
157349	ˤnt	ˤnt(II)	ʕnt (II)	adv.	now	
# KTU 1.4 III:40						
157350	xxx	?	?	?	?	
157351	tlḥm	!t!lḥm[:w	/l-ḥ-m/ (I)	vb G prefc. 3 m. pl.	to eat	
157352	tšty	!t!šty[:w	/š-t-y/	vb G prefc. 3 m. pl.	to drink	
# KTU 1.4 III:41						
157353	ilm	il(I)/m	ỉl (I)	n. m. pl. abs. nom.	god	
157354	w	w	w	conj.	and	
157355	tpq	!t!pq[	/p-q/	vb G prefc.	to obtain	
157356	mrġṯm	mrġṯ/+m(I)	mrġṯ	n. m. cstr. nom.	suckling	
# KTU 1.4 III:42						
157357	ṯd	ṯd/	ṯd	n. m. pl. cstr. nom.	breast	
157357	ṯd	ṯd/	ṯd	n. m. sg. abs. nom.	breast	
157358	b	b	b	prep.	in	
157359	ḥrb	ḥrb/	ḥrb	n. f. sg. cstr. gen.	knife	
157360	mlḥt	mlḥ(t/t	mlḥt	n. f. sg. abs. gen.	salt	
157361	qṣ	qṣ/	qṣ	n. m. sg. cstr. nom.	end	
157361	qṣ	qṣ[	/q-ṣ(-ṣ)/	vb G suffc. 3 m. sg.	to carve	
157361	qṣ	!!qṣ[/	/q-ṣ(-ṣ)/	vb G inf.	to carve	
# KTU 1.4 III:43						
157362	mri	mr(u(I)&i/	mrủ (I)	adj. f. pl. cstr. nom.	fattened	
157362	mri	mr(u(I)&i/	mrủ (I)	adj. f. sg. abs. nom.	fattened	
157363	tšty	!t!šty[:w	/š-t-y/	vb G prefc. 3 m. pl.	to drink	
157364	krpnm	krpn/m	krpn	n. m. pl. cstr. nom.	cup	
157365	yn	yn/	yn	n. m. sg. abs. gen.	wine	
# KTU 1.4 III:44						
157366	w	w	w	conj.	and	
157367	b	b	b	prep.	in	
157368	ks	ks(I)/	ks (I)	n. m. sg. cstr. gen.	cup	
157368	ks	ks/	ks/śm(n)	n. m. pl. cstr. gen.	emmer-corn	
157369	ḫrṣ	ḫrṣ/	ḫrṣ	n. m. sg. abs. gen.	gold	
157370	dm	dm(II)/	dm (II)	n. m. sg. abs. nom.	blood	
157370	dm	dm(I)	dm (I)	functor	since	
157371	ˤṣm	ˤṣ/m	ʕṣ	n. m. pl. abs. nom.	tree	
# KTU 1.4 III:45						
157372	xx	?	?	?	?	
# KTU 1.4 III:46						
157373		?	?	?	?	
# KTU 1.4 III:47						
157374		?	?	?	?	
# KTU 1.4 III:48						
157375		?	?	?	?	
# KTU 1.4 III:49						
157376		?	?	?	?	
# KTU 1.4 III:50						
157377		?	?	?	?	
# KTU 1.4 III:51						
157378		?	?	?	?	
# KTU 1.4 III:52						
157379	xxḥ	?	?	?	?	DULAT: NOT FOUND
# KTU 1.4 III:53						
157380	x	?	?	?	?	
# KTU 1.4 III:54						
157381	ˤln	ˤl(I)+n	ʕl (I)	prep.	upon	
# KTU 1.4 III:55						
157382	ln	l(I)+n	l (I)	prep.	to	
# KTU 1.4 IV:1						
157383	ṯr	ṯr(I)/	ṯr (I)	n. m. sg. abs. nom.	bull	
157384	il	il(I)/	ỉl (I)	DN m. sg. abs. nom.	ʾIlu/Ilu/El	
157385	abn	ab/+n	ảb	n. m. cstr. nom.	father	
157385	abn	abn/	ảbn	n. f. sg. cstr. nom.	stone	
157385	abn	abn/	ảbn	n. f. sg. abs. nom.	stone	
157385	abn	!(ʔ&a!bn[	/b-n/	vb G prefc. 1 c. sg.	to understand	
157386	w	w	w	conj.	and	
157387	tˤn	!t!ˤn(y[	/ʕ-n-y/ (I)	vb G prefc. 3 f. sg.	to answer	
157387	tˤn	!t=!ˤn(y[	/ʕ-n-y/ (I)	vb G prefc. 2 m. sg.	to answer	
157387	tˤn	!t==!ˤn(y[	/ʕ-n-y/ (I)	vb G prefc. 2 f. sg.	to answer	
157387	tˤn	!t!ˤn(y[	/ʕ-n-y/ (I)	vb G prefc. 3 m. du.	to answer	
157387	tˤn	!t!ˤn(y[:w	/ʕ-n-y/ (I)	vb G prefc. 3 m. pl.	to answer	
157387	tˤn	!t===!ˤn(y[	/ʕ-n-y/ (I)	vb G prefc. 2 m. pl.	to answer	
157387	tˤn	!t!ˤn[	/ʕ-n/	vb G prefc.	to see	
157387	tˤn	!t!ˤn(w[	/ʕ-n-w/	vb G prefc. 3 f. sg.	to be / remain depressed	
157387	tˤn	!t=!ˤn(w[	/ʕ-n-w/	vb G prefc. 2 m. sg.	to be / remain depressed	
157387	tˤn	!t==!ˤn(w[	/ʕ-n-w/	vb G prefc. 2 f. sg.	to be / remain depressed	
157387	tˤn	!t!ˤn(w[	/ʕ-n-w/	vb G prefc. 3 m. du.	to be / remain depressed	
157387	tˤn	!t!ˤn(w[:w	/ʕ-n-w/	vb G prefc. 3 m. pl.	to be / remain depressed	
157387	tˤn	!t===!ˤn(w[	/ʕ-n-w/	vb G prefc. 2 m. pl.	to be / remain depressed	
157388	rbt	rb(t(I)/t	rbt (I)	n. f. sg. cstr. nom.	Lady	
# KTU 1.4 IV:2						
157389	aṯrt	aṯr(t(II)/t	ảṯrt (II)	DN f. sg. cstr. gen.	ʾAṯiratu/Athirat/Asherah/El’s wife	
157390	ym	ym(II)/	ym (II)	n. m. sg. abs. gen.	sea	
157391	šmˤ	šmˤ[	/š-m-ʕ/	vb G impv. 2	to hear	
157391	šmˤ	!!šmˤ[/	/š-m-ʕ/	vb G inf.	to hear	
157391	šmˤ	šmˤ/	šmʕ	n. m. sg. cstr. nom.	auditor	
157392	l	l(I)	l (I)	prep.	to	
157393	qdš	qdš(II)/	qdš (II)	n. m. sg. abs. nom.	sanctuary	
157393	qdš	qdš(I)/	qdš (I)	adj. m. sg. abs. nom.	holy	
# KTU 1.4 IV:3						
157394	w	w	w	conj.	and	
157395	amrr	amrr/	ảmrr	DN sg. abs. nom.	“Blessed”, one of the two messenger-boys of the goddess ảṯrt	
157396	l	l(I)	l (I)	prep.	to	
157397	dgy	dgy/	dgy	n. m. du. cstr. gen.	triton	
157398	rbt	rb(t(I)/t	rbt (I)	n. f. sg. cstr. gen.	Lady	
# KTU 1.4 IV:4						
157399	aṯrt	aṯr(t(II)/t	ảṯrt (II)	DN f. sg. cstr. gen.	ʾAṯiratu/Athirat/Asherah/El’s wife	
157400	ym	ym(II)/	ym (II)	n. m. sg. abs. gen.	sea	
157401	mdl	mdl[	/m-d-l/	vb G impv. 2	to bridle	
157401	mdl	mdl[:d	/m-d-l/	vb D impv. 2	to bridle	
157401	mdl	mdl(II)/	mdl (II)	n. m. sg. abs. nom.	lightning (?)	
157401	mdl	mdl(I)/	mdl (I)	n. m. sg. abs. nom.	riding gear	
157402	ˤr	ˤr(I)/	ʕr (I)	n. f. sg. abs. nom.	city	
157402	ˤr	ˤr(II)/	ʕr (II)	n. m. sg. abs. nom.	donkey	
# KTU 1.4 IV:5						
157403	ṣmd	ṣmd[	/ṣ-m-d/	vb G suffc. 3 m. sg.	to harness, yoke	DULAT direct ref
157403	ṣmd	ṣmd[	/ṣ-m-d/	vb G impv. 2	to harness, yoke	DULAT direct ref
157404	pḥl	pḥl/	pḥl	n. m. sg. abs. nom.	ass	
157405	št	št[	/š-t/	vb G suffc. 3 m. sg.	to place	
157405	št	št[	/š-t/	vb G impv. 2	to place	
157405	št	št[:pass	/š-t/	vb Gpass suffc.	to be placed, set	
157405	št	š(t(II)/t	št (II)	n. f. sg. cstr. nom.	raíz	
157406	gpnm	gpn(I)/+m(I)	gpn (I)	n. m. cstr. nom.	(vine-)stock	
157406	gpnm	gpn(II)/+m(I)	gpn (II)	n. m. cstr. nom.	harness	
157407	dt	d+t	d	det. or rel. functor	the one(s) of	
# KTU 1.4 IV:6						
157408	ksp	ksp/	ksp	n. m. sg. abs. nom.	silver	
157409	dt	d+t	d	det. or rel. functor	the one(s) of	
157410	yrq	yrq/	yrq	n. m. sg. cstr. nom.	greenish yellow (a metal / gold)	
157411	nqbnm	nqbn/m	nqbn	n. m. pl. abs. gen.	caparison	
# KTU 1.4 IV:7						
157412	ˤdb	ˤdb[	/ʕ-d-b/	vb G suffc. 3 m. sg.	to leave > to put in > to place	
157412	ˤdb	ˤdb[	/ʕ-d-b/	vb G impv. 2	to leave > to put in > to place	
157412	ˤdb	!!ˤdb[/	/ʕ-d-b/	vb G inf.	to leave > to put in > to place	
157412	ˤdb	ˤdb[/	/ʕ-d-b/	vb G act. ptcpl. m. sg. abs. nom.	to leave > to put in > to place	
157413	gpn	gpn(II)/	gpn (II)	n. m. sg. cstr. nom.	harness	DULAT direct ref
157414	atnty	?	?	?	?	DULAT candidates (no reconstructable encoding): ảtn (I) - donkey
# KTU 1.4 IV:8						
157415	yšmˤ	!y!šmˤ[	/š-m-ʕ/	vb G prefc. 3 m. sg.	to hear	
157416	qdš	qdš(II)/	qdš (II)	n. m. sg. abs. nom.	sanctuary	
157416	qdš	qdš(I)/	qdš (I)	adj. m. sg. abs. nom.	holy	
157417	w	w	w	conj.	and	
157418	amrr	amrr/	ảmrr	DN sg. abs. nom.	“Blessed”, one of the two messenger-boys of the goddess ảṯrt	
# KTU 1.4 IV:9						
157419	mdl	mdl[	/m-d-l/	vb G impv. 2	to bridle	
157419	mdl	mdl[:d	/m-d-l/	vb D impv. 2	to bridle	
157419	mdl	mdl(II)/	mdl (II)	n. m. sg. abs. nom.	lightning (?)	
157419	mdl	mdl(I)/	mdl (I)	n. m. sg. abs. nom.	riding gear	
157420	ˤr	ˤr(II)/	ʕr (II)	n. m. sg. abs. nom.	donkey	DULAT direct ref
157421	ṣmd	ṣmd/	ṣmd	n. m. sg. abs. nom.	pair	
157421	ṣmd	ṣmd[	/ṣ-m-d/	vb G suffc. 3 m. sg.	to harness	
157421	ṣmd	ṣmd[	/ṣ-m-d/	vb G impv. 2	to harness	
157422	pḥl	pḥl/	pḥl	n. m. sg. abs. nom.	ass	
# KTU 1.4 IV:10						
157423	št	št[	/š-t/	vb G suffc. 3 m. sg.	to place, set, set up, leave	DULAT direct ref
157423	št	št[	/š-t/	vb G impv. 2	to place, set, set up, leave	DULAT direct ref
157423	št	št[:pass	/š-t/	vb Gpass suffc.	to cause, leave (in a condition)	DULAT direct ref
157424	gpnm	gpn(II)/+m(I)	gpn (II)	n. m. cstr. nom.	harness	DULAT direct ref
157425	dt	d+t	d	det. or rel. functor	1) the one(s) of a) det. of quality	
157426	ksp	ksp/	ksp	n. m. sg. abs. nom.	silver	
# KTU 1.4 IV:11						
157427	dt	d+t	d	det. or rel. functor	the one(s) of	
157428	yrq	yrq/	yrq	n. m. sg. cstr. nom.	greenish yellow (a metal / gold)	
157429	nqbnm	nqbn/m	nqbn	n. m. pl. abs. gen.	caparison	
# KTU 1.4 IV:12						
157430	ˤdb	ˤdb[	/ʕ-d-b/	vb G suffc. 3 m. sg.	to leave > to put in > to place	
157430	ˤdb	ˤdb[	/ʕ-d-b/	vb G impv. 2	to leave > to put in > to place	
157430	ˤdb	!!ˤdb[/	/ʕ-d-b/	vb G inf.	to leave > to put in > to place	
157430	ˤdb	ˤdb[/	/ʕ-d-b/	vb G act. ptcpl. m. sg. abs. nom.	to leave > to put in > to place	
157431	gpn	gpn(II)/	gpn (II)	n. m. sg. cstr. nom.	harness	
157432	atnth	?	?	?	?	DULAT candidates (no reconstructable encoding): ảtn (I) - donkey
# KTU 1.4 IV:13						
157433	yḥbq	!y!ḥbq[	/ḥ-b-q/	vb G prefc. 3 m. sg.	to embrace, take in one’s arms, cover	
157434	qdš	qdš(II)/	qdš (II)	n. m. sg. abs. nom.	sanctuary	
157434	qdš	qdš(I)/	qdš (I)	adj. m. sg. abs. nom.	holy	
157435	w	w	w	conj.	and	
157436	amrr	amrr/	ảmrr	DN sg. abs. nom.	“Blessed”, one of the two messenger-boys of the goddess ảṯrt	
# KTU 1.4 IV:14						
157437	yštn	!y!št[:pass+n	/š-t/	vb G prefc. 3 m. sg.	to place, set, set up, leave	DULAT direct ref
157437	yštn	!y!št[:pass+n	/š-t/	vb Gpass prefc. 3 m. sg.	to cause, leave (in a condition)	DULAT direct ref
157438	aṯrt	aṯr(t(I)/t	ảṯrt (I)	n. f. sg. abs. nom.	back part (of the head)	
157439	l	l(I)	l (I)	prep.	to	DULAT direct ref
157440	bmt	bm(t/t	bmt	n. f. sg. cstr. gen.	back	
157440	bmt	bm(t/t=	bmt	n. f. pl. cstr. gen.	back	
157441	ˤr	ˤr(II)/	ʕr (II)	n. m. sg. abs. gen.	donkey	DULAT direct ref
# KTU 1.4 IV:15						
157442	l	l(I)	l (I)	prep.	to	
157443	ysmsmt	ysmsm(t/t	ysmsmt	n. f. sg. cstr. gen.	handsomeness	
157444	bmt	bm(t/t	bmt	n. f. sg. cstr. gen.	back	
157444	bmt	bm(t/t=	bmt	n. f. pl. cstr. gen.	back	
157445	pḥl	pḥl/	pḥl	n. m. sg. abs. gen.	ass	
# KTU 1.4 IV:16						
157446	qdš	qdš(II)/	qdš (II)	n. m. sg. abs. nom.	sanctuary	
157446	qdš	qdš(I)/	qdš (I)	adj. m. sg. abs. nom.	holy	
157447	yuḫdm	!y!(ʔ&uḫd[m	/ʔ-ḫ-d(/ḏ)/	vb G prefc. 3 m. sg.	to collect, to take (back), grasp, seize, hold	
157448	šbˤr	]š]bˤr(I)[	/b-ʕ-r/ (I)	vb Š	1) to illuminate	Based on DULAT reconstruction. | DULAT direct ref
# KTU 1.4 IV:17						
157449	amrr	amrr/	ảmrr	DN sg. abs. nom.	“Blessed”, one of the two messenger-boys of the goddess ảṯrt	
157450	k	k(I)	k (I)	prep.	like	
157451	kbkb	kbkb/	kbkb	n. m. sg. abs. gen.	1) heavenly body	
157452	l	l(I)	l (I)	prep.	to	
157453	pnm	pn(m/m	pnm	n. m. pl. tant. abs. gen.	in front	
# KTU 1.4 IV:18						
157454	aṯr	aṯr(I)	ảṯr (I)	adv. or prep.	1) adv b) (of place) behind	
157455	btlt	btl(t/t	btlt	n. f. sg. cstr. gen.	virgin	
157456	ˤnt	ˤn(t(I)/t	ʕnt (I)	DN f. sg. abs. gen.	ʿAnatu/Anat	
# KTU 1.4 IV:19						
157457	w	w	w	conj.	and	
157458	bˤl	bˤl(II)/	bʕl (II)	n. m. pl. cstr. nom.	Baʿlu/Baal	
157458	bˤl	bˤl(II)/	bʕl (II)	n. m. sg. abs. nom.	Baʿlu/Baal	
157459	tbˤ	tbˤ[	/t-b-ʕ/	vb G suffc. 3 m. sg.	to go, leave, depart	
157460	mrym	mrym/	mrym	n. m. sg. cstr. nom.	height	
157461	ṣpn	ṣpn/	ṣpn	TN/DN sg. abs. gen.	Ṣapānu/Zaphon/the mountain dwelling of bʕl deified	
# KTU 1.4 IV:20						
157462	idk	idk	ỉdk	narrative adv. functor	then	
157463	l	l(III)	l (III)	functor	certainly	DULAT direct ref
157464	ttn	!t!(ytn[:w	/y-t-n/	vb G prefc. 3 m. pl.	to give	
157465	pnm	pn(m/m	pnm	n. m. pl. abs. nom.	face	
# KTU 1.4 IV:21						
157466	ˤm	ˤm(I)	ʕm (I)	prep.	1) relationship of direction (space and time)	
157467	il	il(I)/	ỉl (I)	DN m. sg. cstr. gen.	ʾIlu/Ilu/El	
157467	il	il(I)/	ỉl (I)	n. m. sg. cstr. gen.	god	
157468	mbk	mbk/	mbk	n. m. sg. cstr. gen.	source	
157469	nhrm	nhr/+m(I)	nhr	n. m. cstr. gen.	1) river	
# KTU 1.4 IV:22						
157470	qrb	qrb/	qrb	n. m. sg. cstr. nom.	1) inside	DULAT direct ref
157471	apq	apq/	ảpq	n. m. sg. abs. nom.	spring	
157472	thmtm	thm(t/tm	thmt	n. f. du. abs. nom.	Primordial Ocean	
# KTU 1.4 IV:23						
157473	tgly	!t!gly[	/g-l-y/	vb G prefc. 3 f. sg.	to present oneself, make one’s way, go > to leave, to go into exile > to go into exile > to emigrate > to cause somebody to go forth > in die Verbannung gehen > to reveal > go forth > sich zeigen	
157473	tgly	!t=!gly[	/g-l-y/	vb G prefc. 2 m. sg.	to present oneself, make one’s way, go > to leave, to go into exile > to go into exile > to emigrate > to cause somebody to go forth > in die Verbannung gehen > to reveal > go forth > sich zeigen	
157473	tgly	!t==!gly[	/g-l-y/	vb G prefc. 2 f. sg.	to present oneself, make one’s way, go > to leave, to go into exile > to go into exile > to emigrate > to cause somebody to go forth > in die Verbannung gehen > to reveal > go forth > sich zeigen	
157473	tgly	!t!gly[	/g-l-y/	vb G prefc. 3 m. du.	to present oneself, make one’s way, go > to leave, to go into exile > to go into exile > to emigrate > to cause somebody to go forth > in die Verbannung gehen > to reveal > go forth > sich zeigen	
157473	tgly	!t!gly[:w	/g-l-y/	vb G prefc. 3 m. pl.	to present oneself, make one’s way, go > to leave, to go into exile > to go into exile > to emigrate > to cause somebody to go forth > in die Verbannung gehen > to reveal > go forth > sich zeigen	
157473	tgly	!t===!gly[	/g-l-y/	vb G prefc. 2 m. pl.	to present oneself, make one’s way, go > to leave, to go into exile > to go into exile > to emigrate > to cause somebody to go forth > in die Verbannung gehen > to reveal > go forth > sich zeigen	
157473	tgly	!t!(]n]gly[	/g-l-y/	vb N prefc. 3 f. sg.	to present oneself, make one’s way, go > to leave, to go into exile > to go into exile > to emigrate > to cause somebody to go forth > in die Verbannung gehen > to reveal > go forth > sich zeigen	
157473	tgly	!t=!(]n]gly[	/g-l-y/	vb N prefc. 2 m. sg.	to present oneself, make one’s way, go > to leave, to go into exile > to go into exile > to emigrate > to cause somebody to go forth > in die Verbannung gehen > to reveal > go forth > sich zeigen	
157473	tgly	!t==!(]n]gly[	/g-l-y/	vb N prefc. 2 f. sg.	to present oneself, make one’s way, go > to leave, to go into exile > to go into exile > to emigrate > to cause somebody to go forth > in die Verbannung gehen > to reveal > go forth > sich zeigen	
157473	tgly	!t!(]n]gly[	/g-l-y/	vb N prefc. 3 m. du.	to present oneself, make one’s way, go > to leave, to go into exile > to go into exile > to emigrate > to cause somebody to go forth > in die Verbannung gehen > to reveal > go forth > sich zeigen	
157473	tgly	!t!(]n]gly[:w	/g-l-y/	vb N prefc. 3 m. pl.	to present oneself, make one’s way, go > to leave, to go into exile > to go into exile > to emigrate > to cause somebody to go forth > in die Verbannung gehen > to reveal > go forth > sich zeigen	
157473	tgly	!t===!(]n]gly[	/g-l-y/	vb N prefc. 2 m. pl.	to present oneself, make one’s way, go > to leave, to go into exile > to go into exile > to emigrate > to cause somebody to go forth > in die Verbannung gehen > to reveal > go forth > sich zeigen	
157474	ḏd	ḏd(I)/	ḏd (I)	n. m. sg. cstr. nom.	breast	
157474	ḏd	ḏd(III)/	ḏd (III)	n. m. sg. cstr. nom.	flock	
157475	il	il(I)/	ỉl (I)	DN m. sg. abs. gen.	ʾIlu/Ilu/El	
157475	il	il(I)/	ỉl (I)	n. m. sg. abs. gen.	god	
157476	w	w	w	conj.	and	
157477	tbu	!t!b(ʔ[&u	/b-ʔ/	vb G prefc.	to enter	
# KTU 1.4 IV:24						
157478	qrš	qrš/	qrš	n. m. sg. cstr. nom.	private room	
157479	mlk	mlk(I)/	mlk (I)	n. m. sg. cstr. gen.	1) king e) part of the divine titulary (cf. Rahmouni DEAUT 4ff.)	
157480	ab	ab/	ảb	n. m. sg. cstr. gen.	1) father b) espec. of El (Rahmouni DEUAT 3ff.)	DULAT direct ref
157481	šnnm	šn&nm/	šnm	DN sg. abs. gen.	Šunama/Shunama/second member of the double-barrelled divine name ṯkmn w šnm, origin unknown	KTU corrected: šnm
# KTU 1.4 IV:25						
157482	l	l(I)	l (I)	prep.	to	
157483	pˤn	pˤn/	pʕn	n. f. cstr. gen.	at the feet of	
157484	il	il(I)/	ỉl (I)	DN m. sg. abs. gen.	ʾIlu/Ilu/El	DULAT direct ref
157484	il	il(I)/	ỉl (I)	n. m. sg. abs. gen.	2) DN b) object or purpose of an action	DULAT direct ref
157485	thbr	!t!hbr[	/h-b-r/	vb G prefc. 3 f. sg.	to bow	
157485	thbr	!t=!hbr[	/h-b-r/	vb G prefc. 2 m. sg.	to bow	
157485	thbr	!t==!hbr[	/h-b-r/	vb G prefc. 2 f. sg.	to bow	
157485	thbr	!t!hbr[	/h-b-r/	vb G prefc. 3 m. du.	to bow	
157485	thbr	!t!hbr[:w	/h-b-r/	vb G prefc. 3 m. pl.	to bow	
157485	thbr	!t===!hbr[	/h-b-r/	vb G prefc. 2 m. pl.	to bow	
157486	w	w	w	conj.	and	
157487	tql	!t!ql[	/q-l/	vb G prefc.	to fall (down)	
# KTU 1.4 IV:26						
157488	tštḥwy	!t!]š]]t]ḥwy(II)[	/ḥ-w-y/ (II)	vb Št prefc.	to prostrate oneself	
157489	w	w	w	conj.	and	
157490	tkbdh	!t!kbd[:d+h	/k-b-d/	vb D prefc.	to honour, to pay homage to, welcome	
# KTU 1.4 IV:27						
157491	hlm	hlm	hlm	conj. functor	1) and so	DULAT direct ref
157492	il	il(I)/	ỉl (I)	DN m. sg. cstr. nom.	ʾIlu/Ilu/El	DULAT direct ref
157492	il	il(I)/	ỉl (I)	DN m. sg. abs. nom.	ʾIlu/Ilu/El	DULAT direct ref
157492	il	il(I)/	ỉl (I)	n. m. sg. cstr. nom.	2) DN a) activities of the god	DULAT direct ref
157492	il	il(I)/	ỉl (I)	n. m. sg. abs. nom.	2) DN a) activities of the god	DULAT direct ref
157493	k	k(II)	k (II)	emph. functor	yes	DULAT direct ref
157494	yphnh	!y!ph(y[+nh	/p-h-y/	vb G prefc. 3 m. sg.	to see, espy	
# KTU 1.4 IV:28						
157495	yprq	!y!prq[	/p-r-q/	vb G prefc. 3 m. sg.	to release	
157496	lṣb	lṣb/	lṣb	n. m. sg. abs. nom.	brow	
157497	w	w	w	conj.	and	
157498	yṣḥq	!y!ṣḥq[	/ṣ-ḥ-q/	vb G prefc. 3 m. sg.	to laugh	
# KTU 1.4 IV:29						
157499	pˤnh	pˤn/+h	pʕn	n. f. cstr. nom.	1) foot a) tdʕṣ pʕnm she pressed (?) (her) feet (down)	
157500	l	l(I)	l (I)	prep.	to	DULAT direct ref
157501	hdm	hdm/	hdm	n. m. sg. abs. gen.	footstool	
157502	yṯpd	!y!ṯpd[	/ṯ-p-d/	vb G prefc. 3 m. sg.	to place, rest	
157503	w	w	w	conj.	and	
157504	ykrkr	!y!krkr[	/k-r-k-r/	vb G prefc. 3 m. sg.	to twist, twiddle	
# KTU 1.4 IV:30						
157505	uṣbˤth	?	?	?	?	DULAT candidates (no reconstructable encoding): ủṣbʕ - finger
157506	yšu	!y!(nš(ʔ[&u	/n-š-ʔ/	vb G prefc. 3 m. sg.	to raise	
157507	gh	g/+h	g	n. m. sg. cstr. nom.	(loud) voice	
157508	w	w	w	conj.	and	
157509	yṣḥ	!y!ṣḥ[	/ṣ-ḥ/	vb G prefc. 3 m. sg.	to exclaim	
# KTU 1.4 IV:31						
157510	ik	ik	ỉk	interr. functor	how?	
157511	mġyt	mġy[t	/m-ġ-y/	vb G suffc. 1 c. sg.	to come	
157512	rbt	rb(t(I)/t	rbt (I)	n. f. sg. cstr. nom.	Lady	
157513	aṯrt	aṯr(t(II)/t	ảṯrt (II)	DN f. sg. cstr. gen.	ʾAṯiratu/Athirat/Asherah/El’s wife	
157514	ym	ym(II)/	ym (II)	n. m. sg. abs. gen.	sea	
# KTU 1.4 IV:32						
157515	ik	ik	ỉk	interr. functor	how?	
157516	atwt	(ʔ&atw[t	/ʔ-t-w/	vb G suffc. 1 c. sg.	to come, go	
157516	atwt	(ʔ&atw[/t	/ʔ-t-w/	vb G act. ptcpl. m. sg. abs. nom.	to come, go	
157517	qnyt	qny[/t	/q-n-y/	vb G act. ptcpl. m. sg. cstr. nom.	to acquire	
157518	ilm	il(I)/m	ỉl (I)	n. m. pl. abs. gen.	god	
# KTU 1.4 IV:33						
157519	rġb	!!rġb[/	/r-ġ-b/	vb G inf.	to be hungry	
157520	rġbt	rġb[t	/r-ġ-b/	vb G suffc. 1 c. sg.	to be hungry	
157521	w	w	w	conj.	and	
157522	tġtr	!t!ġtr[	/ġ-t-r/	vb G prefc. 3 f. sg.	to implore, intercede, ask	
157522	tġtr	!t=!ġtr[	/ġ-t-r/	vb G prefc. 2 m. sg.	to implore, intercede, ask	
157522	tġtr	!t==!ġtr[	/ġ-t-r/	vb G prefc. 2 f. sg.	to implore, intercede, ask	
157522	tġtr	!t!ġtr[	/ġ-t-r/	vb G prefc. 3 m. du.	to implore, intercede, ask	
157522	tġtr	!t!ġtr[:w	/ġ-t-r/	vb G prefc. 3 m. pl.	to implore, intercede, ask	
157522	tġtr	!t===!ġtr[	/ġ-t-r/	vb G prefc. 2 m. pl.	to implore, intercede, ask	
# KTU 1.4 IV:34						
157523	hm	hm(II)	hm (II)	conj./interr. functor	2) perhaps …? (interr. functor) b) in compound question	DULAT direct ref
157524	ġmu	!!ġmu[/	/ġ-m-ʔ/	vb G inf.	to be thirsty	
157525	ġmit	?	?	?	?	DULAT candidates (no reconstructable encoding): /ġ-m-ʔ/ - to be thirsty
157526	w	w	w	conj.	and	
157527	ˤst	?	?	?	?	DULAT candidates (no reconstructable encoding): /ʕ-s-y:s/ - ?
# KTU 1.4 IV:35						
157528	lḥm	lḥm[	/l-ḥ-m/ (I)	vb G suffc. 3 m. sg.	1) to eat	DULAT direct ref
157528	lḥm	lḥm[:w	/l-ḥ-m/ (I)	vb G suffc. 3 m. pl.	1) to eat	DULAT direct ref
157528	lḥm	lḥm(I)[	/l-ḥ-m/ (I)	vb G impv. 2	1) to eat	DULAT direct ref
157528	lḥm	!!lḥm(I)[/	/l-ḥ-m/ (I)	vb G inf.	1) to eat	DULAT direct ref
157529	hm	hm(II)	hm (II)	conj./interr. functor	2) perhaps …? (interr. functor) b) in compound question	DULAT direct ref
157530	štym	šty[m	/š-t-y/	vb G impv. 2	to drink	
157531	lḥm	lḥm[	/l-ḥ-m/ (I)	vb G suffc. 3 m. sg.	1) to eat	DULAT direct ref
157531	lḥm	lḥm[:w	/l-ḥ-m/ (I)	vb G suffc. 3 m. pl.	1) to eat	DULAT direct ref
157531	lḥm	lḥm(I)[	/l-ḥ-m/ (I)	vb G impv. 2	1) to eat	DULAT direct ref
157531	lḥm	!!lḥm(I)[/	/l-ḥ-m/ (I)	vb G inf.	1) to eat	DULAT direct ref
# KTU 1.4 IV:36						
157532	b	b	b	prep.	1) spatial location a) place in which something occurs	
157533	ṯlḥnt	ṯlḥn/t	ṯlḥn	n. f. sg. cstr. gen.	table	
157534	lḥm	lḥm/	lḥm	n. m. sg. abs. gen.	2) bread	DULAT direct ref
157535	št	št[	/š-t/	vb G suffc. 3 m. sg.	to place	
157535	št	št[	/š-t/	vb G impv. 2	to place	
157535	št	št[:pass	/š-t/	vb Gpass suffc.	to be placed, set	
157535	št	š(t(II)/t	št (II)	n. f. sg. cstr. nom.	raíz	
# KTU 1.4 IV:37						
157536	b	b	b	prep.	in	
157537	krpnm	krpn/m	krpn	n. m. pl. cstr. gen.	cup	
157538	yn	yn/	yn	n. m. sg. abs. gen.	2) measures and containers (of wine) e) other containers	
157539	b	b	b	prep.	in	
157540	ks	ks(I)/	ks (I)	n. m. sg. cstr. gen.	cup	
157540	ks	ks/	ks/śm(n)	n. m. pl. cstr. gen.	emmer-corn	
157541	ḫrṣ	ḫrṣ/	ḫrṣ	n. m. sg. cstr. gen.	1) gold b) in craftwork	
# KTU 1.4 IV:38						
157542	dm	dm(II)/	dm (II)	n. m. sg. cstr. gen.	blood	DULAT direct ref
157543	ˤṣm	ˤṣ/m	ʕṣ	n. m. pl. abs. gen.	1) tree	
157544	hm	hm(II)	hm (II)	conj./interr. functor	2) perhaps …? (interr. functor) a) in simple question	DULAT direct ref
157545	yd	yd(II)/	yd (II)	n. m. sg. cstr. nom.	love	DULAT direct ref
157546	il	il(I)/	ỉl (I)	DN m. sg. cstr. gen.	ʾIlu/Ilu/El	DULAT direct ref
157546	il	il(I)/	ỉl (I)	n. m. sg. cstr. gen.	2) DN d) El’s possessions or property (often to be understood as in 1. g)	DULAT direct ref
157547	mlk	mlk(I)/	mlk (I)	n. m. sg. abs. gen.	1) king e) part of the divine titulary (cf. Rahmouni DEAUT 4ff.)	
# KTU 1.4 IV:39						
157548	yḫssk	!y!ḫss[:d+k	/ḫ-s-s/	vb D prefc. 3 m. sg.	to remind	
157548	yḫssk	!y!ḫss[k:d:l	/ḫ-s-s/	vb L prefc. 3 m. sg.	to remind	
157549	ahbt	ahb(t/t	ảhbt	n. f. sg. cstr. nom.	love	
157550	ṯr	ṯr(I)/	ṯr (I)	n. m. pl. abs. gen.	2) bull a) divine title	DULAT direct ref
157550	ṯr	ṯr(I)/	ṯr (I)	n. m. sg. abs. gen.	2) bull a) divine title	DULAT direct ref
157551	tˤrrk	!t!ˤr[rk	/ʕ-r/	vb	1) to move	
# KTU 1.4 IV:40						
157552	w	w	w	conj.	and	
157553	tˤn	!t!ˤn(y[:w	/ʕ-n-y/ (I)	vb G prefc. 3 m. pl.	to answer	
157553	tˤn	!t!ˤn(w[:w	/ʕ-n-w/	vb G prefc. 3 m. pl.	to be / remain depressed	
157554	rbt	rb(t(I)/t	rbt (I)	n. f. sg. cstr. nom.	Lady	
157555	aṯrt	aṯr(t(II)/t	ảṯrt (II)	DN f. sg. cstr. gen.	ʾAṯiratu/Athirat/Asherah/El’s wife	
157556	ym	ym(II)/	ym (II)	n. m. sg. cstr. gen.	sea	
# KTU 1.4 IV:41						
157557	tḥmk	tḥm/+k	tḥm	n. m. cstr. gen.	message	
157558	il	il(I)/	ỉl (I)	DN m. sg. cstr. nom.	ʾIlu/Ilu/El	
157558	il	il(I)/	ỉl (I)	DN m. sg. abs. nom.	ʾIlu/Ilu/El	
157558	il	il(I)/	ỉl (I)	n. m. sg. cstr. nom.	god	
157558	il	il(I)/	ỉl (I)	n. m. sg. abs. nom.	god	
157559	ḥkm	ḥkm/	ḥkm	adj. m. sg. abs. nom.	wise	
157560	ḥkmt	ḥkm(t/t	ḥkmt	n. f. sg. abs. nom.	wisdom	
# KTU 1.4 IV:42						
157561	ˤm	ˤm(I)	ʕm (I)	prep.	1) relationship of direction (space and time)	
157562	ˤlm	ˤlm(I)/	ʕlm (I)	n. m. sg. abs. nom.	eternity	
157563	ḥyt	ḥy(t(I)/t	ḥyt (I)	n. f. sg. abs. nom.	life	
157564	ḥẓt	ḥẓ(t/t	ḥẓt	adj. f. sg. abs. nom.	happy	
# KTU 1.4 IV:43						
157565	tḥmk	tḥm/+k	tḥm	n. m. cstr. nom.	message	
157566	mlkn	mlk(I)&n/	mlk (I)	n. m. sg. abs. nom.	king	
157567	aliyn	aliyn/	ảlỉyn	adj. m. sg. abs. nom.	The Very / Most Powerful	
157568	bˤl	bˤl(II)/	bʕl (II)	DN m. sg. cstr. nom.	Baʿlu/Baal	
# KTU 1.4 IV:44						
157569	ṯpṭn	ṯpṭ(II)/+n	ṯpṭ (II)	n. m. cstr. gen.	judge	
157570	w	w	w	conj.	and	
157571	in	in/	ỉn	n. m. sg. abs. nom.	lack of	
157572	d	d	d	det. or rel. functor	the one(s) of	
157573	ˤlnh	ˤl(I)+nh	ʕl (I)	prep.	upon	
# KTU 1.4 IV:45						
157574	klnyn	klny+n	klny	adv.	all of us together	
157575	qšh	qš(I)/+h	qš (I)	n. m. sg. cstr. nom.	tankard	
157576	nbln	!n!(ybl[n	/y-b-l/	vb G prefc. 1 c. pl.	to carry	
# KTU 1.4 IV:46						
157577	klnyn	klny+n	klny	adv.	all of us together	
157578	nbl	!n!(ybl[	/y-b-l/	vb G prefc. 1 c. pl.	to carry	
157579	ksh	ks(I)/+h	ks (I)	n. m. cstr. nom.	cup	
157579	ksh	ks/+h	ks/śm(n)	n. m. cstr. nom.	emmer-corn	
# KTU 1.4 IV:47						
157580	any	!!(ʔ&any[/	/ʔ-n-y/	vb G inf.	to sigh	
157580	any	(ʔ&any[/	/ʔ-n-y/	vb G ptcpl. m. sg. abs. nom.	to sigh	
157581	l	l(I)	l (I)	prep.	to	
157581	l	l(II)	l (II)	adv.	no	
157581	l	l(III)	l (III)	functor	certainly	
157582	yṣḥ	!y!ṣḥ[	/ṣ-ḥ/	vb G prefc. 3 m. sg.	to exclaim	
157583	ṯr	ṯr(I)/	ṯr (I)	n. m. sg. cstr. nom.	bull	
157584	il	il(I)/	ỉl (I)	DN m. sg. cstr. gen.	ʾIlu/Ilu/El	
157585	abh	ab/+h	ảb	n. m. cstr. gen.	father	
# KTU 1.4 IV:48						
157586	il	il(I)/	ỉl (I)	DN m. sg. cstr. nom.	ʾIlu/Ilu/El	DULAT direct ref
157586	il	il(I)/	ỉl (I)	DN m. sg. abs. nom.	ʾIlu/Ilu/El	DULAT direct ref
157586	il	il(I)/	ỉl (I)	n. m. sg. cstr. nom.	2) DN c) titles	DULAT direct ref
157586	il	il(I)/	ỉl (I)	n. m. sg. abs. nom.	2) DN c) titles	DULAT direct ref
157587	mlk	mlk(I)/	mlk (I)	n. m. sg. abs. nom.	1) king e) part of the divine titulary (cf. Rahmouni DEAUT 4ff.)	
157588	d	d	d	det. or rel. functor	the one(s) of	
157589	yknnh	!y!knn[:l+h	/k-n/	vb L prefc. 3 m. sg.	to establish, interpose, bring up	
157590	yṣḥ	!y!ṣḥ[	/ṣ-ḥ/	vb G prefc. 3 m. sg.	to exclaim, shout	
# KTU 1.4 IV:49						
157591	aṯrt	aṯr(t(I)/t	ảṯrt (I)	n. f. sg. abs. nom.	back part (of the head)	
157592	w	w	w	conj.	and	
157593	bnh	bn(I)/+h	bn (I)	n. m. cstr. nom.	son	
157594	ilt	il(t(I)/t	ỉlt (I)	n. f. sg. abs. nom.	goddess	
157595	w	w	w	conj.	and	
157596	ṣbrt	ṣbr(t/t	ṣbrt	n. f. sg. cstr. nom.	clan	
# KTU 1.4 IV:50						
157597	aryh	ary(I)/+h	ảry (I)	n. m. sg. cstr. gen.	fellow	
157598	wn	w+n	w	conj.	4) declarative and emphatic functor	
157599	in	in/	ỉn	n. m. sg. cstr. nom.	lack of	
157600	bt	bt(II)/	bt (II)	n. m. sg. abs. gen.	house	
157601	l	l(I)	l (I)	prep.	to	DULAT direct ref
157602	bˤl	bˤl(II)/	bʕl (II)	n. m. pl. abs. gen.	Baʿlu/Baal	
# KTU 1.4 IV:51						
157603	km	km	km	prep./conj./adv.		
157604	ilm	il(I)/m	ỉl (I)	n. m. pl. abs. gen.	1) god b) activities of the gods	
157605	w	w	w	conj.	and	
157606	ḥẓr	ḥẓr/	ḥẓr	n. m. sg. abs. nom.	1) mansion	
157607	k	k(I)	k (I)	prep.	like	DULAT direct ref
157608	bn	b+n	b	prep.	in	
157608	bn	bn(I)/	bn (I)	n. m. sg. cstr. nom.	son	
157608	bn	bn(I)/	bn (I)	n. m. sg. abs. nom.	son	
157608	bn	bn(II)	bn (II)	prep.	between	
157608	bn	bn[	/b-n/	vb G suffc. 3 m. sg.	to understand	
157608	bn	bn[	/b-n/	vb G impv. 2	to understand	
157609	aṯrt	aṯr(t(II)/t	ảṯrt (II)	DN f. sg. cstr. nom.	ʾAṯiratu/Athirat/Asherah/El’s wife	
# KTU 1.4 IV:52						
157610	mṯb	mṯb/	mṯb	n. m. sg. cstr. gen.	residence	
157611	il	il(I)/	ỉl (I)	DN m. sg. cstr. gen.	ʾIlu/Ilu/El	DULAT direct ref
157611	il	il(I)/	ỉl (I)	n. m. sg. cstr. gen.	2) DN d) El’s possessions or property (often to be understood as in 1. g)	DULAT direct ref
157612	mẓll	mẓll/	mẓll	n. m. sg. cstr. gen.	shelter	
157613	bnh	bn(I)/+h	bn (I)	n. m. cstr. gen.	son	
# KTU 1.4 IV:53						
157614	mṯb	mṯb/	mṯb	n. m. sg. abs. nom.	residence	
157615	rbt	rb(t(I)/t	rbt (I)	n. f. sg. abs. nom.	Lady	
157616	aṯrt	aṯr(t(II)/t	ảṯrt (II)	DN f. sg. abs. nom.	ʾAṯiratu/Athirat/Asherah/El’s wife	
157617	ym	ym(II)/	ym (II)	n. m. sg. abs. nom.	sea	
# KTU 1.4 IV:54						
157618	mṯb	mṯb/	mṯb	n. m. sg. abs. nom.	residence	
157619	klt	kl(y[t	/k-l-y/	vb G suffc. 1 c. sg.	to finish, be finished, to empty, be emptied (out), to consume, be consumed	
157619	klt	kl(y[t:d	/k-l-y/	vb D suffc. 1 c. sg.	to finish (off)	
157619	klt	kl(t(I)/t	klt (I)	n. f. sg. abs. nom.	bride	
157619	klt	kl(t(II)/t	klt (II)	n. f. sg. abs. nom.	measure	
157620	knyt	knyt/	knyt	adj. f. pl. abs. nom.	glorious	
# KTU 1.4 IV:55						
157621	mṯb	mṯb/	mṯb	n. m. sg. cstr. nom.	residence	
157622	pdry	pdry/	pdry	DN sg. cstr. gen.	Pidray	
157623	bt	b(t(I)/t	bt (I)	n. f. sg. cstr. gen.	daughter	
157624	ar	ar/	ả/ỉr	n. m. sg. cstr. gen.	light	
# KTU 1.4 IV:56						
157625	mẓll	mẓll/	mẓll	n. m. sg. cstr. gen.	shelter	
157626	ṭly	ṭly/	ṭly	DN sg. cstr. gen.	Tallay	
157627	bt	b(t(I)/t	bt (I)	n. f. sg. abs. gen.	daughter	
157628	rb	rb(II)/	rb (II)	n. m. sg. abs. nom.	chief	
157628	rb	rb(II)/	rb (II)	n. m. sg. cstr. nom.	chief	
157628	rb	rb(I)/	rb (I)	adj. m. sg. abs. nom.	great	
157628	rb	rb/	rb(b)	n. m. sg. abs. nom.	drizzle	
# KTU 1.4 IV:57						
157629	mṯb	mṯb/	mṯb	n. m. sg. cstr. nom.	residence	
157630	arṣy	arṣ/+y	ảrṣ	n. f. cstr. gen.	earth	
157630	arṣy	arṣy/	ảrṣy	DN sg. cstr. gen.	Arṣay/Arsay	
157631	bt	b(t(I)/t	bt (I)	n. f. sg. cstr. gen.	daughter	
157632	yˤbdr	yˤbdr/	yʕbdr	DN sg. abs. gen.	Yaʿibdarru/'(Daughter) of the Wide World'/attribute of ảrṣy, daughter of the god bʕl (etym. unc.)	
# KTU 1.4 IV:58						
157633	w	w	w	conj.	and	
157634	yˤn	!y!ˤn(y(I)[	/ʕ-n-y/ (I)	vb G prefc. 3 m. sg.	to answer	
157634	yˤn	!y!ˤn[	/ʕ-n/	vb G prefc. 3 m. sg.	to see	
157634	yˤn	!y!ˤn[:pass	/ʕ-n/	vb Dpass prefc. 3 m. sg.	to see	
157634	yˤn	!y!ˤn(w[	/ʕ-n-w/	vb G prefc. 3 m. sg.	to be / remain depressed, humbled	
157634	yˤn	!y!ˤn(w[:pass	/ʕ-n-w/	vb Dpass prefc. 3 m. sg.	to humiliate	
157635	lṭpn	lṭpn/	lṭpn	adj. m. sg. abs. nom.	Benevolent	
157636	il	il(I)/	ỉl (I)	DN m. sg. cstr. nom.	ʾIlu/Ilu/El	
157636	il	il(I)/	ỉl (I)	DN m. sg. abs. nom.	ʾIlu/Ilu/El	
157636	il	il(I)/	ỉl (I)	n. m. sg. cstr. nom.	god	
157636	il	il(I)/	ỉl (I)	n. m. sg. abs. nom.	god	
157637	d	d	d	det. or rel. functor	the one(s) of	
157638	pid	pid/	pỉd	n. m. sg. abs. nom.	heart	
# KTU 1.4 IV:59						
157639	p	p(I)	p (I)	conj. functor	and	DULAT direct ref
157640	ˤbd	ˤbd(I)/	ʕbd (I)	n. m. sg. cstr. nom.	1) servant	DULAT direct ref
157640	ˤbd	ˤbd(I)/	ʕbd (I)	n. m. sg. abs. nom.	1) servant	DULAT direct ref
157641	an	an(I)	ản (I)	pers. pn.	1) i a) subj. in NC	DULAT direct ref
157642	ˤnn	ˤnn/	ʕnn	n. m. sg. cstr. nom.	1) manservant	DULAT direct ref
157643	aṯrt	aṯr(t(I)/t	ảṯrt (I)	n. f. sg. abs. gen.	back part (of the head)	
# KTU 1.4 IV:60						
157644	p	p(I)	p (I)	conj. functor	and	
157644	p	p(III)/	p (III)	n. m. sg. abs. nom.	mouth	
157644	p	p(II)	p (II)	adv.	here	
157645	ˤbd	ˤbd(I)/	ʕbd (I)	n. m. sg. cstr. nom.	servant	
157645	ˤbd	ˤbd(I)/	ʕbd (I)	n. m. sg. abs. nom.	servant	
157646	ank	ank	ảnk	pers. pn.	1) i a) subj. in NC	
157647	aḫd	(ʔ&aḫd[	/ʔ-ḫ-d(/ḏ)/	vb G suffc. 3 m. sg.	to collect, to take (back), grasp, seize, hold	
157648	ulṯ	ulṯ/	ủlṯ	n. m. sg. abs. nom.	trowel	
# KTU 1.4 IV:61						
157649	hm	hm(II)	hm (II)	conj./interr. functor	2) perhaps …? (interr. functor) b) in compound question	DULAT direct ref
157650	amt	am(t(I)/t	ảmt (I)	n. f. sg. cstr. nom.	1) female slave	DULAT direct ref
157651	aṯrt	aṯr(t(I)/t	ảṯrt (I)	n. f. sg. abs. gen.	back part (of the head)	
157652	tlbn	!t!lbn[:d	/l-b-n/	vb D prefc. 3 f. sg.	to make bricks	
157652	tlbn	!t=!lbn[:d	/l-b-n/	vb D prefc. 2 m. sg.	to make bricks	
157652	tlbn	!t==!lbn[:d	/l-b-n/	vb D prefc. 2 f. sg.	to make bricks	
157652	tlbn	!t!lbn[:d	/l-b-n/	vb D prefc. 3 m. du.	to make bricks	
157652	tlbn	!t!lbn[:d:w	/l-b-n/	vb D prefc. 3 m. pl.	to make bricks	
157652	tlbn	!t===!lbn[:d	/l-b-n/	vb D prefc. 2 m. pl.	to make bricks	
# KTU 1.4 IV:62						
157653	lbnt	lbn(t/t	lbnt	n. f. sg. abs. nom.	brick	DULAT direct ref
157653	lbnt	lbn(t/t=	lbnt	n. f. pl. abs. nom.	brick	DULAT direct ref
157654	ybn	!y!bn(y[:pass	/b-n-y/	vb Gpass prefc. 3 m. sg.	to be built	
157655	bt	bt(II)/	bt (II)	n. m. sg. abs. nom.	house	
157656	l	l(I)	l (I)	prep.	to	DULAT direct ref
157657	bˤl	bˤl(II)/	bʕl (II)	n. m. pl. abs. gen.	Baʿlu/Baal	
# KTU 1.4 V:1						
157658	km	km	km	prep./conj./adv.		
157659	ilm	il(I)/m	ỉl (I)	n. m. pl. abs. gen.	god	
157660	w	w	w	conj.	and	
157661	ḥẓr	ḥẓr/	ḥẓr	n. m. sg. abs. nom.	mansion	
157662	k	+k	-k (I)			
157662	k	~k	-k (II)			
157662	k	k(III)	k (III)	Subordinating or completive functor	when	
157662	k	k(I)	k (I)	prep.	like	
157662	k	k(II)	k (II)	emph. functor	yes	
157663	bn	b+n	b	prep.	in	
157663	bn	bn(I)/	bn (I)	n. m. sg. cstr. nom.	son	
157663	bn	bn(I)/	bn (I)	n. m. sg. abs. nom.	son	
157663	bn	bn(II)	bn (II)	prep.	between	
157663	bn	bn[	/b-n/	vb G suffc. 3 m. sg.	to understand	
157663	bn	bn[	/b-n/	vb G impv. 2	to understand	
157664	aṯrt	aṯr(t(II)/t	ảṯrt (II)	DN f. sg. abs. nom.	ʾAṯiratu/Athirat/Asherah/El’s wife	
# KTU 1.4 V:2						
157665	w	w	w	conj.	and	
157666	tˤn	!t!ˤn(y[	/ʕ-n-y/ (I)	vb G prefc. 3 f. sg.	to answer	
157666	tˤn	!t=!ˤn(y[	/ʕ-n-y/ (I)	vb G prefc. 2 m. sg.	to answer	
157666	tˤn	!t==!ˤn(y[	/ʕ-n-y/ (I)	vb G prefc. 2 f. sg.	to answer	
157666	tˤn	!t!ˤn(y[	/ʕ-n-y/ (I)	vb G prefc. 3 m. du.	to answer	
157666	tˤn	!t!ˤn(y[:w	/ʕ-n-y/ (I)	vb G prefc. 3 m. pl.	to answer	
157666	tˤn	!t===!ˤn(y[	/ʕ-n-y/ (I)	vb G prefc. 2 m. pl.	to answer	
157666	tˤn	!t!ˤn[	/ʕ-n/	vb G prefc.	to see	
157666	tˤn	!t!ˤn(w[	/ʕ-n-w/	vb G prefc. 3 f. sg.	to be / remain depressed	
157666	tˤn	!t=!ˤn(w[	/ʕ-n-w/	vb G prefc. 2 m. sg.	to be / remain depressed	
157666	tˤn	!t==!ˤn(w[	/ʕ-n-w/	vb G prefc. 2 f. sg.	to be / remain depressed	
157666	tˤn	!t!ˤn(w[	/ʕ-n-w/	vb G prefc. 3 m. du.	to be / remain depressed	
157666	tˤn	!t!ˤn(w[:w	/ʕ-n-w/	vb G prefc. 3 m. pl.	to be / remain depressed	
157666	tˤn	!t===!ˤn(w[	/ʕ-n-w/	vb G prefc. 2 m. pl.	to be / remain depressed	
157667	rbt	rb(t(I)/t	rbt (I)	n. f. sg. cstr. nom.	Lady	
157668	aṯrt	aṯr(t(II)/t	ảṯrt (II)	DN f. sg. cstr. gen.	ʾAṯiratu/Athirat/Asherah/El’s wife	
157669	ym	ym(II)/	ym (II)	n. m. sg. abs. gen.	sea	
# KTU 1.4 V:3						
157670	rbt	rb(I)/t	rb (I)	adj. f. sg. abs. nom.	great	
157671	ilm	il(I)/m	ỉl (I)	n. m. pl. abs. nom.	god	
157672	l	l(III)	l (III)	functor	certainly	DULAT direct ref
157673	ḥkmt	ḥkm[t	/ḥ-k-m/	vb G suffc. 1 c. sg.	to be wise	DULAT direct ref
# KTU 1.4 V:4						
157674	šbt	šb(t/t	šbt	n. f. sg. cstr. nom.	greyness > old age	
157675	dqnk	dqn(I)/+k	dqn (I)	n. m. cstr. gen.	1) beard	
157676	l	l(III)	l (III)	functor	certainly	DULAT direct ref
157677	tsrk	!t!(wsr[+k	/w-s-r/	vb G prefc.	to teach	
# KTU 1.4 V:5						
157678	rḫnnt	rḫn&n(t/t	rḫnt	n. f. sg. abs. nom.	sweetness	
157679	dt	d+t	d	det. or rel. functor	1) the one(s) of b) det. of property	
157680	l	l(I)	l (I)	prep.	to	DULAT direct ref
157681	irtk	ir(t/t+k	ỉrt	n. f. sg. cstr. gen.	1) breast a) breast	
# KTU 1.4 V:6						
157682	wn	w+n	w	conj.	4) declarative and emphatic functor	
157683	ap	ap(I)	ảp (I)	adv./conj.	also	DULAT direct ref
157684	ˤdn	!!ˤdn[/	/ʕ-d-n/	vb G inf.	to appoint the time	DULAT direct ref
157684	ˤdn	!!ˤdn[/	/ʕ-d-n/	vb D inf.	to appoint the time	DULAT direct ref
157685	mṭrh	mṭr/+h	mṭr	n. m. cstr. nom.	rain	
# KTU 1.4 V:7						
157686	bˤl	bˤl(II)/	bʕl (II)	n. m. pl. cstr. nom.	Baʿlu/Baal	
157686	bˤl	bˤl(II)/	bʕl (II)	n. m. sg. abs. nom.	Baʿlu/Baal	
157687	yˤdn	!y!ˤdn[	/ʕ-d-n/	vb G prefc. 3 m. sg.	to appoint the time	
157687	yˤdn	!y!ˤdn[:d	/ʕ-d-n/	vb D prefc. 3 m. sg.	to appoint the time	
157688	ˤdn	ˤdn(I)/	ʕdn (I)	n. m. sg. cstr. nom.	time	DULAT direct ref
157689	ṯkt	ṯk(t/t	ṯkt	n. f. sg. abs. gen.	1) art Schiff b) in mythological texts	
157690	b	b	b	prep.	in	
157691	glṯ	glṯ/	glṯ	n. m. sg. abs. gen.	storm	
# KTU 1.4 V:8						
157692	w	w	w	conj.	and	
157693	tn	(ytn[	/y-t-n/	vb	give	DULAT direct ref
157693	tn	(ytn[/	/y-t-n/	vb	give	DULAT direct ref
157694	qlh	ql(I)/+h	ql (I)	n. m. cstr. nom.	4) the thunderous “voice” (said of Baal’s voice)	DULAT direct ref
157695	b	b	b	prep.	1) spatial location d) origin of a quality or process	
157696	ˤrpt	ˤrp(t/t	ʕrpt	n. f. sg. cstr. gen.	cloud(s)	DULAT direct ref
157696	ˤrpt	ˤrp(t/t=	ʕrpt	n. f. pl. cstr. gen.	cloud(s)	DULAT direct ref
# KTU 1.4 V:9						
157697	šrh	šr(IV)/+h	šr (IV)	n. m. cstr. gen.	navel	
157698	l	l(I)	l (I)	prep.	to	DULAT direct ref
157699	arṣ	arṣ/	ảrṣ	n. f. sg. cstr. gen.	1) earth	
157700	brqm	brq(I)/m	brq (I)	n. m. pl. cstr. gen.	ray	
# KTU 1.4 V:10						
157701	dbt	&dbt(II)/	bt (II)	n. m. cstr. gen.	2) palace	KTU corrected: bt | DULAT direct ref
157702	arzm	arz(I)/m	ảrz (I)	n. m. pl. abs. gen.	1) a conifer	
157703	ykllnh	!y!kll[:d+nh	/k-l-l/	vb D prefc. 3 m. sg.	to complete, finish	
# KTU 1.4 V:11						
157704	hm	hm(II)	hm (II)	conj./interr. functor	2) perhaps …? (interr. functor) b) in compound question	DULAT direct ref
157705	bt	b(t(I)/t	bt (I)	n. f. sg. cstr. nom.	daughter	
157706	lbnt	lbn(t/t	lbnt	n. f. sg. abs. gen.	brick	DULAT direct ref
157706	lbnt	lbn(t/t=	lbnt	n. f. pl. abs. gen.	brick	DULAT direct ref
157707	yˤmsnh	!y!ˤms[+nh	/ʕ-m-s/	vb G prefc. 3 m. sg.	to load	
# KTU 1.4 V:12						
157708	l	l(I)	l (I)	prep.	to	DULAT direct ref
157709	yrgm	!y!rgm[	/r-g-m/	vb G prefc. 3 m. sg.	to say	
157709	yrgm	!y!rgm[:pass	/r-g-m/	vb Gpass prefc. 3 m. sg.	to said, recited	
157710	l	l(I)	l (I)	prep.	to	DULAT direct ref
157711	aliyn	aliyn/	ảlỉyn	adj. m. sg. abs. gen.	The Very / Most Powerful	
157712	bˤl	bˤl(II)/	bʕl (II)	DN m. sg. abs. gen.	Baʿlu/Baal	
# KTU 1.4 V:13						
157713	ṣḥ	ṣḥ[	/ṣ-ḥ/	vb G impv. 2	to exclaim	
157714	ḫrn	ḫr(I)/+n	ḫr (I)	n. m. cstr. nom.	cave	
157714	ḫrn	ḫrn/	ḫrn	n. m. abs. nom.	gang	
157715	b	b	b	prep.	in	
157716	bhmk	b&hm+k	b	prep.	in	
# KTU 1.4 V:14						
157717	ˤḏbt	ˤḏb(t/t	ʕḏbt	n. f. sg. abs. nom.	squad	
157718	b	b	b	prep.	in	
157719	qrb	qrb[	/q-r-b/	vb G suffc. 3 m. sg.	to approach	
157719	qrb	qrb/	qrb	n. m. sg. cstr. nom.	inside	
157720	hklk	hkl/+k	hkl	n. m. cstr. nom.	palace	
# KTU 1.4 V:15						
157721	tblk	!t!(ybl[+k	/y-b-l/	vb G prefc.	to carry, bring, take	
157722	ġrm	ġr(I)/m	ġr (I)	n. m. pl. cstr. nom.	mountain	
157722	ġrm	ġrm/	ġrm	n. m. sg. cstr. nom.	heap	
157723	mid	mid/	mỉ/ủd	n. m. sg. cstr. gen.	1) abundance	
157724	ksp	ksp/	ksp	n. m. sg. cstr. gen.	1) silver a) 4.738	
# KTU 1.4 V:16						
157725	gbˤm	gbˤ/m	gbʕ	n. m. pl. abs. gen.	hill	
157726	mḥmd	mḥmd/	mḥmd	adj. m. sg. abs. nom.	desired	
157727	ḫrṣ	ḫrṣ/	ḫrṣ	n. m. sg. abs. nom.	gold	
# KTU 1.4 V:17						
157728	yblk	!y!(ybl[+k	/y-b-l/	vb G prefc. 3 m. sg.	to carry, bring, take	
157729	udr	udr/	ủdr	n. m. sg. cstr. nom.	nobility	
157730	ilqṣm	ilqṣm/	ỉlqṣm	n. m. sg. abs. gen.	gem	
# KTU 1.4 V:18						
157731	w	w	w	conj.	and	
157732	bn	b+n	b	prep.	in	
157732	bn	bn(I)/	bn (I)	n. m. sg. cstr. nom.	son	
157732	bn	bn(I)/	bn (I)	n. m. sg. abs. nom.	son	
157732	bn	bn(II)	bn (II)	prep.	between	
157732	bn	bn[	/b-n/	vb G suffc. 3 m. sg.	to understand	
157732	bn	bn[	/b-n/	vb G impv. 2	to understand	
157733	bht	b&ht(II)/	bt (II)	n. m. pl. cstr. nom.	2) palace	DULAT direct ref
157734	ksp	ksp/	ksp	n. m. sg. abs. gen.	1) silver b) items made of silver	
157735	w	w	w	conj.	and	
157736	ḫrṣ	ḫrṣ/	ḫrṣ	n. m. sg. cstr. nom.	gold	
# KTU 1.4 V:19						
157737	bht	b&ht(II)/	bt (II)	n. m. pl. abs. gen.	house	
157738	ṭhrm	ṭhr/m	ṭhr	adj. m. pl. abs. nom.	pure	
157739	iqnim	iqn(u&i/m	ỉqnủ	n. m. pl. abs. nom.	1) gem of lapis lazuli	
# KTU 1.4 V:20						
157740	šmḫ	šmḫ[	/š-m-ḫ/	vb G suffc. 3 m. sg.	to be glad, rejoice	
157740	šmḫ	!!šmḫ[/	/š-m-ḫ/	vb G inf.	to be glad, rejoice	
157741	btlt	btl(t/t	btlt	n. f. sg. cstr. nom.	virgin	
157742	ˤnt	ˤn(t(I)/t	ʕnt (I)	DN f. sg. abs. gen.	ʿAnatu/Anat	
157743	tdˤṣ	!t!dˤṣ[	/d-ʕ-ṣ/	vb G prefc. 3 f. sg.	to fix, lean, press	
157743	tdˤṣ	!t=!dˤṣ[	/d-ʕ-ṣ/	vb G prefc. 2 m. sg.	to fix, lean, press	
157743	tdˤṣ	!t==!dˤṣ[	/d-ʕ-ṣ/	vb G prefc. 2 f. sg.	to fix, lean, press	
157743	tdˤṣ	!t!dˤṣ[	/d-ʕ-ṣ/	vb G prefc. 3 m. du.	to fix, lean, press	
157743	tdˤṣ	!t!dˤṣ[:w	/d-ʕ-ṣ/	vb G prefc. 3 m. pl.	to fix, lean, press	
157743	tdˤṣ	!t===!dˤṣ[	/d-ʕ-ṣ/	vb G prefc. 2 m. pl.	to fix, lean, press	
# KTU 1.4 V:21						
157744	pˤnm	pˤn/m	pʕn	n. f. pl. abs. nom.	1) foot a) tdʕṣ pʕnm she pressed (?) (her) feet (down)	
157745	w	w	w	conj.	and	
157746	tr	!!tr[/	/t-r/	vb G inf.	to scour, travel through, cross	DULAT direct ref
157747	arṣ	arṣ/	ảrṣ	n. f. sg. abs. nom.	1) earth	
# KTU 1.4 V:22						
157748	idk	idk	ỉdk	narrative adv. functor	then	
157749	l	l(I)	l (I)	prep.	to	
157749	l	l(II)	l (II)	adv.	no	
157749	l	l(III)	l (III)	functor	certainly	
157750	ttn	!t!(ytn[:w	/y-t-n/	vb G prefc. 3 m. pl.	to give	
157751	pnm	pn(m/m	pnm	n. m. pl. abs. nom.	face	
# KTU 1.4 V:23						
157752	ˤm	ˤm(I)	ʕm (I)	prep.	to	
157753	bˤl	bˤl(II)/	bʕl (II)	n. m. pl. cstr. gen.	Baʿlu/Baal	
157753	bˤl	bˤl(II)/	bʕl (II)	n. m. sg. cstr. gen.	Baʿlu/Baal	
157754	mrym	mrym/	mrym	n. m. sg. cstr. gen.	height	
157755	ṣpn	ṣpn/	ṣpn	TN/DN sg. abs. gen.	Ṣapānu/Zaphon/the mountain dwelling of bʕl deified	
# KTU 1.4 V:24						
157756	b	b	b	prep.	in	
157757	alp	alp(I)/	ảlp (I)	n. m. sg. cstr. nom.	(head of) cattle	
157757	alp	alp(I)/	ảlp (I)	n. m. sg. abs. nom.	(head of) cattle	
157757	alp	alp(II)/	ảlp (II)	num.	(one, a) thousand	
157758	šd	šd(I)/	šd (I)	n. m. sg. cstr. nom.	open field	
157758	šd	šd(I)/	šd (I)	n. m. sg. abs. nom.	open field	
157758	šd	šd(II)/	šd (II)	n. m. sg. abs. nom.	a strip	
157759	rbt	rb(t/t	rb(b)t	num. sg.	ten thousand	
157760	kmn	kmn(I)/	kmn (I)	n. m. sg. abs. nom.	acre	
# KTU 1.4 V:25						
157761	ṣḥq	ṣḥq[	/ṣ-ḥ-q/	vb G suffc. 3 m. sg.	to laugh	
157761	ṣḥq	!!ṣḥq[/	/ṣ-ḥ-q/	vb G inf.	to laugh	
157762	btlt	btl(t/t	btlt	n. f. sg. cstr. nom.	virgin	
157763	ˤnt	ˤn(t(I)/t	ʕnt (I)	DN f. sg. abs. gen.	ʿAnatu/Anat	
157764	tšu	!t!(nš(ʔ[&u	/n-š-ʔ/	vb G prefc.	to raise, lift, help up	
# KTU 1.4 V:26						
157765	gh	g/+h	g	n. m. sg. cstr. nom.	(loud) voice	
157766	w	w	w	conj.	and	
157767	tṣḥ	!t!ṣḥ[	/ṣ-ḥ/	vb G prefc.	to exclaim	
157768	tbšr	!t!bšr[:pass	/b-š-r/	vb Dpass prefc.	to be brought, hear, receive (good) news	
157769	bˤl	bˤl(II)/	bʕl (II)	n. m. pl. cstr. nom.	Baʿlu/Baal	
157769	bˤl	bˤl(II)/	bʕl (II)	n. m. sg. cstr. nom.	Baʿlu/Baal	
# KTU 1.4 V:27						
157770	bšrtk	bšr(t/t+k	bšrt	n. f. sg. cstr. gen.	news	
157771	yblt	ybl[t===	/y-b-l/	vb G suffc. 3 f. sg.	to carry, bring, take	
157771	yblt	ybl[t=	/y-b-l/	vb G suffc. 2 m. sg.	to carry, bring, take	
157771	yblt	ybl[t==	/y-b-l/	vb G suffc. 2 f. sg.	to carry, bring, take	
157771	yblt	ybl[t	/y-b-l/	vb G suffc. 1 c. sg.	to carry, bring, take	
157772	ytn	!y!(ytn[	/y-t-n/	vb G prefc. 3 m. sg.	to give, hand over, grant, bestow	
157772	ytn	ytn[	/y-t-n/	vb G suffc. 3 m. sg.	to give, hand over, grant, bestow	
# KTU 1.4 V:28						
157773	bt	bt(II)/	bt (II)	n. m. sg. abs. nom.	1) house	DULAT direct ref
157774	lk	l(I)+k	l (I)	prep.	to	
157775	km	km	km	prep./conj./adv.		
157776	aḫk	aḫ(I)/+k	ảḫ (I)	n. m. cstr. gen.	2) in a figurative sense b) neighbour	
157777	w	w	w	conj.	and	
157778	ḥẓr	ḥẓr/	ḥẓr	n. m. sg. abs. nom.	1) mansion	
# KTU 1.4 V:29						
157779	km	km	km	prep./conj./adv.		
157780	aryk	ary(I)/+k	ảry (I)	n. m. sg. cstr. gen.	fellow	
157781	ṣḥ	ṣḥ[	/ṣ-ḥ/	vb G impv. 2	to exclaim, shout	
157782	ḫrn	ḫr(I)/+n	ḫr (I)	n. m. cstr. nom.	cave	
157782	ḫrn	ḫrn/	ḫrn	n. m. abs. nom.	gang	
# KTU 1.4 V:30						
157783	b	b	b	prep.	in	
157784	bhtk	b&ht(II)/+k	bt (II)	n. m. cstr. gen.	house	
157785	ˤḏbt	ˤḏb(t/t	ʕḏbt	n. f. sg. abs. nom.	squad	
157786	b	b	b	prep.	in	
157787	qrb	qrb[	/q-r-b/	vb G suffc. 3 m. sg.	to approach	
157787	qrb	qrb/	qrb	n. m. sg. cstr. nom.	inside	
# KTU 1.4 V:31						
157788	hklk	hkl/+k	hkl	n. m. cstr. nom.	palace	
157789	tblk	!t!(ybl[+k	/y-b-l/	vb G prefc.	to carry	
157790	ġrm	ġr(I)/m	ġr (I)	n. m. pl. cstr. nom.	mountain	
# KTU 1.4 V:32						
157791	mid	mid/	mỉ/ủd	n. m. sg. cstr. gen.	abundance	
157792	ksp	ksp/	ksp	n. m. sg. cstr. gen.	silver	
157793	gbˤm	gbˤ/m	gbʕ	n. m. pl. abs. gen.	hill	
157794	mḥmd	mḥmd/	mḥmd	adj. m. sg. abs. nom.	desired	
# KTU 1.4 V:33						
157795	ḫrṣ	ḫrṣ/	ḫrṣ	n. m. sg. abs. nom.	1) gold a) in general	
157796	w	w	w	conj.	and	
157797	bn	b+n	b	prep.	in	
157797	bn	bn(I)/	bn (I)	n. m. sg. cstr. nom.	son	
157797	bn	bn(I)/	bn (I)	n. m. sg. abs. nom.	son	
157797	bn	bn(II)	bn (II)	prep.	between	
157797	bn	bn[	/b-n/	vb G suffc. 3 m. sg.	to understand	
157797	bn	bn[	/b-n/	vb G impv. 2	to understand	
157798	bht	b&ht(II)/	bt (II)	n. m. pl. cstr. nom.	house	
157799	ksp	ksp/	ksp	n. m. sg. abs. gen.	silver	
# KTU 1.4 V:34						
157800	w	w	w	conj.	and	
157801	ḫrṣ	ḫrṣ/	ḫrṣ	n. m. sg. cstr. nom.	1) gold b) in craftwork	
157802	bht	b&ht(II)/	bt (II)	n. m. pl. abs. gen.	house	
157803	ṭhrm	ṭhr/m	ṭhr	adj. m. pl. abs. nom.	pure	
# KTU 1.4 V:35						
157804	iqnim	iqn(u&i/m	ỉqnủ	n. m. pl. abs. nom.	gem of lapis lazuli	
157805	šmḫ	šmḫ[	/š-m-ḫ/	vb G suffc. 3 m. sg.	to be glad, rejoice	
157805	šmḫ	!!šmḫ[/	/š-m-ḫ/	vb G inf.	to be glad, rejoice	
157806	aliyn	aliyn/	ảlỉyn	adj. m. sg. abs. nom.	The Very / Most Powerful	
# KTU 1.4 V:36						
157807	bˤl	bˤl(II)/	bʕl (II)	DN m. sg. abs. nom.	Baʿlu/Baal	
157808	ṣḥ	ṣḥ[	/ṣ-ḥ/	vb G impv. 2	to exclaim	
157809	ḫrn	ḫrn/	ḫrn	n. m. abs. nom.	gang	DULAT direct ref
157810	b	b	b	prep.	in	
157811	bhth	b&ht(II)/+h	bt (II)	n. m. cstr. gen.	house	
# KTU 1.4 V:37						
157812	ˤḏbt	ˤḏb(t/t	ʕḏbt	n. f. sg. abs. nom.	squad	
157813	b	b	b	prep.	in	
157814	qrb	qrb/	qrb	n. m. sg. cstr. gen.	1) inside	DULAT direct ref
157815	hklh	hkl/+h	hkl	n. m. cstr. gen.	palace	
# KTU 1.4 V:38						
157816	yblnn	!y!(ybl[+nn	/y-b-l/	vb G prefc. 3 m. sg.	to carry	
157817	ġrm	ġr(I)/m	ġr (I)	n. m. pl. cstr. nom.	mountain	
157817	ġrm	ġrm/	ġrm	n. m. sg. cstr. nom.	heap	
157818	mid	mid/	mỉ/ủd	n. m. sg. cstr. gen.	abundance	
157819	ksp	ksp/	ksp	n. m. sg. cstr. gen.	silver	
# KTU 1.4 V:39						
157820	gbˤm	gbˤ/m	gbʕ	n. m. pl. abs. gen.	hill	
157821	lḥmd	lḥmd	lḥmd	vb		
157822	ḫrṣ	ḫrṣ/	ḫrṣ	n. m. sg. abs. nom.	gold	
# KTU 1.4 V:40						
157823	yblnn	!y!(ybl[+nn	/y-b-l/	vb G prefc. 3 m. sg.	to carry	
157824	udr	udr/	ủdr	n. m. sg. cstr. nom.	nobility	
157825	ilqṣm	ilqṣm/	ỉlqṣm	n. m. sg. abs. gen.	gem	
# KTU 1.4 V:41						
157826	ylak	!y!l(ʔ&ak[	/l-ʔ-k/	vb G prefc. 3 m. sg.	to send (a message)	
157827	l	l(I)	l (I)	prep.	to	DULAT direct ref
157828	kṯr	kṯr(III)/	kṯr (III)	DN/element sg. abs. gen.	Koṯaru/Kothar	
157829	w	w	w	conj.	and	
157830	ḫss	ḫss/	ḫss	DN/element sg. abs. nom.	Ḫasisu/Khasis	
# KTU 1.4 V:42						
157831	w	w	w	conj.	and	
157832	ṯb	ṯb[	/ṯ-b/	vb G suffc. 3 m. sg.	to return, turn round, go back, make one’s way, go through	
157832	ṯb	ṯb[	/ṯ-b/	vb G impv. 2	to return, turn round, go back, make one’s way, go through	
157833	l	l(I)	l (I)	prep.	to	DULAT direct ref
157834	mspr	mspr/	mspr	n. m. sg. abs. gen.	recitation	
157835	k	k(III)	k (III)	Subordinating or completive functor	when	DULAT direct ref
157836	tlakn	!t!l(ʔ&ak[+n	/l-ʔ-k/	vb G prefc.	to send (a message)	
# KTU 1.4 V:43						
157837	ġlmm	ġlm/+m(I)	ġlm	n. m. cstr. nom.	1) boy	
# KTU 1.4 V:44						
157838	aḫr	aḫr	ảḫr	adv./prep./conj.	3) after	
157839	mġy	mġy[	/m-ġ-y/	vb G suffc. 3 m. sg.	to come	
157839	mġy	!!mġy[/	/m-ġ-y/	vb G inf.	to come	
157840	kṯr	kṯr(III)/	kṯr (III)	DN/element sg. abs. nom.	Koṯaru/Kothar	
157841	w	w	w	conj.	and	
157842	ḫss	ḫss/	ḫss	DN/element sg. abs. nom.	Ḫasisu/Khasis	
# KTU 1.4 V:45						
157843	št	št[	/š-t/	vb G suffc. 3 m. sg.	to place	
157843	št	št[	/š-t/	vb G impv. 2	to place	
157843	št	št[:pass	/š-t/	vb Gpass suffc.	to be placed, set	
157843	št	š(t(II)/t	št (II)	n. f. sg. cstr. nom.	raíz	
157844	alp	alp(I)/	ảlp (I)	n. m. sg. cstr. nom.	1) (head of) cattle c) for slaughter ( ṭbḫ )	DULAT direct ref
157844	alp	alp(I)/	ảlp (I)	n. m. sg. abs. nom.	1) (head of) cattle c) for slaughter ( ṭbḫ )	DULAT direct ref
157845	qdmh	qdm(II)+h	qdm (II)	prep.	in front of	
157846	mra	mr(u(I)&a/	mrủ (I)	adj. m. sg. abs. nom.	2) fatling	
# KTU 1.4 V:46						
157847	w	w	w	conj.	and	
157848	tk	tk/	tk	n. m. cstr. nom.	centre	
157849	pnh	pn(m&/+h	pnm	n. m. pl. cstr. gen.	face	
157850	tˤdb	?	?	?	?	DULAT: NOT FOUND
157851	ksu	?	?	?	?	DULAT: NOT FOUND
# KTU 1.4 V:47						
157852	w	w	w	conj.	and	
157853	yṯṯb	!y!](š&ṯ]ṯb[	/ṯ-b/	vb Š prefc. 3 m. sg.	to send (word)	
157854	l	l(I)	l (I)	prep.	to	DULAT direct ref
157855	ymn	ymn(I)/	ymn (I)	n. m. sg. abs. gen.	1) right (side)	
157856	aliyn	aliyn/	ảlỉyn	adj. m. sg. abs. nom.	The Very / Most Powerful	
# KTU 1.4 V:48						
157857	bˤl	bˤl(II)/	bʕl (II)	DN m. sg. cstr. nom.	Baʿlu/Baal	
157858	ˤd	ˤd(III)/	ʕd (III)	n. m. sg. abs. gen.	throne	
157858	ˤd	ˤd(II)/	ʕd (II)	n. m. sg. abs. gen.	time	
157859	lḥm	lḥm[:w	/l-ḥ-m/ (I)	vb G suffc. 3 m. pl.	to eat	
157860	šty	šty[	/š-t-y/	vb G suffc. 3 m. sg.	to drink	
157860	šty	šty[	/š-t-y/	vb G impv. 2	to drink	
157860	šty	!!šty[/	/š-t-y/	vb G inf.	to drink	
157861	ilm	il(I)/m	ỉl (I)	n. m. pl. abs. nom.	god	
# KTU 1.4 V:49						
157862	w	w	w	conj.	and	
157863	yˤn	!y!ˤn(y(I)[	/ʕ-n-y/ (I)	vb G prefc. 3 m. sg.	to answer	
157863	yˤn	!y!ˤn[	/ʕ-n/	vb G prefc. 3 m. sg.	to see	
157863	yˤn	!y!ˤn[:pass	/ʕ-n/	vb Dpass prefc. 3 m. sg.	to see	
157863	yˤn	!y!ˤn(w[	/ʕ-n-w/	vb G prefc. 3 m. sg.	to be / remain depressed, humbled	
157863	yˤn	!y!ˤn(w[:pass	/ʕ-n-w/	vb Dpass prefc. 3 m. sg.	to humiliate	
157864	aliyn	aliyn/	ảlỉyn	adj. m. sg. abs. nom.	The Very / Most Powerful	
157865	bˤl	bˤl(II)/	bʕl (II)	DN m. sg. abs. nom.	Baʿlu/Baal	
# KTU 1.4 V:50						
157866	hl	hl	hl	deictic adv. functor	behold	
157867	tbˤ	tbˤ[	/t-b-ʕ/	vb G suffc. 3 m. sg.	to go, leave, depart	
157868	kṯr	kṯr(III)/	kṯr (III)	DN/element sg. abs. nom.	Koṯaru/Kothar	
157869	w	w	w	conj.	and	
157870	ḫss	ḫss/	ḫss	DN/element sg. abs. nom.	Ḫasisu/Khasis	
# KTU 1.4 V:51						
157871	ḥš	ḥš(I)[	/ḥ-š/ (I)	vb G impv. 2	to hurry	
157871	ḥš	!!ḥš(I)[/	/ḥ-š/ (I)	vb G inf.	to hurry	
157872	bhtm	bht(II)/m	bt (II)	n. m. pl. abs. nom.	house	
157873	tbnn	!t!bn(y[n	/b-n-y/	vb G prefc.	to build	
# KTU 1.4 V:52						
157874	ḥš	ḥš(I)[	/ḥ-š/ (I)	vb G impv. 2	1) to hurry	
157874	ḥš	!!ḥš(I)[/	/ḥ-š/ (I)	vb G inf.	1) to hurry	
157875	rmm	rmm[:l	/r-m/	vb L impv. 2	to erect, raise	DULAT direct ref
157876	hklm	hkl/+m(I)	hkl	n. m. cstr. nom.	palace	
# KTU 1.4 V:53						
157877	ḥš	ḥš(I)[	/ḥ-š/ (I)	vb G impv. 2	to hurry	
157877	ḥš	!!ḥš(I)[/	/ḥ-š/ (I)	vb G inf.	to hurry	
157878	bhtm	bht(II)/m	bt (II)	n. m. pl. abs. nom.	2) palace	
157879	tbnn	!t!bn(y[n	/b-n-y/	vb G prefc.	to build	
# KTU 1.4 V:54						
157880	ḥš	ḥš(I)[	/ḥ-š/ (I)	vb G impv. 2	to hurry	
157880	ḥš	!!ḥš(I)[/	/ḥ-š/ (I)	vb G inf.	to hurry	
157881	trmmn	!t!rmm[n:l	/r-m/	vb L prefc.	to erect	
157882	ht	ht	ht	adv.	here	
# KTU 1.4 V:55						
157883	b	b	b	prep.	in	
157884	tk	tk/	tk	n. m. cstr. gen.	1) in	
157885	ṣrrt	ṣrr(t/t	ṣrrt	n. f. sg. cstr. gen.	height(s)	
157886	ṣpn	ṣpn/	ṣpn	TN/DN sg. abs. gen.	Ṣapānu/Zaphon/the mountain dwelling of bʕl deified	
# KTU 1.4 V:56						
157887	alp	alp(II)/	ảlp (II)	num.	(one, a) thousand	
157888	šd	šd(II)/	šd (II)	n. m. sg. abs. nom.	1) a strip b) in lit. texts	DULAT direct ref
157889	aḫd	(ʔ&aḫd[	/ʔ-ḫ-d(/ḏ)/	vb G suffc. 3 m. sg.	to collect, to take (back), grasp, seize, hold	
157890	bt	bt(II)/	bt (II)	n. m. sg. abs. nom.	2) palace	DULAT direct ref
# KTU 1.4 V:57						
157891	rbt	rb(t/t	rb(b)t	num. sg.	ten thousand	
157892	kmn	kmn(I)/	kmn (I)	n. m. sg. cstr. nom.	acre	
157893	hkl	hkl/	hkl	n. m. sg. abs. gen.	palace	
# KTU 1.4 V:58						
157894	w	w	w	conj.	and	
157895	yˤn	!y!ˤn(y(I)[	/ʕ-n-y/ (I)	vb G prefc. 3 m. sg.	to answer	
157895	yˤn	!y!ˤn[	/ʕ-n/	vb G prefc. 3 m. sg.	to see	
157895	yˤn	!y!ˤn[:pass	/ʕ-n/	vb Dpass prefc. 3 m. sg.	to see	
157895	yˤn	!y!ˤn(w[	/ʕ-n-w/	vb G prefc. 3 m. sg.	to be / remain depressed, humbled	
157895	yˤn	!y!ˤn(w[:pass	/ʕ-n-w/	vb Dpass prefc. 3 m. sg.	to humiliate	
157896	kṯr	kṯr(III)/	kṯr (III)	DN/element sg. abs. nom.	Koṯaru/Kothar	
157897	w	w	w	conj.	and	
157898	ḫss	ḫss/	ḫss	DN/element sg. abs. nom.	Ḫasisu/Khasis	
# KTU 1.4 V:59						
157899	šmˤ	šmˤ[	/š-m-ʕ/	vb G impv. 2	to hear, listen (to), notice	DULAT direct ref
157899	šmˤ	!!šmˤ[/	/š-m-ʕ/	vb G inf.	to hear, listen (to), notice	DULAT direct ref
157900	l	l(IV)	l (IV)	interj.	oh!	
157901	aliyn	aliyn/	ảlỉyn	adj. m. sg. abs. nom.	The Very / Most Powerful	
157902	bˤl	bˤl(II)/	bʕl (II)	DN m. sg. abs. nom.	Baʿlu/Baal	
# KTU 1.4 V:60						
157903	bn	bn[	/b-n/	vb G suffc. 3 m. sg.	to understand	DULAT direct ref
157903	bn	bn[	/b-n/	vb G impv. 2	to understand	DULAT direct ref
157904	l	l(I)	l (I)	prep.	to	
157905	rkb	rkb(I)/	rkb (I)	n. m. sg. cstr. gen.	Charioteer	
157906	ˤrpt	ˤrp(t/t	ʕrpt	n. f. sg. abs. gen.	cloud(s)	
157906	ˤrpt	ˤrp(t/t=	ʕrpt	n. f. pl. abs. gen.	cloud(s)	
# KTU 1.4 V:61						
157907	bl	bl(I)	bl (I)	adv. or emph. functor	no	DULAT direct ref
157908	ašt	!(ʔ&a!št[	/š-t/	vb G prefc. 1 c. sg.	to place, set, set up, leave	
157909	urbt	urb(t/t	ủrbt	n. f. sg. abs. nom.	window	
157910	b	b	b	prep.	in	
157911	bhtm	bht(II)/m	bt (II)	n. m. pl. cstr. gen.	2) palace	
# KTU 1.4 V:62						
157912	ḥln	ḥln/	ḥln	n. m. sg. abs. gen.	window	
157913	b	b	b	prep.	in	
157914	qrb	qrb[	/q-r-b/	vb G suffc. 3 m. sg.	to approach	
157914	qrb	qrb/	qrb	n. m. sg. cstr. nom.	inside	
157915	hklm	hkl/+m(I)	hkl	n. m. cstr. nom.	palace	
# KTU 1.4 V:63						
157916	w	w	w	conj.	and	
157917	yˤn	!y!ˤn(y(I)[	/ʕ-n-y/ (I)	vb G prefc. 3 m. sg.	1) to answer	DULAT direct ref
157918	aliyn	aliyn/	ảlỉyn	adj. m. sg. abs. nom.	The Very / Most Powerful	
157919	bˤl	bˤl(II)/	bʕl (II)	DN m. sg. abs. nom.	Baʿlu/Baal	
# KTU 1.4 V:64						
157920	al	al(I)	ảl (I)	neg. functor	no	DULAT direct ref
157921	tšt	!t!št[	/š-t/	vb G prefc.	to place, set, set up, leave	
157922	urbt	urb(t/t	ủrbt	n. f. sg. abs. nom.	1) skylight	
157923	b	b	b	prep.	in	
157924	bhtm	bht(II)/m	bt (II)	n. m. pl. cstr. gen.	house	
# KTU 1.4 V:65						
157925	ḥln	ḥln/	ḥln	n. m. sg. abs. gen.	window	
157926	b	b	b	prep.	in	
157927	qrb	qrb[	/q-r-b/	vb G suffc. 3 m. sg.	to approach	
157927	qrb	qrb/	qrb	n. m. sg. cstr. nom.	inside	
157928	hklm	hkl/+m(I)	hkl	n. m. cstr. nom.	palace	
# KTU 1.4 VI:1						
157929	w	w	w	conj.	and	
157930	yˤn	!y!ˤn(y(I)[	/ʕ-n-y/ (I)	vb G prefc. 3 m. sg.	to answer	
157930	yˤn	!y!ˤn[	/ʕ-n/	vb G prefc. 3 m. sg.	to see	
157930	yˤn	!y!ˤn[:pass	/ʕ-n/	vb Dpass prefc. 3 m. sg.	to see	
157930	yˤn	!y!ˤn(w[	/ʕ-n-w/	vb G prefc. 3 m. sg.	to be / remain depressed, humbled	
157930	yˤn	!y!ˤn(w[:pass	/ʕ-n-w/	vb Dpass prefc. 3 m. sg.	to humiliate	
157931	kṯr	kṯr(III)/	kṯr (III)	DN/element sg. abs. nom.	Koṯaru/Kothar	
157932	w	w	w	conj.	and	
157933	ḫss	ḫss/	ḫss	DN/element sg. abs. nom.	Ḫasisu/Khasis	
# KTU 1.4 VI:2						
157934	tṯb	!t!ṯb[	/ṯ-b/	vb G prefc.	to return	
157934	tṯb	&tṯb[	/ṯ-b/	vb G suffc. 3 m. sg.	to return	
157934	tṯb	tṯb/	tṯb	DN sg. abs. nom.	Teṯo/Hurrian storm god	
157935	bˤl	bˤl(II)/	bʕl (II)	n. m. pl. cstr. nom.	Baʿlu/Baal	
157935	bˤl	bˤl(II)/	bʕl (II)	n. m. sg. abs. nom.	Baʿlu/Baal	
157936	l	l(I)	l (I)	prep.	to	
157937	hwty	hw(t(I)/t+y	hwt (I)	n. f. sg. cstr. gen.	word	
# KTU 1.4 VI:3						
157938	ṯn	ṯn(I)/	ṯn (I)	num.	two	
157938	ṯn	ṯn(II)/	ṯn (II)	num./adj. sg.	second	
157938	ṯn	ṯn(III)/	ṯn (III)	n. m. sg. abs. nom.	crimson (cloth, wool, purple)	
157939	rgm	rgm/	rgm	n. m. sg. cstr. nom.	1) word	DULAT direct ref
157940	kṯr	kṯr(III)/	kṯr (III)	DN/element sg. abs. gen.	Koṯaru/Kothar	
157941	w	w	w	conj.	and	
157942	ḫss	ḫss/	ḫss	DN/element sg. abs. nom.	Ḫasisu/Khasis	
# KTU 1.4 VI:4						
157943	smˤ	?	?	?	?	DULAT: NOT FOUND
157944	mˤ	mˤ(II)	mʕ (II)	adv.	as one	
157945	l	l(I)	l (I)	prep.	to	
157946	aliyn	aliyn/	ảlỉyn	adj. m. sg. abs. gen.	The Very / Most Powerful	
157947	bˤl	bˤl(II)/	bʕl (II)	DN m. sg. abs. gen.	Baʿlu/Baal	
# KTU 1.4 VI:5						
157948	bl	bl(I)	bl (I)	adv. or emph. functor	no	
157948	bl	bl(II)	bl (II)	prep.	without	
157948	bl	bl(III)/	bl (III)	n. m. sg. abs. nom.	blended beer	
157949	ašt	!(ʔ&a!št[	/š-t/	vb G prefc. 1 c. sg.	to place	
157950	urbt	urb(t/t	ủrbt	n. f. sg. abs. nom.	window	
157951	b	b	b	prep.	in	
157952	bhtm	bht(II)/m	bt (II)	n. m. pl. cstr. gen.	house	
# KTU 1.4 VI:6						
157953	ḥln	ḥln/	ḥln	n. m. sg. abs. gen.	window	
157954	b	b	b	prep.	in	
157955	qrb	qrb[	/q-r-b/	vb G suffc. 3 m. sg.	to approach	
157955	qrb	qrb/	qrb	n. m. sg. cstr. nom.	inside	
157956	hklm	hkl/+m(I)	hkl	n. m. cstr. nom.	palace	
# KTU 1.4 VI:7						
157957	w	w	w	conj.	and	
157958	ˤn	ˤn(I)/	ʕn (I)	n. f. du. cstr. nom.	eye	
157958	ˤn	ˤn(I)/	ʕn (I)	n. f. sg. cstr. nom.	eye	
157958	ˤn	ˤn(I)/	ʕn (I)	n. f. sg. abs. nom.	eye	
157958	ˤn	ˤn[	/ʕ-n/	vb G impv. 2	to see	
157958	ˤn	ˤn(II)/	ʕn (II)	n. f. sg. abs. nom.	furrow	
157959	aliyn	aliyn/	ảlỉyn	adj. m. sg. abs. nom.	The Very / Most Powerful	
157960	bˤl	bˤl(II)/	bʕl (II)	DN m. sg. abs. nom.	Baʿlu/Baal	
# KTU 1.4 VI:8						
157961	al	al(I)	ảl (I)	neg. functor	no	
157961	al	al(II)	ảl (II)	pos. functor	surely	
157962	tšt	!t!št[	/š-t/	vb G prefc.	to place	
157962	tšt	!t!št(y[	/š-t-y/	vb G prefc. 3 f. sg.	to drink	
157962	tšt	!t=!št(y[	/š-t-y/	vb G prefc. 2 m. sg.	to drink	
157962	tšt	!t==!št(y[	/š-t-y/	vb G prefc. 2 f. sg.	to drink	
157962	tšt	!t!št(y[	/š-t-y/	vb G prefc. 3 m. du.	to drink	
157962	tšt	!t!št(y[:w	/š-t-y/	vb G prefc. 3 m. pl.	to drink	
157962	tšt	!t===!št(y[	/š-t-y/	vb G prefc. 2 m. pl.	to drink	
157963	urbt	urb(t/t	ủrbt	n. f. sg. abs. nom.	window	
157964	b	b	b	prep.	in	
157965	bhtm	bht(II)/m	bt (II)	n. m. pl. cstr. gen.	house	
# KTU 1.4 VI:9						
157966	ḥln	ḥln/	ḥln	n. m. sg. abs. gen.	window	
157967	b	b	b	prep.	in	
157968	qrb	qrb[	/q-r-b/	vb G suffc. 3 m. sg.	to approach	
157968	qrb	qrb/	qrb	n. m. sg. cstr. nom.	inside	
157969	hklm	hkl/+m(I)	hkl	n. m. cstr. nom.	palace	
# KTU 1.4 VI:10						
157970	al	al(I)	ảl (I)	neg. functor	no	DULAT direct ref
157971	tdd	!t!(ndd[	/n-d-d/	vb G prefc.	to go, move	
157972	pdry	pdry/	pdry	DN sg. cstr. nom.	Pidray	
157973	bt	b(t(I)/t	bt (I)	n. f. sg. cstr. gen.	daughter	
157974	ar	ar/	ả/ỉr	n. m. sg. abs. gen.	light	
# KTU 1.4 VI:11						
157975	thṭxx	?	?	?	?	DULAT: NOT FOUND
157976	ṭly	ṭly/	ṭly	DN sg. cstr. nom.	Tallay	
157977	bt	b(t(I)/t	bt (I)	n. f. sg. abs. gen.	daughter	
157978	rb	rb(II)/	rb (II)	n. m. sg. abs. nom.	chief	
157978	rb	rb(II)/	rb (II)	n. m. sg. cstr. nom.	chief	
157978	rb	rb(I)/	rb (I)	adj. m. sg. abs. nom.	great	
157978	rb	rb/	rb(b)	n. m. sg. abs. nom.	drizzle	
# KTU 1.4 VI:12						
157979	xxxxxxx	?	?	?	?	
157980	mdd	mdd(I)/	mdd (I)	n. m. sg. cstr. nom.	beloved	
157981	il	il(I)/	ỉl (I)	DN m. sg. cstr. gen.	ʾIlu/Ilu/El	
157981	il	il(I)/	ỉl (I)	n. m. sg. cstr. gen.	god	
157982	ym	ym(II)/	ym (II)	n. m. sg. abs. gen.	2) DN	DULAT direct ref
# KTU 1.4 VI:13						
157983	xxxxx	?	?	?	?	
157984	qlṣn	!!qlṣ[/+n	/q-l-ṣ/	vb G inf.	to resist, stand up to, oppose	
157984	qlṣn	!!qlṣ[/+n	/q-l-ṣ/	vb D inf.	to resist, stand up to, oppose	
157985	wpṯm	!!wpṯ[/~m	/w-p-ṯ/	vb D inf.	to spit	
# KTU 1.4 VI:14						
157986	xxxxx	?	?	?	?	
157987	w	w	w	conj.	and	
157988	yˤn	!y!ˤn(y(I)[	/ʕ-n-y/ (I)	vb G prefc. 3 m. sg.	to answer	
157988	yˤn	!y!ˤn[	/ʕ-n/	vb G prefc. 3 m. sg.	to see	
157988	yˤn	!y!ˤn[:pass	/ʕ-n/	vb Dpass prefc. 3 m. sg.	to see	
157988	yˤn	!y!ˤn(w[	/ʕ-n-w/	vb G prefc. 3 m. sg.	to be / remain depressed, humbled	
157988	yˤn	!y!ˤn(w[:pass	/ʕ-n-w/	vb Dpass prefc. 3 m. sg.	to humiliate	
157989	kṯr	kṯr(III)/	kṯr (III)	DN/element sg. abs. nom.	Koṯaru/Kothar	
# KTU 1.4 VI:15						
157990	w	w	w	conj.	and	
157991	ḫsstṯb	?	?	?	?	DULAT: NOT FOUND
157992	bˤl	bˤl(II)/	bʕl (II)	n. m. pl. cstr. nom.	Baʿlu/Baal	
157992	bˤl	bˤl(II)/	bʕl (II)	n. m. sg. abs. nom.	Baʿlu/Baal	
157993	l	l(I)	l (I)	prep.	to	DULAT direct ref
157994	hwty	hw(t(I)/t+y	hwt (I)	n. f. sg. cstr. gen.	word	
# KTU 1.4 VI:16						
157995	ilm	il(I)/m	ỉl (I)	n. m. pl. abs. nom.	god	
157996	bhth	b&ht(II)/+h	bt (II)	n. m. cstr. nom.	house	
157997	tbnn	!t!bn(y[n	/b-n-y/	vb G prefc.	to build	
# KTU 1.4 VI:17						
157998	xxx	?	?	?	?	
157999	trmm	!t!rmm[:l	/r-m/	vb L prefc.	to erect	
158000	hklh	hkl/+h	hkl	n. m. cstr. nom.	palace	
# KTU 1.4 VI:18						
158001	ytlk	!y!(h]t]lk[	/h-l-k/	vb Gt prefc. 3 m. sg.	to scour	
158002	l	l(I)	l (I)	prep.	to	DULAT direct ref
158003	lbnn	lbnn(I)/	lbnn (I)	TN sg. abs. gen.	Lebanon	DULAT direct ref
158004	w	w	w	conj.	and	
158005	ˤṣh	ˤṣ/+h	ʕṣ	n. m. cstr. nom.	1) tree	
# KTU 1.4 VI:19						
158006	l	l(I)	l (I)	prep.	to	
158007	šryn	šryn/	šryn	TN sg. abs. gen.	šryn	
158008	mḥmd	mḥmd/	mḥmd	adj. m. sg. abs. nom.	desired	
158009	arzh	arz(I)/+h	ảrz (I)	n. m. cstr. nom.	1) a conifer	
# KTU 1.4 VI:20						
158010	hn	hn	hn	functor	1) as a deictic functor	
158011	lbnn	lb/+nn	lb	n. m. cstr. nom.	heart	
158011	lbnn	lbnn(I)/	lbnn (I)	TN sg. abs. nom.	Lebanon	
158011	lbnn	lbnn(II)	lbnn (II)	element		
158012	w	w	w	conj.	and	
158013	ˤṣh	ˤṣ/+h	ʕṣ	n. m. cstr. nom.	tree	
# KTU 1.4 VI:21						
158014	šryn	šryn/	šryn	TN sg. abs. nom.	šryn	
158015	mḥmd	mḥmd/	mḥmd	adj. m. sg. abs. nom.	desired	
158016	arzh	arz(I)/+h	ảrz (I)	n. m. cstr. nom.	cedar	
# KTU 1.4 VI:22						
158017	tšt	!t!št[	/š-t/	vb G prefc.	to place, set, set up, leave	
158018	išt	iš(t/t	ỉšt	n. f. sg. abs. nom.	1) fire	
158019	b	b	b	prep.	in	
158020	bhtm	bht(II)/m	bt (II)	n. m. pl. cstr. gen.	2) palace	
# KTU 1.4 VI:23						
158021	nblat	?	?	?	?	DULAT candidates (no reconstructable encoding): nblủ - flame
158022	b	b	b	prep.	in	
158023	hklm	hkl/+m(I)	hkl	n. m. cstr. gen.	palace	
# KTU 1.4 VI:24						
158024	hn	hn	hn	functor	1) as a deictic functor	
158025	ym	ym(I)/	ym (I)	n. m. sg. cstr. nom.	1) day b) as a period in time	DULAT direct ref
158025	ym	ym(I)/	ym (I)	n. m. sg. abs. nom.	1) day b) as a period in time	DULAT direct ref
158026	w	w	w	conj.	and	
158027	ṯn	ṯn(II)/	ṯn (II)	num./adj. sg.	1) second	DULAT direct ref
158028	tikl	!t!(ʔ&ikl[	/ʔ-k-l/	vb G prefc.	to eat	
# KTU 1.4 VI:25						
158029	išt	iš(t/t	ỉšt	n. f. sg. abs. nom.	1) fire	
158030	b	b	b	prep.	1) spatial location a) place in which something occurs	
158031	bhtm	bht(II)/m	bt (II)	n. m. pl. cstr. gen.	2) palace	
158032	nblat	?	?	?	?	DULAT candidates (no reconstructable encoding): nblủ - flame
# KTU 1.4 VI:26						
158033	b	b	b	prep.	in	
158034	hklm	hkl/+m(I)	hkl	n. m. cstr. gen.	palace	
158035	ṯlṯ	ṯlṯ(I)/	ṯlṯ (I)	num.	three	
158035	ṯlṯ	ṯlṯ(V)/	ṯlṯ (V)	n. m. sg. abs. nom.	copper	
158035	ṯlṯ	ṯlṯ(II)/	ṯlṯ (II)	adj. m. sg. abs. nom.	third	
158036	kbˤ	?	?	?	?	DULAT: NOT FOUND
158037	ym	ym(I)/	ym (I)	n. m. sg. cstr. nom.	day	
158037	ym	ym(I)/	ym (I)	n. m. sg. abs. nom.	day	
158037	ym	ym(II)/	ym (II)	n. m. sg. abs. nom.	sea	
# KTU 1.4 VI:27						
158038	tikl	!t!(ʔ&ikl[	/ʔ-k-l/	vb G prefc.	to eat	
158039	išt	iš(t/t	ỉšt	n. f. sg. abs. nom.	fire	
158040	b	b	b	prep.	in	
158041	bhtm	bht(II)/m	bt (II)	n. m. pl. cstr. gen.	house	
# KTU 1.4 VI:28						
158042	nblat	?	?	?	?	DULAT candidates (no reconstructable encoding): nblủ - flame
158043	b	b	b	prep.	in	
158044	hklm	hkl/+m(I)	hkl	n. m. cstr. gen.	palace	
# KTU 1.4 VI:29						
158045	ḫmš	ḫmš(I)/	ḫmš (I)	num.	five	
158046	ṯdṯ	ṯdṯ/	ṯdṯ	adj. sg. abs. nom.	sixth	
158047	ym	ym(I)/	ym (I)	n. m. sg. cstr. nom.	day	
158047	ym	ym(I)/	ym (I)	n. m. sg. abs. nom.	day	
158047	ym	ym(II)/	ym (II)	n. m. sg. abs. nom.	sea	
158048	tikl	!t!(ʔ&ikl[	/ʔ-k-l/	vb G prefc.	to eat	
# KTU 1.4 VI:30						
158049	išt	iš(t/t	ỉšt	n. f. sg. abs. nom.	fire	
158050	b	b	b	prep.	in	
158051	bhtm	bht(II)/m	bt (II)	n. m. pl. cstr. gen.	house	
158052	nblat	?	?	?	?	DULAT candidates (no reconstructable encoding): nblủ - flame
# KTU 1.4 VI:31						
158053	b	b	b	prep.	in	
158054	qrb	qrb[	/q-r-b/	vb G suffc. 3 m. sg.	to approach	
158054	qrb	qrb/	qrb	n. m. sg. cstr. nom.	inside	
158055	hklm	hkl/+m(I)	hkl	n. m. cstr. nom.	palace	
158056	mk	mk(II)	mk (II)	deictic functor	behold!	
158056	mk	mk(I)/	mk (I)	n. m. sg. abs. nom.	large puddle	
# KTU 1.4 VI:32						
158057	b	b	b	prep.	in	
158058	šbˤ	šbˤ(II)/	šbʕ (II)	num.	seventh	DULAT direct ref
158059	ymm	ym(I)/m	ym (I)	n. m. pl. abs. nom.	1) day a) as a date	DULAT direct ref
158060	td	!t!(nd[	/n-d(-y)/	vb G prefc.	to throw	
158061	išt	iš(t/t	ỉšt	n. f. sg. abs. nom.	1) fire	
# KTU 1.4 VI:33						
158062	b	b	b	prep.	in	
158063	bhtm	bht(II)/m	bt (II)	n. m. pl. cstr. gen.	house	
158064	nblat	?	?	?	?	DULAT candidates (no reconstructable encoding): nblủ - flame
158065	b	b	b	prep.	in	
158066	hklm	hkl/+m(I)	hkl	n. m. cstr. gen.	palace	
# KTU 1.4 VI:34						
158067	sb	?	?	?	?	DULAT candidates (no reconstructable encoding): /s:ś-b-b/ - to turn round, go round and round, go through
158068	ksp	ksp/	ksp	n. m. sg. abs. nom.	1) silver c) treatment	
158069	l	l(I)	l (I)	prep.	to	DULAT direct ref
158070	rqm	rq(I)/m	rq (I)	n. m. pl. cstr. gen.	sheet	
158071	ḫrṣ	ḫrṣ/	ḫrṣ	n. m. sg. abs. gen.	1) gold a) in general	
# KTU 1.4 VI:35						
158072	nsb	]n]sb(b[	/s:ś-b-b/	vb N suffc. 3 m. sg.	to be changed into	
158073	l	l(I)	l (I)	prep.	to	
158074	lbnt	lbn(t/t	lbnt	n. f. sg. abs. gen.	brick	DULAT direct ref
158074	lbnt	lbn(t/t=	lbnt	n. f. pl. abs. gen.	brick	DULAT direct ref
158075	šmḫ	šmḫ[	/š-m-ḫ/	vb G suffc. 3 m. sg.	to be glad	
158075	šmḫ	!!šmḫ[/	/š-m-ḫ/	vb G inf.	to be glad	
# KTU 1.4 VI:36						
158076	aliyn	aliyn/	ảlỉyn	adj. m. sg. abs. nom.	The Very / Most Powerful	
158077	bˤl	bˤl(II)/	bʕl (II)	DN m. sg. cstr. nom.	Baʿlu/Baal	
158078	bhty	b&ht(II)/+y	bt (II)	n. m. cstr. gen.	2) palace	
158079	bnt	bn(t(I)/t	bnt (I)	n. f. sg. abs. nom.	masonry	DULAT direct ref
# KTU 1.4 VI:37						
158080	dt	d+t	d	det. or rel. functor	1) the one(s) of a) det. of quality	
158081	ksp	ksp/	ksp	n. m. sg. cstr. nom.	1) silver b) items made of silver	
158082	hkly	hkl/+y	hkl	n. m. cstr. gen.	palace	
158083	dtm	d&tm	d	det. or rel. functor	1) the one(s) of a) det. of quality	
# KTU 1.4 VI:38						
158084	ḫrṣ	ḫrṣ/	ḫrṣ	n. m. sg. cstr. nom.	1) gold b) in craftwork	
158085	ˤdbt	ˤdb(t/t	ʕdbt	n. f. sg. cstr. gen.	layout	DULAT direct ref
158086	bhth	b&ht(II)/+h	bt (II)	n. m. cstr. gen.	2) palace	
158087	bˤl	bˤl(II)/	bʕl (II)	n. m. pl. cstr. nom.	Baʿlu/Baal	
158087	bˤl	bˤl(II)/	bʕl (II)	n. m. sg. abs. nom.	Baʿlu/Baal	
# KTU 1.4 VI:39						
158088	yˤdb	!y!ˤdb[	/ʕ-d-b/	vb G prefc. 3 m. sg.	to leave > to put in > to place	
158089	hd	hd/	hd(d)	DN sg. abs. nom.	Haddu/Hadad	
158090	ˤdb	ˤdb[	/ʕ-d-b/	vb G suffc. 3 m. sg.	to leave > to put in > to place	
158090	ˤdb	ˤdb[	/ʕ-d-b/	vb G impv. 2	to leave > to put in > to place	
158090	ˤdb	!!ˤdb[/	/ʕ-d-b/	vb G inf.	to leave > to put in > to place	
158090	ˤdb	ˤdb[/	/ʕ-d-b/	vb G act. ptcpl. m. sg. abs. nom.	to leave > to put in > to place	
158091	ˤdbt	ˤdb[t	/ʕ-d-b/	vb G suffc. 1 c. sg.	to leave > to put in > to place	
# KTU 1.4 VI:40						
158092	hklh	hkl/+h	hkl	n. m. cstr. nom.	palace	
158093	ṭbḫ	ṭbḫ[	/ṭ-b-ḫ/	vb G suffc. 3 m. sg.	to sacrifice	
158093	ṭbḫ	ṭbḫ[	/ṭ-b-ḫ/	vb G impv. 2	to sacrifice	
158094	alpm	alp(I)/m	ảlp (I)	n. m. pl. abs. nom.	(head of) cattle	
158094	alpm	alp(II)&m/	ảlp (II)	num. pl. / num. du.	(one, a) thousand	
158095	ap	ap(I)	ảp (I)	adv./conj.	also	
158095	ap	ap(II)/	ảp (II)	n. m. sg. abs. nom.	nose	
# KTU 1.4 VI:41						
158096	ṣin	ṣin(I)/	ṣỉn (I)	n. f. sg. cstr. nom.	ewe	
158097	šql	šql/	šql	TN sg. cstr. gen.	šql	
158098	ṯrm	ṯr(I)/m	ṯr (I)	n. m. pl. abs. gen.	1) bull	DULAT direct ref
158099	w	w	w	conj.	and	
158100	m	m	m(h)	pers. pn.	what?	
# KTU 1.4 VI:42						
158101	ria	?	?	?	?	DULAT: NOT FOUND
158102	il	il(I)/	ỉl (I)	DN m. sg. cstr. nom.	ʾIlu/Ilu/El	DULAT direct ref
158102	il	il(I)/	ỉl (I)	n. m. sg. cstr. nom.	2) DN d) El’s possessions or property (often to be understood as in 1. g)	DULAT direct ref
158103	ˤglm	ˤgl(I)/+m(I)	ʕgl (I)	n. m. cstr. gen.	calf	
158104	dt	d+t	d	det. or rel. functor	the one(s) of	
# KTU 1.4 VI:43						
158105	šnt	šn(t(I)/t	šnt (I)	n. f. sg. cstr. nom.	year	
158105	šnt	šn(t(II)/t	šnt (II)	n. f. sg. cstr. nom.	sleep	
158106	imr	imr(I)/	ỉmr (I)	n. m. sg. cstr. gen.	lamb	
158107	qmṣ	qmṣ(I)/	qmṣ (I)	n. m. sg. cstr. gen.	heap	
158108	llim	ll(u&i/m	llủ	n. m. pl. abs. gen.	suckling (lamb or kid)	
# KTU 1.4 VI:44						
158109	ṣḥ	ṣḥ[	/ṣ-ḥ/	vb G impv. 2	to exclaim, shout	
158110	aḫh	aḫ(I)/+h	ảḫ (I)	n. m. cstr. nom.	2) in a figurative sense b) neighbour	
158111	b	b	b	prep.	1) spatial location c) goal of movement or action	
158112	bhth	b&ht(II)/+h	bt (II)	n. m. cstr. gen.	2) palace	
158113	aryh	ary(I)/+h	ảry (I)	n. m. sg. cstr. nom.	fellow	
# KTU 1.4 VI:45						
158114	b	b	b	prep.	in	
158115	qrb	qrb[	/q-r-b/	vb G suffc. 3 m. sg.	to approach	
158115	qrb	qrb/	qrb	n. m. sg. cstr. nom.	inside	
158116	hklh	hkl/+h	hkl	n. m. cstr. nom.	palace	
158117	ṣḥ	ṣḥ[	/ṣ-ḥ/	vb G impv. 2	to exclaim, shout	
# KTU 1.4 VI:46						
158118	šbˤm	šbˤm/	šbʕm	num.	1) seventy a) appositional syntagm	DULAT direct ref
158119	bn	bn(I)/	bn (I)	n. m. sg. cstr. nom.	2) son of DN a) in mythological texts	DULAT direct ref
158120	aṯrt	aṯr(t(II)/t	ảṯrt (II)	DN f. sg. abs. gen.	ʾAṯiratu/Athirat/Asherah/El’s wife	
# KTU 1.4 VI:47						
158121	špq	]š]pq[	/p-q/	vb Š suffc. 3 m. sg.	to supply, provide (with)	
158122	ilm	il(I)/m	ỉl (I)	n. m. pl. cstr. nom.	1) god e) classes and groups of gods	
158123	krm	krm/	krm	n. m. sg. cstr. gen.	vineyard	
158124	yn	yn/	yn	n. m. sg. abs. gen.	1) wine a) yn	
# KTU 1.4 VI:48						
158125	špq	]š]pq[	/p-q/	vb Š suffc. 3 m. sg.	to supply	
158126	ilht	il(t(I)/&ht	ỉlt (I)	n. f. pl. cstr. nom.	1) goddess b) classes and groups of goddesses	
158127	ḫprt	ḫpr(t/t	ḫprt	n. f. sg. cstr. gen.	ewe lamb	
158128	yn	yn/	yn	n. m. sg. abs. gen.	wine	
# KTU 1.4 VI:49						
158129	špq	]š]pq[	/p-q/	vb Š suffc. 3 m. sg.	to supply	
158130	ilm	il(I)/m	ỉl (I)	n. m. pl. cstr. nom.	god	
158131	alpm	alp(I)/m	ảlp (I)	n. m. pl. cstr. gen.	2) “bullock”	DULAT direct ref
158132	yn	yn/	yn	n. m. sg. abs. gen.	wine	
# KTU 1.4 VI:50						
158133	špq	]š]pq[	/p-q/	vb Š suffc. 3 m. sg.	to supply	
158134	ilht	il(t(I)/&ht	ỉlt (I)	n. f. pl. cstr. nom.	goddess	
158135	arḫt	arḫ/t	ảrḫ	n. f. sg. cstr. gen.	cow	
158136	yn	yn/	yn	n. m. sg. abs. gen.	wine	
# KTU 1.4 VI:51						
158137	špq	]š]pq[	/p-q/	vb Š suffc. 3 m. sg.	to supply	
158138	ilm	il(I)/m	ỉl (I)	n. m. pl. cstr. nom.	god	
158139	kḥṯm	kḥṯ/m	kḥṯ	n. m. pl. cstr. gen.	throne	
158140	yn	yn/	yn	n. m. sg. abs. gen.	wine	
# KTU 1.4 VI:52						
158141	špq	]š]pq[	/p-q/	vb Š suffc. 3 m. sg.	to supply	
158142	ilht	il(t(I)/&ht	ỉlt (I)	n. f. pl. cstr. nom.	goddess	
158143	ksat	ksa/t=	ks/śủ	n. f. pl. abs. gen.	seat	
# KTU 1.4 VI:53						
158144	špq	]š]pq[	/p-q/	vb Š suffc. 3 m. sg.	to supply	
158145	ilm	il(I)/m	ỉl (I)	n. m. pl. cstr. nom.	god	
158146	rḥbt	rḥb(t/t	rḥbt	n. f. sg. cstr. gen.	amphora	
158147	yn	yn/	yn	n. m. sg. abs. gen.	wine	
# KTU 1.4 VI:54						
158148	špq	]š]pq[	/p-q/	vb Š suffc. 3 m. sg.	to supply	
158149	ilht	il(t(I)/&ht	ỉlt (I)	n. f. pl. cstr. nom.	goddess	
158150	dkrt	dkrt/	dkrt	n. f. pl. cstr. gen.	bowl	
# KTU 1.4 VI:55						
158151	ˤd	ˤd(III)/	ʕd (III)	n. m. sg. abs. gen.	throne	
158151	ˤd	ˤd(II)/	ʕd (II)	n. m. sg. abs. gen.	time	
158152	lḥm	lḥm[:w	/l-ḥ-m/ (I)	vb G suffc. 3 m. pl.	1) to eat	DULAT direct ref
158153	šty	šty[	/š-t-y/	vb G suffc. 3 m. sg.	to drink	
158153	šty	šty[	/š-t-y/	vb G impv. 2	to drink	
158153	šty	!!šty[/	/š-t-y/	vb G inf.	to drink	
158154	ilm	il(I)/m	ỉl (I)	n. m. pl. abs. nom.	1) god b) activities of the gods	
# KTU 1.4 VI:56						
158155	w	w	w	conj.	3) in the correlation protasis-apodosis	
158156	pq	pq[	/p-q/	vb G suffc. 3 m. sg.	to obtain, acquire	
158156	pq	!!pq[/	/p-q/	vb G inf.	to obtain, acquire	
158157	mrġṯm	mrġṯ/+m(I)	mrġṯ	n. m. cstr. nom.	suckling	
158158	ṯd	ṯd/	ṯd	n. m. pl. cstr. nom.	1) breast	DULAT direct ref
158158	ṯd	ṯd/	ṯd	n. m. sg. abs. nom.	1) breast	DULAT direct ref
# KTU 1.4 VI:57						
158159	b	b	b	prep.	in	
158160	ḥrb	ḥrb/	ḥrb	n. f. sg. cstr. gen.	knife	
158161	mlḥt	mlḥ(t/t	mlḥt	n. f. sg. abs. gen.	salt	
158162	qṣ	qṣ/	qṣ	n. m. sg. cstr. nom.	end	
158162	qṣ	qṣ[	/q-ṣ(-ṣ)/	vb G suffc. 3 m. sg.	to carve	
158162	qṣ	!!qṣ[/	/q-ṣ(-ṣ)/	vb G inf.	to carve	
158163	mr	mr(I)/	mr (I)	n. m. sg. abs. nom.	myrrh	
158163	mr	mr(IV)/	mr (IV)	adj. m. sg. abs. nom.	valiant	
158163	mr	mr(II)/	mr (II)	adj. m. sg. abs. nom.	bitter	
158163	mr	mr(V)/	mr (V)	n. m. sg. cstr. nom.	son	
# KTU 1.4 VI:58						
158164	i	i(I)	ỉ (I)	interj.	woe	
158165	tšty	!t!šty[:w	/š-t-y/	vb G prefc. 3 m. pl.	to drink	
158166	krpnm	krpn/m	krpn	n. m. pl. cstr. nom.	cup	
158167	yn	yn/	yn	n. m. sg. abs. gen.	wine	
# KTU 1.4 VI:59						
158168	b	b	b	prep.	in	
158169	ks	ks(I)/	ks (I)	n. m. sg. cstr. gen.	cup	
158169	ks	ks/	ks/śm(n)	n. m. pl. cstr. gen.	emmer-corn	
158170	ḫrṣ	ḫrṣ/	ḫrṣ	n. m. sg. abs. gen.	gold	
158171	dm	dm(II)/	dm (II)	n. m. sg. abs. nom.	blood	
158171	dm	dm(I)	dm (I)	functor	since	
158172	ˤṣm	ˤṣ/m	ʕṣ	n. m. pl. abs. nom.	tree	
# KTU 1.4 VI:60						
158173	n	~n	-n (I)	encl. morph.		DULAT: NOT FOUND
158173	n		-n (IV)	vb	him/her/it	DULAT: NOT FOUND
# KTU 1.4 VI:61						
158174	t	/t, /t=				DULAT: NOT FOUND
158174	t	[t, [t=, [t==, [t===				DULAT: NOT FOUND
# KTU 1.4 VI:62						
158175	ṯ	ṯ	ṯ	→	?	
# KTU 1.4 VI:63						
158176	n	~n	-n (I)	encl. morph.		DULAT: NOT FOUND
158176	n		-n (IV)	vb	him/her/it	DULAT: NOT FOUND
# KTU 1.4 VI:64						
158177	xt	?	?	?	?	DULAT: NOT FOUND
# KTU 1.4 VI:65						
158178	x	?	?	?	?	
# KTU 1.4 VII:1						
158179	xxxxxx	?	?	?	?	
158180		?	?	?	?	
158181	iqnim	iqn(u&i/m	ỉqnủ	n. m. pl. abs. nom.	gem of lapis lazuli	
158182	xxx	?	?	?	?	
# KTU 1.4 VII:2						
158183	xxxxxx	?	?	?	?	
158184	aliyn	aliyn/	ảlỉyn	adj. m. sg. abs. nom.	The Very / Most Powerful	
158185	bˤl	bˤl(II)/	bʕl (II)	DN m. sg. abs. nom.	Baʿlu/Baal	
# KTU 1.4 VII:3						
158186	kxxxx	?	?	?	?	DULAT: NOT FOUND
158187	tk	tk/	tk	n. m. cstr. nom.	centre	
158188	mdd	mdd(I)/	mdd (I)	n. m. sg. cstr. gen.	beloved	
158189	il	il(I)/	ỉl (I)	DN m. sg. cstr. gen.	ʾIlu/Ilu/El	
158189	il	il(I)/	ỉl (I)	n. m. sg. cstr. gen.	god	
# KTU 1.4 VII:4						
158190	ym	ym(I)/	ym (I)	n. m. sg. abs. gen.	day	
158190	ym	ym(II)/	ym (II)	n. m. sg. abs. gen.	sea	
158191	xxxx	?	?	?	?	
158192		?	?	?	?	
158193	l	l(I)	l (I)	prep.	to	DULAT direct ref
158194	ẓr	ẓr(I)/	ẓr (I)	n. m. cstr. gen.	upon	
158195	qdqdh	qdqd/+h	qdqd	n. m. cstr. gen.	skull	
# KTU 1.4 VII:5						
158196	il	il(I)/	ỉl (I)	DN m. sg. cstr. nom.	ʾIlu/Ilu/El	
158196	il	il(I)/	ỉl (I)	DN m. sg. abs. nom.	ʾIlu/Ilu/El	
158196	il	il(I)/	ỉl (I)	n. m. sg. cstr. nom.	god	
158196	il	il(I)/	ỉl (I)	n. m. sg. abs. nom.	god	
158197	hd	hd/	hd(d)	DN sg. abs. nom.	Haddu/Hadad	
158198	b	b	b	prep.	in	
158199	rḥq	rḥq[	/r-ḥ-q/	vb G impv. 2	to go away	DULAT direct ref
158200	b	b	b	prep.	in	
158201	ġr	ġr(I)/	ġr (I)	n. m. sg. abs. gen.	mountain	DULAT direct ref
# KTU 1.4 VII:6						
158202	km	km	km	prep./conj./adv.		
158203	yxxx	?	?	?	?	DULAT: NOT FOUND
158204		?	?	?	?	
158205	ilm	il(I)/m	ỉl (I)	n. m. pl. abs. nom.	god	
158206	b	b	b	prep.	in	
158207	ṣpn	ṣpn/	ṣpn	TN/DN sg. abs. gen.	Ṣapānu/Zaphon/the mountain dwelling of bʕl deified	
# KTU 1.4 VII:7						
158208	ˤdr	?	?	?	?	DULAT: NOT FOUND
158209	l	l(I)	l (I)	prep.	to	DULAT direct ref
158210	ˤr	ˤr(I)/	ʕr (I)	n. f. sg. cstr. gen.	city	DULAT direct ref
158211	ˤrm	ˤr(I)/~m	ʕr (I)	n. f. sg. abs. gen.	city	DULAT direct ref
# KTU 1.4 VII:8						
158212	ṯb	ṯb[	/ṯ-b/	vb G suffc. 3 m. sg.	to return, turn round, go back, make one’s way, go through	
158212	ṯb	ṯb[	/ṯ-b/	vb G impv. 2	to return, turn round, go back, make one’s way, go through	
158213	l	l(I)	l (I)	prep.	to	DULAT direct ref
158214	pdr	pdr(I)/	pdr (I)	n. m. sg. cstr. gen.	town	DULAT direct ref
158215	pdrm	pdr(I)/m	pdr (I)	n. m. pl. abs. gen.	town	
# KTU 1.4 VII:9						
158216	ṯṯ	ṯṯ/	ṯṯ	num.	2) composite numbers	
158217	l	l(I)	l (I)	prep.	to	
158218	ṯṯm	ṯṯ&m/	ṯṯ	num. f.	2) composite numbers	
158218	ṯṯm	ṯṯm/	ṯṯm	num.	2) composite numbers	
158219	aḫd	(ʔ&aḫd[	/ʔ-ḫ-d(/ḏ)/	vb G suffc. 3 m. sg.	to collect, to take (back), grasp, seize, hold	
158220	ˤr	ˤr(I)/	ʕr (I)	n. f. sg. abs. nom.	city	DULAT direct ref
# KTU 1.4 VII:10						
158221	šbˤm	šbˤ(I)&m/	šbʕ (I)	num. f.	2) composite numbers b) tens	
158221	šbˤm	šbˤm/	šbʕm	num.	1) seventy c) in composite numbers	
158222	šbˤ	šbˤ(I)/	šbʕ (I)	num.	2) composite numbers b) tens	
158223	pdr	pdr(I)/	pdr (I)	n. m. sg. cstr. nom.	town	DULAT direct ref
158223	pdr	pdr(I)/	pdr (I)	n. m. sg. abs. nom.	town	DULAT direct ref
# KTU 1.4 VII:11						
158224	ṯmnym	ṯmnym/	ṯmnym	num.	eighty	
158225	bˤl	bˤl(II)/	bʕl (II)	n. m. pl. cstr. nom.	Baʿlu/Baal	
158225	bˤl	bˤl(II)/	bʕl (II)	n. m. sg. abs. nom.	Baʿlu/Baal	
158226	mḫṣ	!!mḫṣ[/	/m-ḫ-ṣ/	vb G inf.	to wound	
158226	mḫṣ	mḫṣ[/	/m-ḫ-ṣ/	vb G act. ptcpl. m. sg. abs. nom.	to wound	
158226	mḫṣ	mḫṣ(II)/	mḫṣ (II)	n. m. sg. abs. nom.	striking instrument	
# KTU 1.4 VII:12						
158227	tšˤm	tšˤm/	tšʕm	num.	ninety	
158228	bˤl	bˤl(II)/	bʕl (II)	n. m. pl. cstr. nom.	Baʿlu/Baal	
158228	bˤl	bˤl(II)/	bʕl (II)	n. m. sg. abs. nom.	Baʿlu/Baal	
158229	mrr	?	?	?	?	DULAT: NOT FOUND
# KTU 1.4 VII:13						
158230	b	b	b	prep.	in	
158231	bt	b(t(I)/t	bt (I)	n. f. sg. abs. gen.	daughter	
158232	ˤrb	ˤrb[:w	/ʕ-r-b/ (I)	vb G suffc. 3 m. pl.	1) to enter	
158233	bˤl	bˤl(II)/	bʕl (II)	n. m. pl. cstr. nom.	Baʿlu/Baal	
158233	bˤl	bˤl(II)/	bʕl (II)	n. m. sg. abs. nom.	Baʿlu/Baal	
158234	b	b	b	prep.	in	
158235	qrb	qrb/	qrb	n. m. sg. cstr. gen.	1) inside	DULAT direct ref
# KTU 1.4 VII:14						
158236	bt	bt(II)/	bt (II)	n. m. sg. abs. gen.	1) house	DULAT direct ref
158237	w	w	w	conj.	and	
158238	yˤn	!y!ˤn(y(I)[	/ʕ-n-y/ (I)	vb G prefc. 3 m. sg.	to answer	
158238	yˤn	!y!ˤn[	/ʕ-n/	vb G prefc. 3 m. sg.	to see	
158238	yˤn	!y!ˤn[:pass	/ʕ-n/	vb Dpass prefc. 3 m. sg.	to see	
158238	yˤn	!y!ˤn(w[	/ʕ-n-w/	vb G prefc. 3 m. sg.	to be / remain depressed, humbled	
158238	yˤn	!y!ˤn(w[:pass	/ʕ-n-w/	vb Dpass prefc. 3 m. sg.	to humiliate	
158239	aliyn	aliyn/	ảlỉyn	adj. m. sg. abs. nom.	The Very / Most Powerful	
# KTU 1.4 VII:15						
158240	bˤl	bˤl(II)/	bʕl (II)	DN m. sg. abs. nom.	Baʿlu/Baal	
158241	aštm	!(ʔ&a!št[m	/š-t/	vb G prefc. 1 c. sg.	to place, set, set up, leave	
158242	kṯr	kṯr(III)/	kṯr (III)	DN/element sg. abs. nom.	Koṯaru/Kothar	
158243	bn	b+n	b	prep.	2) temporal situation a) time when something happens	DULAT direct ref
# KTU 1.4 VII:16						
158244	ym	ym(I)/	ym (I)	n. m. sg. cstr. nom.	1) day a) as a date	DULAT direct ref
158244	ym	ym(I)/	ym (I)	n. m. sg. abs. nom.	1) day a) as a date	DULAT direct ref
158245	kṯr	kṯr(III)/	kṯr (III)	DN/element sg. abs. nom.	Koṯaru/Kothar	
158246	bnm	b&nm	b	prep.	in	
158246	bnm	bn(I)/m	bn (I)	n. m. pl. abs. nom.	son	
158247	ˤdt	ˤd(t(II)/t	ʕdt (II)	n. f. sg. abs. nom.	date	DULAT direct ref
# KTU 1.4 VII:17						
158248	yptḥ	!y!(]n]ptḥ[	/p-t-ḥ/	vb N prefc. 3 m. sg.	to be opened	
158249	ḥln	ḥln/	ḥln	n. m. sg. abs. nom.	window	
158250	b	b	b	prep.	in	
158251	bhtm	bht(II)/m	bt (II)	n. m. pl. cstr. gen.	2) palace	
# KTU 1.4 VII:18						
158252	urbt	urb(t/t	ủrbt	n. f. sg. abs. gen.	window	
158253	b	b	b	prep.	in	
158254	qrb	qrb[	/q-r-b/	vb G suffc. 3 m. sg.	to approach	
158254	qrb	qrb/	qrb	n. m. sg. cstr. nom.	inside	
158255	hkl	hkl/	hkl	n. m. sg. abs. nom.	palace	
# KTU 1.4 VII:19						
158256	m	m	m(h)	pers. pn.	what?	
158257	w	w	w	conj.	and	
158258	yptḥ	!y!ptḥ[	/p-t-ḥ/	vb G prefc. 3 m. sg.	to open	
158259	bdqt	bdq(t/t	bdqt	n. f. sg. cstr. nom.	fissure	
158260	ˤrpt	ˤrp(t/t	ʕrpt	n. f. sg. abs. gen.	cloud(s)	DULAT direct ref
158260	ˤrpt	ˤrp(t/t=	ʕrpt	n. f. pl. abs. gen.	cloud(s)	DULAT direct ref
# KTU 1.4 VII:20						
158261	ˤl	ˤl(I)	ʕl (I)	prep.	2) relationship of cause a) according to	DULAT direct ref
158262	hwt	hw(t(I)/t	hwt (I)	n. f. sg. cstr. gen.	word	
158263	kṯr	kṯr(III)/	kṯr (III)	DN/element sg. abs. gen.	Koṯaru/Kothar	
158264	w	w	w	conj.	and	
158265	ḫss	ḫss/	ḫss	DN/element sg. abs. nom.	Ḫasisu/Khasis	
# KTU 1.4 VII:21						
158266	ṣḥq	ṣḥq[	/ṣ-ḥ-q/	vb G suffc. 3 m. sg.	to laugh	
158266	ṣḥq	!!ṣḥq[/	/ṣ-ḥ-q/	vb G inf.	to laugh	
158267	kṯr	kṯr(III)/	kṯr (III)	DN/element sg. abs. nom.	Koṯaru/Kothar	
158268	w	w	w	conj.	and	
158269	ḫss	ḫss/	ḫss	DN/element sg. abs. nom.	Ḫasisu/Khasis	
# KTU 1.4 VII:22						
158270	yšu	!y!(nš(ʔ[&u	/n-š-ʔ/	vb G prefc. 3 m. sg.	to raise	
158271	gh	g/+h	g	n. m. sg. cstr. nom.	(loud) voice	
158272	w	w	w	conj.	and	
158273	yṣḥ	!y!ṣḥ[	/ṣ-ḥ/	vb G prefc. 3 m. sg.	to exclaim	
# KTU 1.4 VII:23						
158274	l	l(II)	l (II)	adv.	no	
158275	rgmt	rgm[t	/r-g-m/	vb G suffc. 1 c. sg.	to say	
158276	lk	l(I)+k	l (I)	prep.	to	
158277	l	l(IV)	l (IV)	interj.	oh!	
158278	ali	?	?	?	?	DULAT: NOT FOUND
# KTU 1.4 VII:24						
158279	yn	yn/	yn	n. m. sg. cstr. nom.	wine	
158280	bˤl	bˤl(II)/	bʕl (II)	n. m. pl. abs. gen.	Baʿlu/Baal	
158280	bˤl	bˤl(II)/	bʕl (II)	n. m. sg. abs. gen.	Baʿlu/Baal	
158281	tṯbn	!t!ṯb[n	/ṯ-b/	vb G prefc.	to return, turn round, go back, make one’s way, go through	
158281	tṯbn	tṯbn[	/ṯ-b/	vb G suffc. 3 m. sg.	to return, turn round, go back, make one’s way, go through	
158282	bˤl	bˤl(II)/	bʕl (II)	n. m. pl. cstr. nom.	Baʿlu/Baal	
158282	bˤl	bˤl(II)/	bʕl (II)	n. m. sg. abs. nom.	Baʿlu/Baal	
# KTU 1.4 VII:25						
158283	l	l(I)	l (I)	prep.	to	
158284	hwty	hw(t(I)/t+y	hwt (I)	n. f. sg. cstr. gen.	word	
158285	yptḥ	!y!(]n]ptḥ[	/p-t-ḥ/	vb N prefc. 3 m. sg.	to be opened	
158286	ḥ	ḥ/	ḥ	n. m. abs. nom.	life	
# KTU 1.4 VII:26						
158287	ln	l(I)+n	l (I)	prep.	to	
158288	b	b	b	prep.	in	
158289	bhtm	bht(II)/m	bt (II)	n. m. pl. cstr. gen.	house	
158290	urbt	urb(t/t	ủrbt	n. f. sg. abs. gen.	window	
# KTU 1.4 VII:27						
158291	b	b	b	prep.	in	
158292	qrb	qrb[	/q-r-b/	vb G suffc. 3 m. sg.	to approach	
158292	qrb	qrb/	qrb	n. m. sg. cstr. nom.	inside	
158293	hklm	hkl/+m(I)	hkl	n. m. cstr. nom.	palace	
158294	yptḥ	!y!ptḥ[	/p-t-ḥ/	vb G prefc. 3 m. sg.	to open	
158294	yptḥ	!y!(]n]ptḥ[	/p-t-ḥ/	vb N prefc. 3 m. sg.	to be opened	
# KTU 1.4 VII:28						
158295	bˤl	bˤl(II)/	bʕl (II)	n. m. pl. cstr. nom.	Baʿlu/Baal	
158295	bˤl	bˤl(II)/	bʕl (II)	n. m. sg. cstr. nom.	Baʿlu/Baal	
158296	bdqt	bdq(t/t	bdqt	n. f. sg. cstr. gen.	fissure	
158297	ˤrpt	ˤrp(t/t	ʕrpt	n. f. sg. cstr. gen.	cloud(s)	
158297	ˤrpt	ˤrp(t/t=	ʕrpt	n. f. pl. cstr. gen.	cloud(s)	
# KTU 1.4 VII:29						
158298	qlh	ql(I)/+h	ql (I)	n. m. cstr. gen.	4) the thunderous “voice” (said of Baal’s voice)	DULAT direct ref
158299	qdš	qdš(I)/	qdš (I)	adj. m. sg. abs. nom.	1) holy	DULAT direct ref
158300	bˤl	bˤl(II)/	bʕl (II)	n. m. pl. cstr. nom.	Baʿlu/Baal	
158300	bˤl	bˤl(II)/	bʕl (II)	n. m. sg. abs. nom.	Baʿlu/Baal	
158301	ytn	!y!(ytn[	/y-t-n/	vb G prefc. 3 m. sg.	to give, hand over, grant, bestow	
158301	ytn	ytn[	/y-t-n/	vb G suffc. 3 m. sg.	to give, hand over, grant, bestow	
# KTU 1.4 VII:30						
158302	yṯny	!y!ṯny[	/ṯ-n-y/	vb G prefc. 3 m. sg.	to repeat, reiterate	
158302	yṯny	&yṯny[	/ṯ-n-y/	vb G suffc. 3 m. sg.	to repeat, reiterate	
158303	bˤl	bˤl(II)/	bʕl (II)	n. m. pl. cstr. nom.	Baʿlu/Baal	
158303	bˤl	bˤl(II)/	bʕl (II)	n. m. sg. abs. nom.	Baʿlu/Baal	
158304	ṣat	!!ṣat[/	/y-ṣ-ʔ/	vb G inf.	to go out	
158305		?	?	?	?	
158306	špth	šp(t/t+h	špt	n. f. sg. cstr. nom.	lip	
# KTU 1.4 VII:31						
158307	qlh	ql(I)/+h	ql (I)	n. m. cstr. nom.	voice	
158308	qdš	qdš(II)/	qdš (II)	n. m. sg. abs. nom.	sanctuary	
158308	qdš	qdš(I)/	qdš (I)	adj. m. sg. abs. nom.	holy	
158309	trr	trr[	/t-r-r/	vb	to make tremble	
158310	arṣ	arṣ/	ảrṣ	n. f. sg. abs. nom.	2) the world	
# KTU 1.4 VII:32						
158311	ṣat	!!ṣat[/	/y-ṣ-ʔ/	vb G inf.	to go out	
158312	špth	šp(t/t+h	špt	n. f. sg. cstr. nom.	lip	
158313	ġrm	ġr(I)/m	ġr (I)	n. m. pl. abs. nom.	mountain	
158314	aḫšn	!(ʔ&a!ḫš[n	/ḫ-š/	vb G prefc. 1 c. sg.	to tremble, be alarmed	
# KTU 1.4 VII:33						
158315	rtq	rtq[	/r-t-q/	vb G pass. ptcpl. m. sg. abs. nom.	to tie up / close	
158316	xxxxxxxx	?	?	?	?	
# KTU 1.4 VII:34						
158317	qdmym	qdmy/m	qdmy	adj. m. pl. abs. nom.	ancient	
158318	bmt	bm(t/t	bmt	n. f. sg. cstr. nom.	2) height	DULAT direct ref
158318	bmt	bm(t/t=	bmt	n. f. pl. cstr. nom.	2) height	DULAT direct ref
158319	arṣ	arṣ/	ảrṣ	n. f. sg. abs. gen.	3) lower world	
# KTU 1.4 VII:35						
158320	tṭṭn	!t!(nṭṭ[+n	/n-ṭ-ṭ/	vb G prefc.	to shake	
158321	ib	ib(I)/	ỉb (I)	n. m. sg. cstr. nom.	enemy	DULAT direct ref
158322	bˤl	bˤl(II)/	bʕl (II)	n. m. pl. abs. gen.	Baʿlu/Baal	DULAT direct ref
158322	bˤl	bˤl(II)/	bʕl (II)	n. m. sg. abs. gen.	Baʿlu/Baal	DULAT direct ref
158323	tiḫd	!t!(ʔ&iḫd[	/ʔ-ḫ-d(/ḏ)/	vb G prefc.	to collect, to take (back), grasp, seize, hold	
# KTU 1.4 VII:36						
158324	yˤrm	yˤr(II)/m	yʕr (II)	n. m. pl. cstr. nom.	wood	
158325	šnu	šnu/	šnủ	n. m. pl. cstr. gen.	enemy	
158326	hd	hd/	hd(d)	DN sg. cstr. gen.	Haddu/Hadad	
158327	gpt	gp(I)/t	gp (I)	n. f. sg. cstr. gen.	2) slope	
# KTU 1.4 VII:37						
158328	ġr	ġr(I)/	ġr (I)	n. m. sg. abs. gen.	mountain	DULAT direct ref
158329	w	w	w	conj.	and	
158330	yˤn	!y!ˤn(y(I)[	/ʕ-n-y/ (I)	vb G prefc. 3 m. sg.	to answer	
158330	yˤn	!y!ˤn[	/ʕ-n/	vb G prefc. 3 m. sg.	to see	
158330	yˤn	!y!ˤn[:pass	/ʕ-n/	vb Dpass prefc. 3 m. sg.	to see	
158330	yˤn	!y!ˤn(w[	/ʕ-n-w/	vb G prefc. 3 m. sg.	to be / remain depressed, humbled	
158330	yˤn	!y!ˤn(w[:pass	/ʕ-n-w/	vb Dpass prefc. 3 m. sg.	to humiliate	
158331	aliyn	aliyn/	ảlỉyn	adj. m. sg. abs. nom.	The Very / Most Powerful	
# KTU 1.4 VII:38						
158332	bˤl	bˤl(II)/	bʕl (II)	DN m. sg. cstr. nom.	Baʿlu/Baal	DULAT direct ref
158333	ib	ib(I)/	ỉb (I)	n. m. sg. abs. gen.	enemy	
158333	ib	ib(II)/	ỉb (II)	n. m. abs. gen.	fruit	
158333	ib	ib(II)/	ỉb (II)	n. m. sg. abs. gen.	fruit	
158334	hdxt	?	?	?	?	DULAT: NOT FOUND
158335	lm	l(I)~m	l (I)	prep.	to	
158336	tḫš	!t!ḫš[	/ḫ-š/	vb G prefc.	to tremble, be alarmed	
# KTU 1.4 VII:39						
158337	lm	l(I)~m	l (I)	prep.	to	
158338	tḫš	!t!ḫš[	/ḫ-š/	vb G prefc.	to tremble	
158339	nṯq	nṯq/	nṯq	n. m. sg. cstr. nom.	missiles	
158340	dmrn	dmrn/	dmrn	DN sg. cstr. gen.	the Powerful One/Valiant One/title of Baal	
# KTU 1.4 VII:40						
158341	ˤn	ˤn(I)/	ʕn (I)	n. f. du. cstr. gen.	1) eye a) ʕn bʕl qdm ydh the eye(/s) of DN precede(s) his hands	DULAT direct ref
158341	ˤn	ˤn(I)/	ʕn (I)	n. f. sg. cstr. gen.	1) eye a) ʕn bʕl qdm ydh the eye(/s) of DN precede(s) his hands	DULAT direct ref
158342	bˤl	bˤl(II)/	bʕl (II)	n. m. pl. abs. gen.	Baʿlu/Baal	
158342	bˤl	bˤl(II)/	bʕl (II)	n. m. sg. abs. gen.	Baʿlu/Baal	
158343	qdm	qdm[:d:w	/q-d-m/	vb D suffc. 3 m. pl.	to precede	
158344	ydh	yd(I)/+h	yd (I)	n. f. cstr. nom.	1) hand a) yrḥṣ ydh ảmth he washed his hands up to the elbow	
# KTU 1.4 VII:41						
158345	k	k(III)	k (III)	Subordinating or completive functor	when	DULAT direct ref
158346	tġḏ	]t]ġḏ[:d	/ġ-ḏ-y/	vb tD suffc.	to shoot, leap	
158347	arz	arz(I)/	ảrz (I)	n. m. sg. abs. nom.	2) staff	
158348	b	b	b	prep.	in	
158349	ymnh	ymn(I)/+h	ymn (I)	n. m. cstr. gen.	1) right (side) a) right (hand)	
# KTU 1.4 VII:42						
158350	bkm	bkm	bkm	adv.	next	DULAT direct ref
158351	yṯb	!y!(yṯb[	/y-ṯ-b/	vb G prefc. 3 m. sg.	to sit down	
158351	yṯb	yṯb[	/y-ṯ-b/	vb G suffc. 3 m. sg.	to sit down	
158351	yṯb	yṯb[/	/y-ṯ-b/	vb G act. ptcpl. m. sg. abs. nom.	to sit down	
158352	bˤl	bˤl(II)/	bʕl (II)	n. m. pl. cstr. nom.	Baʿlu/Baal	
158352	bˤl	bˤl(II)/	bʕl (II)	n. m. sg. abs. nom.	Baʿlu/Baal	
158353	l	l(I)	l (I)	prep.	to	DULAT direct ref
158354	bhth	b&ht(II)/+h	bt (II)	n. m. cstr. gen.	2) palace	
# KTU 1.4 VII:43						
158355	u	u	ủ	conj.	1) or b) disj. use in a correlative	
158356	mlk	mlk(I)/	mlk (I)	n. m. sg. abs. nom.	1) king b) contrasted with “non-king”	
158357	u	u	ủ	conj.	1) or b) disj. use in a correlative	
158358	bl	bl(I)	bl (I)	adv. or emph. functor	no	DULAT direct ref
158359	mlk	mlk(I)/	mlk (I)	n. m. sg. cstr. nom.	1) king b) contrasted with “non-king”	
# KTU 1.4 VII:44						
158360	arṣ	arṣ/	ảrṣ	n. f. sg. cstr. gen.	2) the world	
158361	drkt	drk(t/t	drkt	n. f. sg. abs. gen.	rule	
158362	yštkn	!y!š]t]kn[	/š-k-n/	vb Gt prefc. 3 m. sg.	to establish oneself	
# KTU 1.4 VII:45						
158363	dll	dll(I)/	dll (I)	n. m. sg. abs. nom.	courier	
158364	al	al(II)	ảl (II)	pos. functor	surely	DULAT direct ref
158365	ilak	!(ʔ&i!l(ʔ&ak[	/l-ʔ-k/	vb G prefc. 1 c. sg.	to send (a message)	
158366	l	l(I)	l (I)	prep.	to	DULAT direct ref
158367	bn	bn(I)/	bn (I)	n. m. cstr. gen.	son	
158367	bn	bn(I)/	bn (I)	n. m. sg. cstr. gen.	son	
# KTU 1.4 VII:46						
158368	ilm	il(I)/m	ỉl (I)	n. m. pl. cstr. gen.	god	
158369	mt	mt(II)/	mt (II)	DN m. sg. cstr. gen.	Mot/Death	DULAT direct ref
158369	mt	mt(II)/	mt (II)	n. m. sg. cstr. gen.	2) DN < “Death” a) passim in 1.5. and 1.6	DULAT direct ref
158370	ˤdd	ˤdd(I)/	ʕdd (I)	n. m. sg. abs. gen.	herald	
158371	l	l(I)	l (I)	prep.	to	
158372	ydd	ydd(I)/	ydd (I)	adj. m. sg. abs. gen.	loved	
# KTU 1.4 VII:47						
158373	il	il(I)/	ỉl (I)	DN m. sg. cstr. nom.	ʾIlu/Ilu/El	
158373	il	il(I)/	ỉl (I)	n. m. sg. cstr. nom.	god	
158374	ġzr	ġzr/	ġzr	n. m. sg. abs. gen.	lad	
158375	yqra	!y!qr(ʔ[&a	/q-r-ʔ/	vb G prefc. 3 m. sg.	to call, shout, invite	
158376	mt	mt(II)/	mt (II)	DN m. sg. abs. nom.	Mot/Death	
158376	mt	mt(II)/	mt (II)	n. m. sg. abs. nom.	death	
158376	mt	mt[	/m-t/	vb G suffc. 3 m. sg.	to die	
158376	mt	mt[/	/m-t/	vb G ptcpl. m. sg. abs. nom.	to die	
158376	mt	mt(III)/	mt (III)	n. m. pl. cstr. nom.	man	
158376	mt	mt(III)/	mt (III)	n. m. sg. abs. nom.	man	
158376	mt	mt(I)/	mt (I)	n. m. sg. abs. nom.	dead person	
# KTU 1.4 VII:48						
158377	b	b	b	prep.	in	
158378	npšh	npš(I)/+h	npš (I)	n. f. cstr. gen.	4) soul	
158379	ystrn	!y!s]t]r[n	/s-r/	vb Gt prefc. 3 m. sg.	to exult inwardly	
158380	ydd	ydd(I)/	ydd (I)	adj. m. sg. abs. nom.	loved	
# KTU 1.4 VII:49						
158381	b	b	b	prep.	in	
158382	gngnh	gngn/+h	gngn	n. m. sg. cstr. gen.	insides	
158383	aḥdy	aḥd/+y	ảḥd	adj. cstr. nom.	2) adv	
158384	d	d	d	det. or rel. functor	2) which	
158385	ym	ym(I)/	ym (I)	n. m. sg. cstr. nom.	day	
158385	ym	ym(I)/	ym (I)	n. m. sg. abs. nom.	day	
158385	ym	ym(II)/	ym (II)	n. m. sg. abs. nom.	sea	
# KTU 1.4 VII:50						
158386	lk	l(I)+k	l (I)	prep.	to	
158387	ˤl	ˤl(I)	ʕl (I)	prep.	1) spatial location or pre-eminence a) upon	DULAT direct ref
158388	ilm	il(I)/m	ỉl (I)	n. m. pl. abs. gen.	1) god c) object or purpose of an action	
158389	l	l(III)	l (III)	functor	certainly	DULAT direct ref
158390	ymru	!y!mr(ʔ[&u	/m-r-ʔ/	vb G prefc. 3 m. sg.	to fatten	
# KTU 1.4 VII:51						
158391	ilm	il(I)/m	ỉl (I)	n. m. pl. abs. nom.	1) god a) as a class	
158392	w	w	w	conj.	1) copulative conj.	
158393	nšm	nš(m/m	nšm	n. m. pl. abs. nom.	people	
158394	d	d	d	det. or rel. functor	2) which	
158395	yšb	yšb/	yšb	n. m. sg. abs. nom.	resident	
# KTU 1.4 VII:52						
158396	ˤ	?	?	?	?	DULAT: NOT FOUND
158397	hmlt	hml(t/t=	hmlt	n. f. pl. cstr. nom.	multitude	
158398	arṣ	arṣ/	ảrṣ	n. f. sg. cstr. gen.	earth	
158399	gm	g/~m	g	n. m. sg. abs. gen.	(loud) voice	DULAT direct ref
158400	l	l(I)	l (I)	prep.	to	DULAT direct ref
158401	ġ	?	?	?	?	DULAT: NOT FOUND
# KTU 1.4 VII:53						
158402	lmh	l(I)&m+h	l (I)	prep.	to	
158402	lmh	lm(II)+h	lm (II)	interr. pn.	why?	
158403	bˤl	bˤl(II)/	bʕl (II)	n. m. pl. cstr. nom.	Baʿlu/Baal	
158403	bˤl	bˤl(II)/	bʕl (II)	n. m. sg. abs. nom.	Baʿlu/Baal	
158404	k	k(III)	k (III)	Subordinating or completive functor	when	
158405	yṣḥ	!y!ṣḥ[	/ṣ-ḥ/	vb G prefc. 3 m. sg.	to exclaim, shout	
158406	ˤn	ˤn[	/ʕ-n/	vb G impv. 2	to see, look (at), watch, spy	DULAT direct ref
# KTU 1.4 VII:54						
158407	gpn	gpn(I)/	gpn (I)	n. m. sg. abs. nom.	(vine-)stock	
158407	gpn	gpn(II)/	gpn (II)	n. m. sg. abs. nom.	harness	
158408	w	w	w	conj.	and	
158409	ugr	ugr(II)/	ủgr (II)	DN sg. abs. nom.	Ugar/one of the two messenger-boys of Baal	DULAT direct ref
158410	bn	b+n	b	prep.	in	
158410	bn	bn(I)/	bn (I)	n. m. sg. cstr. nom.	son	
158410	bn	bn(I)/	bn (I)	n. m. sg. abs. nom.	son	
158410	bn	bn(II)	bn (II)	prep.	between	
158410	bn	bn[	/b-n/	vb G suffc. 3 m. sg.	to understand	
158410	bn	bn[	/b-n/	vb G impv. 2	to understand	
158411	ġlmt	ġlm(t(I)/t	ġlmt (I)	n. f. sg. abs. nom.	damsel	
158411	ġlmt	ġlm(t(II)/t	ġlmt (II)	n. f. sg. abs. nom.	concealment	
# KTU 1.4 VII:55						
158412	ˤmm	ˤm(I)~m	ʕm (I)	prep.	to	
158413	ym	ym(I)/	ym (I)	n. m. sg. cstr. nom.	day	
158413	ym	ym(I)/	ym (I)	n. m. sg. abs. nom.	day	
158413	ym	ym(II)/	ym (II)	n. m. sg. abs. nom.	sea	
158414	bn	b+n	b	prep.	1) spatial location a) place in which something occurs	DULAT direct ref
158415	ẓlmt	ẓlm(t/t	ẓlmt	n. f. sg. abs. nom.	darkness	
158416	r	?	?	?	?	DULAT: NOT FOUND
# KTU 1.4 VII:56						
158417	mt	mt(II)/	mt (II)	DN m. sg. abs. nom.	Mot/Death	
158417	mt	mt(II)/	mt (II)	n. m. sg. abs. nom.	death	
158417	mt	mt[	/m-t/	vb G suffc. 3 m. sg.	to die	
158417	mt	mt[/	/m-t/	vb G ptcpl. m. sg. abs. nom.	to die	
158417	mt	mt(III)/	mt (III)	n. m. pl. cstr. nom.	man	
158417	mt	mt(III)/	mt (III)	n. m. sg. abs. nom.	man	
158417	mt	mt(I)/	mt (I)	n. m. sg. abs. nom.	dead person	
158418	prˤt	prˤt/	prʕt	n. f. pl. cstr. nom.	height	
158419	ibr	ibr(II)/	ỉbr (II)	n. m. pl. cstr. gen.	wing	DULAT direct ref
158420	mnt	mn(t(I)/t	mnt (I)	n. f. sg. abs. gen.	1) portion	
# KTU 1.4 VII:57						
158421	ṣḥrrm	ṣḥrr[~m	/ṣ-ḥ-r-r/	vb G suffc.	to roast	
158422	ḥblm	ḥbl(I)/m	ḥbl (I)	n. m. pl. abs. nom.	2) band	
158423	b	b	b	prep.	in	
158424	ˤrpt	ˤrp(t/t	ʕrpt	n. f. sg. abs. gen.	cloud(s)	DULAT direct ref
158424	ˤrpt	ˤrp(t/t=	ʕrpt	n. f. pl. abs. gen.	cloud(s)	DULAT direct ref
# KTU 1.4 VII:58						
158425	xxxxxxxxxx	?	?	?	?	
158426		?	?	?	?	
158427	tḥt	tḥt(I)	tḥt (I)	prep.	4) among	
# KTU 1.4 VII:59						
158428	xxxxxxxxxxm	?	?	?	?	DULAT: NOT FOUND
# KTU 1.4 VII:60						
158429	xxxxxxxxxxt	?	?	?	?	DULAT: NOT FOUND
# KTU 1.4 VIII:1						
158430	idk	idk	ỉdk	narrative adv. functor	then	
158431	al	al(II)	ảl (II)	pos. functor	surely	DULAT direct ref
158432	ttn	!t!(ytn[:w	/y-t-n/	vb G prefc. 3 m. pl.	to give	
158433	pnm	pn(m/m	pnm	n. m. pl. abs. nom.	1) face	
# KTU 1.4 VIII:2						
158434	ˤm	ˤm(I)	ʕm (I)	prep.	to	
158435	ġr	ġr(I)/	ġr (I)	n. m. sg. cstr. gen.	mountain	DULAT direct ref
158436	trġzz	trġzz/	trġzz	TN sg. abs. gen.	trġzz	
# KTU 1.4 VIII:3						
158437	ˤm	ˤm(I)	ʕm (I)	prep.	to	
158438	ġr	ġr(I)/	ġr (I)	n. m. sg. cstr. gen.	mountain	
158438	ġr	ġr(III)/	ġr (III)	n. m. sg. cstr. gen.	skin	
158439	ṯrmg	ṯrmg/	ṯrmg	TN sg. abs. gen.	ṯrmg	
# KTU 1.4 VIII:4						
158440	ˤm	ˤm(I)	ʕm (I)	prep.	to	
158441	tlm	tl(I)/m	tl (I)	n. m. pl. cstr. gen.	hill	DULAT direct ref
158442	ġṣr	ġṣr/	ġṣr	n. m. sg. cstr. gen.	limit	
158443	arṣ	arṣ/	ảrṣ	n. f. sg. abs. gen.	2) the world	
# KTU 1.4 VIII:5						
158444	ša	(nš(ʔ[&a	/n-š-ʔ/	vb G impv. 2	to raise, lift, help up	
158445	ġr	ġr(I)/	ġr (I)	n. m. sg. abs. nom.	mountain	
158446	ˤl	ˤl(I)	ʕl (I)	prep.	upon	
158447	ydm	yd(I)/m	yd (I)	n. f. pl. cstr. nom.	1) hand a) yrḥṣ ydh ảmth he washed his hands up to the elbow	
# KTU 1.4 VIII:6						
158448	ḫlb	ḫlb(I)/	ḫlb (I)	n. m. sg. abs. gen.	massif	
158449	l	l(I)	l (I)	prep.	to	
158450	ẓr	ẓr(I)/	ẓr (I)	n. m. cstr. gen.	upon	
158451	rḥtm	rḥt/m	rḥt	n. f. pl. abs. gen.	palm of the hand	
# KTU 1.4 VIII:7						
158452	w	w	w	conj.	and	
158453	rd	(yrd[	/y-r-d/	vb G impv. 2	to go down, descend	
158454	bt	bt(II)/	bt (II)	n. m. sg. cstr. nom.	1) house	DULAT direct ref
158455	ḫpṯt	ḫpṯ(t/t	ḫpṯt	n. f. sg. cstr. gen.	?	
# KTU 1.4 VIII:8						
158456	arṣ	arṣ/	ảrṣ	n. f. sg. abs. gen.	4) the underworld	
158457	tspr	!t!spr[	/s-p-r/	vb G prefc. 3 f. sg.	to count	
158457	tspr	!t=!spr[	/s-p-r/	vb G prefc. 2 m. sg.	to count	
158457	tspr	!t==!spr[	/s-p-r/	vb G prefc. 2 f. sg.	to count	
158457	tspr	!t!spr[	/s-p-r/	vb G prefc. 3 m. du.	to count	
158457	tspr	!t!spr[:w	/s-p-r/	vb G prefc. 3 m. pl.	to count	
158457	tspr	!t===!spr[	/s-p-r/	vb G prefc. 2 m. pl.	to count	
158457	tspr	!t!spr[:d	/s-p-r/	vb D prefc. 3 f. sg.	to count	
158457	tspr	!t=!spr[:d	/s-p-r/	vb D prefc. 2 m. sg.	to count	
158457	tspr	!t==!spr[:d	/s-p-r/	vb D prefc. 2 f. sg.	to count	
158457	tspr	!t!spr[:d	/s-p-r/	vb D prefc. 3 m. du.	to count	
158457	tspr	!t!spr[:d:w	/s-p-r/	vb D prefc. 3 m. pl.	to count	
158457	tspr	!t===!spr[:d	/s-p-r/	vb D prefc. 2 m. pl.	to count	
158458	b	b	b	prep.	4) relation of accompaniment and instrumental a) company	
158459	y	~y	-y (II)	prep. functor	indeed	
158459	y	y	y	prep. functor	oh!	
# KTU 1.4 VIII:9						
158460	rdm	(yrd[+m(I)	/y-r-d/	vb G impv. 2	to go down	
158461	arṣ	arṣ/	ảrṣ	n. f. sg. abs. nom.	4) the underworld	
# KTU 1.4 VIII:10						
158462	idk	idk	ỉdk	narrative adv. functor	then	
158463	al	al(I)	ảl (I)	neg. functor	no	
158463	al	al(II)	ảl (II)	pos. functor	surely	
158464	ttn	!t!(ytn[:w	/y-t-n/	vb G prefc. 3 m. pl.	to give	
# KTU 1.4 VIII:11						
158465	pnm	pn(m/m	pnm	n. m. pl. cstr. nom.	face	
158466	tk	tk/	tk	n. m. cstr. gen.	2) to	
158467	qrth	qr(t(I)/t+h	qrt (I)	n. f. sg. cstr. gen.	1) city	
# KTU 1.4 VIII:12						
158468	hmry	hmry/	hmry	TN sg. abs. nom.	Fangosa	
158469	mk	mk(I)/	mk (I)	n. m. sg. abs. nom.	large puddle	DULAT direct ref
158470	ksu	?	?	?	?	DULAT: NOT FOUND
# KTU 1.4 VIII:13						
158471	ṯbth	ṯb(t/t+h	ṯbt	n. f. sg. cstr. nom.	seat	
158472	ḫḫ	ḫḫ/	ḫḫ	n. m. sg. abs. nom.	mire	
158473	arṣ	arṣ/	ảrṣ	n. f. sg. abs. nom.	earth	
# KTU 1.4 VIII:14						
158474	nḥlth	nḥl(t/t+h	nḥlt	n. f. sg. cstr. nom.	property	
158475	w	w	w	conj.	and	
158476	nġr	!n!(nġr[	/n-ġ-r/	vb G impv. 1 c. pl.	to protect, guard	
158476	nġr	nġr[/	/n-ġ-r/	vb G act. ptcpl. m. sg. abs. nom.	to protect, guard	
# KTU 1.4 VIII:15						
158477	ˤnn	ˤnn/	ʕnn	n. m. sg. cstr. nom.	2) herald	DULAT direct ref
158478	ilm	il(I)/m	ỉl (I)	n. m. pl. abs. gen.	god	
158479	al	al(I)	ảl (I)	neg. functor	no	DULAT direct ref
# KTU 1.4 VIII:16						
158480	tqrb	!t!qrb[:w	/q-r-b/	vb G prefc. 3 m. pl.	to approach	
158480	tqrb	!t!(]n]qrb[:w	/q-r-b/	vb N prefc. 3 m. pl.	to be on the point of, be close to	
158481	l	l(I)	l (I)	prep.	to	DULAT direct ref
158482	bn	bn(I)/	bn (I)	n. m. cstr. gen.	son	
158482	bn	bn(I)/	bn (I)	n. m. sg. cstr. gen.	son	
158483	ilm	il(I)/m	ỉl (I)	n. m. pl. abs. gen.	god	
# KTU 1.4 VIII:17						
158484	mt	mt(II)/	mt (II)	DN m. sg. abs. nom.	Mot/Death	
158484	mt	mt(II)/	mt (II)	n. m. sg. abs. nom.	death	
158484	mt	mt[	/m-t/	vb G suffc. 3 m. sg.	to die	
158484	mt	mt[/	/m-t/	vb G ptcpl. m. sg. abs. nom.	to die	
158484	mt	mt(III)/	mt (III)	n. m. pl. cstr. nom.	man	
158484	mt	mt(III)/	mt (III)	n. m. sg. abs. nom.	man	
158484	mt	mt(I)/	mt (I)	n. m. sg. abs. nom.	dead person	
158485	al	al(I)	ảl (I)	neg. functor	no	DULAT direct ref
158486	yˤdbkm	!y!ˤdb[+km	/ʕ-d-b/	vb G prefc. 3 m. sg.	to leave > to put in > to place	
# KTU 1.4 VIII:18						
158487	k	k(I)	k (I)	prep.	like	DULAT direct ref
158488	imr	imr(I)/	ỉmr (I)	n. m. sg. abs. gen.	lamb	
158489	b	b	b	prep.	in	
158490	ph	p(III)/+h	p (III)	n. m. cstr. gen.	1) mouth	
# KTU 1.4 VIII:19						
158491	k	+k	-k (I)			
158491	k	~k	-k (II)			
158491	k	k(III)	k (III)	Subordinating or completive functor	when	
158491	k	k(I)	k (I)	prep.	like	
158491	k	k(II)	k (II)	emph. functor	yes	
158492	lli	ll(u&i/	llủ	n. m. sg. abs. nom.	suckling (lamb or kid)	
158493	b	b	b	prep.	in	
158494	ṯbrn	ṯbrn(I)/	ṯbrn (I)	n. m. sg. cstr. gen.	opening	
# KTU 1.4 VIII:20						
158495	qnh	qn/+h	qn	n. m. cstr. gen.	2) name of part of the body a) windpipe	
158496	tḫtan	!t!(]n]ḫt(ʔ[&an	/ḫ-t-ʔ/	vb N prefc.	to be ground up, crushed, annihilated	
# KTU 1.4 VIII:21						
158497	nrt	nr(t(I)/t	nrt (I)	n. f. sg. cstr. nom.	lantern	
158497	nrt	nr(t(II)/t	nrt (II)	n. f. sg. cstr. nom.	ploughed land	
158498	ilm	il(I)/m	ỉl (I)	n. m. pl. cstr. gen.	god	
158499	špš	špš/	špš	DN f. sg. abs. gen.	Šapšu/Shapsh/Shapshu	
158499	špš	špš/	špš	n. f. sg. abs. gen.	sun	
# KTU 1.4 VIII:22						
158500	ṣḥrrt	ṣḥrr[t	/ṣ-ḥ-r-r/	vb G suffc. 1 c. sg.	to roast	
158501	la	la/	lả	n. m. sg. cstr. nom.	power	
# KTU 1.4 VIII:23						
158502	šmm	šm(m(I)/m	šmm (I)	n. m. pl. abs. gen.	1) heavens	
158503	b	b	b	prep.	in	
158504	yd	yd(I)/	yd (I)	n. f. sg. cstr. gen.	1) hand c) force	DULAT direct ref
158505	md	md(II)/	md (II)	n. m. abs. gen.	skilled	
# KTU 1.4 VIII:24						
158506	d	d	d	det. or rel. functor	the one(s) of	
158507	ilm	il(I)/m	ỉl (I)	n. m. pl. cstr. nom.	god	
158508	mt	mt(II)/	mt (II)	DN m. sg. abs. gen.	Mot/Death	DULAT direct ref
158508	mt	mt(II)/	mt (II)	n. m. sg. abs. gen.	2) DN < “Death” a) passim in 1.5. and 1.6	DULAT direct ref
158509	b	b	b	prep.	in	
158510	a	?	?	?	?	DULAT: NOT FOUND
# KTU 1.4 VIII:25						
158511	lp	?	?	?	?	DULAT: NOT FOUND
158512	šd	šd(I)/	šd (I)	n. m. sg. cstr. nom.	open field	
158512	šd	šd(I)/	šd (I)	n. m. sg. abs. nom.	open field	
158512	šd	šd(II)/	šd (II)	n. m. sg. abs. nom.	a strip	
158513	rbt	rb(I)/t	rb (I)	adj. f. sg. abs. nom.	great	
158513	rbt	rb(t/t	rb(b)t	num. sg.	ten thousand	
158513	rbt	rb(t(I)/t	rbt (I)	n. f. sg. abs. nom.	Lady	
158513	rbt	rb(t(II)/t	rbt (II)	n. f. sg. abs. nom.	seine	
158514	k	+k	-k (I)			
158514	k	~k	-k (II)			
158514	k	k(III)	k (III)	Subordinating or completive functor	when	
158514	k	k(I)	k (I)	prep.	like	
158514	k	k(II)	k (II)	emph. functor	yes	
# KTU 1.4 VIII:26						
158515	mn	mn(IV)	mn (IV)	?	?	
158516	l	l(I)	l (I)	prep.	to	
158517	pˤn	pˤn/	pʕn	n. f. abs. gen.	at the feet of	
158518	mt	mt(II)/	mt (II)	DN m. sg. abs. nom.	Mot/Death	
158518	mt	mt(II)/	mt (II)	n. m. sg. abs. nom.	death	
158518	mt	mt[	/m-t/	vb G suffc. 3 m. sg.	to die	
158518	mt	mt[/	/m-t/	vb G ptcpl. m. sg. abs. nom.	to die	
158518	mt	mt(III)/	mt (III)	n. m. pl. cstr. nom.	man	
158518	mt	mt(III)/	mt (III)	n. m. sg. abs. nom.	man	
158518	mt	mt(I)/	mt (I)	n. m. sg. abs. nom.	dead person	
# KTU 1.4 VIII:27						
158519	hbr	hbr[	/h-b-r/	vb G impv. 2	to bow	
158520	w	w	w	conj.	and	
158521	ql	ql[	/q-l/	vb G suffc. 3 m. sg.	to fall (down)	
158521	ql	ql[	/q-l/	vb G impv. 2	to fall (down)	
158521	ql	ql(I)/	ql (I)	n. m. sg. abs. nom.	voice	
# KTU 1.4 VIII:28						
158522	tštḥwy	!t!]š]]t]ḥwy(II)[	/ḥ-w-y/ (II)	vb Št prefc.	to prostrate oneself	
158523	w	w	w	conj.	and	
158524	k	+k	-k (I)			
158524	k	~k	-k (II)			
158524	k	k(III)	k (III)	Subordinating or completive functor	when	
158524	k	k(I)	k (I)	prep.	like	
158524	k	k(II)	k (II)	emph. functor	yes	
# KTU 1.4 VIII:29						
158525	bd	b&d	b	prep.	in	
158526	hwt	hw(t(I)/t	hwt (I)	n. f. sg. abs. gen.	word	
158527	w	w	w	conj.	and	
158528	rgm	rgm[	/r-g-m/	vb G suffc. 3 m. sg.	to say, tell, announce, communicate, inform	DULAT direct ref
158528	rgm	rgm[	/r-g-m/	vb G impv. 2	to say, tell, announce, communicate, inform	DULAT direct ref
158528	rgm	!!rgm[/	/r-g-m/	vb G inf.	to say, tell, announce, communicate, inform	DULAT direct ref
# KTU 1.4 VIII:30						
158529	l	l(I)	l (I)	prep.	to	DULAT direct ref
158530	bn	b+n	b	prep.	in	
158530	bn	bn(I)/	bn (I)	n. m. sg. cstr. nom.	son	
158530	bn	bn(I)/	bn (I)	n. m. sg. abs. nom.	son	
158530	bn	bn(II)	bn (II)	prep.	between	
158530	bn	bn[	/b-n/	vb G suffc. 3 m. sg.	to understand	
158530	bn	bn[	/b-n/	vb G impv. 2	to understand	
158531	x	?	?	?	?	
158532	ilm	il(I)/m	ỉl (I)	n. m. pl. abs. nom.	god	
158533	mt	mt(II)/	mt (II)	DN m. sg. abs. nom.	Mot/Death	
158533	mt	mt(II)/	mt (II)	n. m. sg. abs. nom.	death	
158533	mt	mt[	/m-t/	vb G suffc. 3 m. sg.	to die	
158533	mt	mt[/	/m-t/	vb G ptcpl. m. sg. abs. nom.	to die	
158533	mt	mt(III)/	mt (III)	n. m. pl. cstr. nom.	man	
158533	mt	mt(III)/	mt (III)	n. m. sg. abs. nom.	man	
158533	mt	mt(I)/	mt (I)	n. m. sg. abs. nom.	dead person	
# KTU 1.4 VIII:31						
158534	ṯny	ṯny[	/ṯ-n-y/	vb G suffc. 3 m. sg.	to repeat, reiterate	
158534	ṯny	ṯny[	/ṯ-n-y/	vb G impv. 2	to repeat, reiterate	
158534	ṯny	!!ṯny[/	/ṯ-n-y/	vb G inf.	to repeat, reiterate	
158535	l	l(I)	l (I)	prep.	to	
158536	ydd	ydd(I)/	ydd (I)	adj. m. sg. abs. gen.	loved	
# KTU 1.4 VIII:32						
158537	il	il(I)/	ỉl (I)	DN m. sg. cstr. nom.	ʾIlu/Ilu/El	
158537	il	il(I)/	ỉl (I)	n. m. sg. cstr. nom.	god	
158538	ġzr	ġzr/	ġzr	n. m. sg. cstr. gen.	lad	
158539	tḥm	tḥm/	tḥm	n. m. sg. abs. gen.	message	
# KTU 1.4 VIII:33						
158540	aliyn	aliyn/	ảlỉyn	adj. m. sg. abs. nom.	The Very / Most Powerful	
158541	bˤl	bˤl(II)/	bʕl (II)	DN m. sg. cstr. nom.	Baʿlu/Baal	
# KTU 1.4 VIII:34						
158542	hwt	hw(t(I)/t	hwt (I)	n. f. sg. abs. gen.	word	
158543	aliy	aliy/	ảlỉy	adj. m. sg. cstr. nom.	The Most Powerful	
158544	q	?	?	?	?	DULAT: NOT FOUND
# KTU 1.4 VIII:35						
158545	rdm	(yrd[+m(I)	/y-r-d/	vb G impv. 2	to go down	
158546	bhty	b&ht(II)/+y	bt (II)	n. m. cstr. nom.	house	
158547	bnt	b&nt(I)/	bt (I)	n. f. pl. abs. nom.	daughter	
158547	bnt	b&nt(I)/	bt (I)	n. f. pl. cstr. nom.	daughter	
158547	bnt	bn(t(II)/t	bnt (II)	n. f. sg. cstr. nom.	produce	
158547	bnt	bn(t(I)/t	bnt (I)	n. f. sg. abs. nom.	masonry	
158547	bnt	bnt(III)/	bnt (III)	n. m. sg. abs. nom.	tamarisk	
# KTU 1.4 VIII:36						
158548	dt	d+t	d	det. or rel. functor	the one(s) of	
158549	ksp	ksp/	ksp	n. m. sg. abs. nom.	silver	
158550	rmmt	?	?	?	?	DULAT: NOT FOUND
# KTU 1.4 VIII:37						
158551	dt	d+t	d	det. or rel. functor	the one(s) of	
158552	ḫrṣ	ḫrṣ/	ḫrṣ	n. m. sg. cstr. nom.	gold	
158553	hkly	hkl/+y	hkl	n. m. cstr. gen.	palace	
# KTU 1.4 VIII:38						
158554	aḫy	aḫ(I)/+y	ảḫ (I)	n. m. cstr. nom.	brother (by blood)	
# KTU 1.4 VIII:39						
158555	aḫy	aḫ(I)/+y	ảḫ (I)	n. m. cstr. nom.	brother (by blood)	
# KTU 1.4 VIII:40						
158556		?	?	?	?	
158557	bhty	b&ht(II)/+y	bt (II)	n. m. cstr. nom.	house	
# KTU 1.4 VIII:41						
158558		?	?	?	?	
158559	qrb	qrb[	/q-r-b/	vb G suffc. 3 m. sg.	to approach	
158559	qrb	qrb/	qrb	n. m. sg. cstr. nom.	inside	
# KTU 1.4 VIII:42						
158560		?	?	?	?	
158561	ṣḥt	ṣḥ[t	/ṣ-ḥ/	vb G	to exclaim, shout	
# KTU 1.4 VIII:43						
158562		?	?	?	?	
158563	mt	mt(II)/	mt (II)	DN m. sg. abs. nom.	Mot/Death	
158563	mt	mt(II)/	mt (II)	n. m. sg. abs. nom.	death	
158563	mt	mt[	/m-t/	vb G suffc. 3 m. sg.	to die	
158563	mt	mt[/	/m-t/	vb G ptcpl. m. sg. abs. nom.	to die	
158563	mt	mt(III)/	mt (III)	n. m. pl. cstr. nom.	man	
158563	mt	mt(III)/	mt (III)	n. m. sg. abs. nom.	man	
158563	mt	mt(I)/	mt (I)	n. m. sg. abs. nom.	dead person	
# KTU 1.4 VIII:44						
158564		?	?	?	?	
158565	bn	bn(I)/	bn (I)	n. m. cstr. nom.	son	
158565	bn	bn(I)/	bn (I)	n. m. sg. cstr. nom.	son	
158566	ilm	il(I)/m	ỉl (I)	n. m. pl. abs. gen.	god	
# KTU 1.4 VIII:45						
158567		?	?	?	?	
158568	ymru	!y!mr(ʔ[&u	/m-r-ʔ/	vb G prefc. 3 m. sg.	to fatten	
158569	yd	yd(I)/	yd (I)	n. f. sg. cstr. nom.	5) used as a preposition	DULAT direct ref
# KTU 1.4 VIII:46						
158570		?	?	?	?	
158571	ġzr	ġzr/	ġzr	n. m. sg. cstr. gen.	lad	
# KTU 1.4 VIII:47						
158572		?	?	?	?	
158573	gpn	gpn(I)/	gpn (I)	n. m. sg. abs. gen.	(vine-)stock	
158573	gpn	gpn(II)/	gpn (II)	n. m. sg. abs. gen.	harness	
158574	w	w	w	conj.	and	
158575	ugr	ugr(II)/	ủgr (II)	DN sg. abs. nom.	Ugar/one of the two messenger-boys of Baal	
158575	ugr	ugr(I)/	ủgr (I)	n. m. abs. nom.	field	
# KTU 1.4 VIII:48						
158576	t	/t, /t=				DULAT: NOT FOUND
158576	t	[t, [t=, [t==, [t===				DULAT: NOT FOUND
# KTU 1.4 VIII:49						
158577	spr	spr[	/s-p-r/	vb G suffc. 3 m. sg.	to count, number	DULAT direct ref
158577	spr	!!spr[/	/s-p-r/	vb G inf.	to count, number	DULAT direct ref
158577	spr	spr[:d	/s-p-r/	vb D suffc. 3 m. sg.	to recite	DULAT direct ref
158577	spr	spr[:d:w	/s-p-r/	vb D suffc. 3 m. pl.	to recite	DULAT direct ref
158577	spr	!!spr[/	/s-p-r/	vb D inf.	to recite	DULAT direct ref
158578	ilmlk	ilmlk/	ỉlmlk	PN sg. cstr. nom.	ʾIlimalku/Ilimilku/Elimelek	
158579	ṯˤy	ṯˤy(I)/	ṯʕy (I)	n. m. sg. cstr. gen.	minister	
158579	ṯˤy	ṯˤy[/	/ṯ-ʕ-y/	vb G act. ptcpl. m. sg. cstr. gen.	to offer	
158580	nqmd	nqmd/	nqmd	PN sg. cstr. gen.	Niqmaddu	
158581	mlk	mlk(I)/	mlk (I)	n. m. sg. cstr. gen.	king	
158582	ugrt	ugrt/	ủgrt	TN sg. abs. gen.	Ugarit	
